:020000040000FA
:10000000FFFFFFFFFFFFFFFFFFFFFFFFFFFFFFFF00
:100010005599AA660C8500E004008C85C0018C828D
:10002000BC008C8690778C43200008C90C8700F3B5
:100030000C83008104000400040004000400040098
:100040000400040004000400040004000400040090
:10005000040004000400CC813C138C8110812C84AA
:1000600000004C8000F88C87FFFFCC8400A0CC827D
:100070000020CC8080004C8600004C8100004C8524
:1000800000004C8300004C870000CC85D847CC434F
:1000900000000000040004000C44000000000C8577
:1000A00000800A06004019B50000000000000000B2
:1000B0000000000000000000000000000000000040
:1000C0000000000000000000000000000000000030
:1000D0000000000000000000000000000000000020
:1000E00000000000000000000000081000000000F8
:1000F0000000000000000000000000000000000000
:1001000000000000000000000000000000000000EF
:1001100000000000000000000000000000000000DF
:1001200000000000000000000000000000000000CF
:1001300000000000000000000000000000000000BF
:1001400000000000000000000000000000000000AF
:10015000000000000000000000000000000000009F
:10016000000000000000000000000000004000004F
:10017000004000000000000000000000000000003F
:10018000000000000000000000000000000000006F
:10019000000000000000000000000000000000005F
:1001A000000000000000000000000000000000004F
:1001B000000000000000000000000000000000003F
:1001C000000000000000000000000000000000002F
:1001D000000000000000000000000000000000001F
:1001E000000000000000000000000000000000000F
:1001F00000000020000000000000000000000000DF
:1002000000000000000000000000000000000000EE
:1002100000000000000000000000000000000000DE
:1002200000000000000000000000000000000000CE
:100230000000000000002500000000000000000099
:1002400000000000000000000000000000000000AE
:10025000000000000000000000000000000000009E
:1002600000000800000000801000000000000000F6
:10027000000000000000000000000000020000007C
:1002800000050020D0006800000000000000000011
:10029000000000000000000000000000000000005E
:1002A000000000000000000000000000000000004E
:1002B000020000000000000000000000000000003C
:1002C000000000000000000000000000000000002E
:1002D000000000000000000000000000000000001E
:1002E000000000000000000000000000000000000E
:1002F00000000000000000000000000000000000FE
:1003000000000000000000000000000000000000ED
:1003100000000000000000000000000000000000DD
:1003200000000000000000000000000000000000CD
:1003300000000000000000000000000000000000BD
:1003400000000000000000000000000000000000AD
:10035000000000000000000000000000000000009D
:10036000000000000000000000000000000000008D
:10037000000000000000000000000000000000007D
:10038000000000000000000000000000000000006D
:10039000000000000000000000000000000000005D
:1003A000000000000000000000000000000000004D
:1003B000000000000000000000000000000000003D
:1003C000000000000000000000000000000000002D
:1003D000000000000000000000000000000000001D
:1003E000000000000000000000000000000000000D
:1003F00000000000000000000000000000000000FD
:1004000000000000000000000000000000000000EC
:1004100000000000000000000000000002100000CA
:100420000000000008400000000000000000000084
:1004300000000000000000000000000000000000BC
:1004400000000000000000000000000000000000AC
:10045000000000000000000000000000000000009C
:10046000000000000000000000000000000000008C
:10047000000000000000000000000000000000007C
:10048000000000000000000000000000000000006C
:1004900000000000000000000000000000000180DB
:1004A00000000000000001800000000000000000CB
:1004B000000000000000000000000000000000003C
:1004C000000000000000000000000000000000002C
:1004D000000000000000000000000000000000001C
:1004E000000000000000000000000000000000000C
:1004F00000000000000000000000000000000000FC
:1005000000000000000000000000000000000000EB
:1005100000000000000000000000000000000000DB
:1005200000000000000000000000000000000000CB
:1005300000000000000000000000000000000000BB
:1005400000000000000000000000000000000000AB
:10055000000000000000000000000000000000009B
:10056000000000000000000000000000000000008B
:10057000000000000000000000000000000000007B
:10058000000000000000000000000000000000006B
:10059000000000000000000000000000000000005B
:1005A000000000000000000000000000000000004B
:1005B000000000000000000000000000000000003B
:1005C0000800000000000000000000000000000023
:1005D000000000000000000000000000000000001B
:1005E000000000000000000000000000000000000B
:1005F00000000000000000000000000000000000FB
:1006000000000000000000000000000000000000EA
:1006100000000000000000000000000000000000DA
:1006200000000000000000000000000000000000CA
:1006300000000000000000000000000000000000BA
:10064000000008000000A0000800A000080008004A
:100650000800C000A0001000080008000000000012
:10066000000000000000000000000000000000008A
:10067000000000000000000000000000000000007A
:10068000000000000000000000000000000000006A
:10069000000000000000000000000000000000005A
:1006A000000000000000000000000000000000004A
:1006B000000000000000000000000000000000003A
:1006C000000000000000000000000000000000002A
:1006D00000000000410000000000000000000000D9
:1006E000000000000000000000000000000000000A
:1006F00000000000000000000000000000000000FA
:1007000000000000000000000000000000000000E9
:1007100000000000000000000000000000000000D9
:1007200000000000000000000000000000000000C9
:1007300000000000000000000000000000000000B9
:1007400000000000000000000000000000000000A9
:100750000000000000000000000000000000000099
:100760000000000000000000000000000000000089
:100770000000000000000000000000000000000079
:100780000000000000000000000000000000000069
:100790000000000000000000000000000000000059
:1007A0000000000000000000000000000000000049
:1007B0000000000000000000000000000000000039
:1007C0000000000000000000000000000000000029
:1007D00000000000000000004100000000000000D8
:1007E0000000000000000000000000000000000009
:1007F00000000000000000000000000000000000F9
:1008000000000000000000000000000000000000E8
:1008100000000000000000000000000000000000D8
:1008200000000000000000000000000000000000C8
:1008300000000000000000000000000000000000B8
:1008400000000000000000000000000000000000A8
:10085000000000000000A000A00000000000000058
:1008600082008400A000100000000000A000000032
:100870000000000000000000000000000000000078
:100880000000000000000000000000000000000068
:100890000000000000000000000000000000000058
:1008A0000000000000000000000000000000000048
:1008B0000000000000000000000000000000000038
:1008C0000000000000000000000000000000000028
:1008D0000000000000000000000000000000000018
:1008E0000000000000000000000000000000000008
:1008F00000000000000000000000000000000000F8
:1009000000000000000000000000000000000000E7
:1009100000000000000000000000000000000000D7
:1009200000000000000000000000000000000000C7
:1009300000000000000000000000000000000000B7
:1009400000000000000000000000000000000000A7
:100950000000000000000000000000000000000097
:100960000000000000000000000000000000000087
:100970000000000000000000000000000000000077
:100980000000000000000000000000000000000067
:100990000000000000000000000000000000000057
:1009A0000000000000000000000000000000000047
:1009B0000000000000000000000000000000000037
:1009C0000000000000000000000000000000000027
:1009D0000000000000000000000000000000000017
:1009E0000000000000000000000000000000000007
:1009F00000000000000000000000000000000000F7
:100A000000000000000000000000000000000000E6
:100A100000000000000000000000000000000000D6
:100A200000000000000000000000000000000000C6
:100A300000000000000000000000000000000000B6
:100A400000000000000000000000000000000000A6
:100A50000000000000000000000000000000000096
:100A60000000000000000000000000000000000086
:100A70000000000000000000000000000000000076
:100A80000000000000000000000000000000000066
:100A90000000000000000000000000000000000056
:100AA0000000000000000000000000000000000046
:100AB0000000000000000000000000000000000036
:100AC0000000000000000000000000000000000026
:100AD0000000000000000000000000000000000016
:100AE0000000000000000000000000000000000006
:100AF00000000000000000000000000000000000F6
:100B000000000000000000000000000000000000E5
:100B100000000000000000000000000000000000D5
:100B200000000000000000000000000000000000C5
:100B300000000000000000000000000000000000B5
:100B400000000000000000000000000000000000A5
:100B50000000000000000000000000000000000095
:100B60000000000000000000000000000000000085
:100B70000000000000000000000000000000000075
:100B80000000000000000000000000000000000065
:100B90000000000000000000000000000000000055
:100BA0000000000000000000000000000000000045
:100BB0000000000000000000000000000000000035
:100BC0000000000000000000000000000000000025
:100BD0000000000000000000000000000000000015
:100BE0000000000000000000000000000000000005
:100BF00000000000000000000000000000000000F5
:100C000000000000000000000000000000000000E4
:100C100000000000000000000000000000000000D4
:100C200000000000000000000000000000000000C4
:100C300000000000000000000000000000000000B4
:100C400000000000000000000000000000000000A4
:100C50000000000000000000000000000000000094
:100C60000000000000000000000000000000000084
:100C70000000000000000000000000000000000074
:100C80000000000000000000000000000000000064
:100C90000000000000000000000000000000000054
:100CA0000000000000000000000000000000000044
:100CB0000000000000000000000000000000000034
:100CC0000000000000000000000000000000000024
:100CD0000000000000000000000000000000000014
:100CE0000000000000000000000000000000000004
:100CF00000000000000000000000000000000000F4
:100D000000000000000000000000000000000000E3
:100D100000000000000000000000000000000000D3
:100D200000000000000000000000000000000000C3
:100D300000000000000000000000000000000000B3
:100D400000000000000000000000000000000000A3
:100D50000000000000000000000000000000000093
:100D60000000000000000000000000000000000083
:100D70000000000000000000000000000000000073
:100D80000000000000000000000000000000000063
:100D90000000000000000000000000000000000053
:100DA0000000000000000000000000000000000043
:100DB0000000000000000000000000000000000033
:100DC0000000000000000000000000000000000023
:100DD0000000000000000000000000000000000013
:100DE0000000000000000000000000000000000003
:100DF00000000000000000000000000000000000F3
:100E000000000000000000000000000000000000E2
:100E100000000000000000000000000000000000D2
:100E200000000000000000000000000000000000C2
:100E300000000000000000000000000000000000B2
:100E400000000000000000000000000000000000A2
:100E50000000000000000000000000000000000092
:100E60000000000000000000000000000000000082
:100E70000000000000000000000000000000000072
:100E80000000000000000000000000000000000062
:100E90000000000000000000000000000000000052
:100EA0000000000000000000000000000000000042
:100EB0000000000000000000000000000000000032
:100EC000400000000000000240000000000000029E
:100ED00000000000000000000000000000008C0086
:100EE0000000000000000000000000000000000002
:100EF00000000000000000000000000000000000F2
:100F000000000000000000000000000000000000E1
:100F100000000000000000000000000000000000D1
:100F200000000000000000000000000000000000C1
:100F300000000000000000000000000000000000B1
:100F400000000000000000000000000000000000A1
:100F50000000000000000000000000000000000091
:100F60000000000000000000000000000000000081
:100F70000000000000000000000000000000000071
:100F80000000000000000000000000000000000061
:100F90000000000000000000000000000000000051
:100FA0000000000000000000000000000000000041
:100FB0000000000000000000000000000000000031
:100FC0000000000000000000000000000000000021
:100FD0000000000000000000000000000000000011
:100FE0000000000000000000000000000000000001
:100FF00000000000000000000000000000000000F1
:1010000000000000000000000000000000000000E0
:1010100000000000000000000000000000000000D0
:1010200000000000000000000000000000000000C0
:1010300000000000000000000000000000000000B0
:1010400000000000000000000000000000000000A0
:101050000000000000000000000000000000000090
:101060000000000000000000000000000000000080
:101070000000000000000000000000000000000070
:101080000000000000000000000000000000000060
:101090000000000000000000000000000000000050
:1010A0000000000000000000000000000000000040
:1010B0000000000000000000000000000000000030
:1010C0000000000000000000000000000000000020
:1010D0000000000000000000000000000000000010
:1010E0000000000000000000000000000000000000
:1010F00000000000000000000000000000000000F0
:1011000000000000000000000000000000000000DF
:1011100000000000000000000000000000000000CF
:1011200000000000000000000000000000000000BF
:1011300000000000000000000000000000000000AF
:10114000000000000000000000000000000000009F
:10115000000000000000000000000000000000008F
:10116000000000000000000000000000000000007F
:10117000000000000000000000000000000000006F
:10118000000000000000000000000000000000005F
:10119000000000000000000000000000000000004F
:1011A000000000000000000000000000000000003F
:1011B000000000000000000000000000000000002F
:1011C000000000000000000000000000000000908F
:1011D000000000000000009000000000000000007F
:1011E00000000000000000000000000000000200FD
:1011F00004000000000000000000000000000000EB
:1012000000000000020000000000000000000000DC
:1012100000000000000000000000000000000000CE
:1012200000000000000000000000000000000000BE
:1012300000000000000000000000000000000000AE
:10124000000000000000000000000000000000009E
:10125000000000000000000000000000000000008E
:10126000000000000000000000000000000000007E
:10127000000000000000000000000000000000006E
:10128000000000000000000000000000000000005E
:10129000000000000000000000000000000000004E
:1012A000000000000000000000000000000000003E
:1012B000000000000000000000000000000000002E
:1012C000000000000000000000000000000000001E
:1012D000000000000000000000000000000000000E
:1012E00000000000000000000000000000000000FE
:1012F0000004000000082000001020000000000092
:10130000004000000000000040000000000000005D
:1013100000000000000000010000000000000001CB
:1013200000000000000000000000000000000000BD
:1013300000000000000000000000000000000000AD
:10134000000000000000000000000000000000009D
:10135000000000000000000000000000000000008D
:10136000000000000000000000000000000000007D
:101370000210828002000080011000800100020043
:101380000210008000000000000001000000004189
:10139000000000000000000000400000000000000D
:1013A0000008000000000000000000000000000035
:1013B00000000080000000000000000000000000AD
:1013C000000000000000000000000000000000001D
:1013D000000000000000000000000000000000000D
:1013E00000000000000000000000000000000000FD
:1013F0000000018080A0000280C000A08002801058
:101400000004008800000040009000000000000080
:101410000000800000000000000400000000000048
:1014200000000000000000000000000000000000BC
:1014300000000000000000000000000000000000AC
:10144000000000000000000000000000000000009C
:10145000000000000000000000000000000000008C
:10146000000000000000000000000000000000007C
:101470000000000000002000008040000000088004
:1014800020800080080000000080000010000000A4
:1014900000000000080000000000008000000000C4
:1014A000000000000000000000000000000000003C
:1014B000000000000000000000000000000000002C
:1014C000000000000000000000000000000000001C
:1014D000000000000000000000000000000000000C
:1014E00000000000000000000000000000000000FC
:1014F0000000000000000000C10440004000C000E7
:1015000041014101080010202100210003010800D1
:101510000001100000902100000000000000000009
:1015200000000000000000000000000000000000BB
:1015300000000000000000000000000000000000AB
:10154000000000000000000000000000000000009B
:10155000000000000000000000000000000000008B
:10156000000000000000000000000000000000007B
:1015700000000000000000000000048001000105E0
:101580000500080800201000008000000000002076
:101590000040822000008200100000400200000095
:1015A0000000000082000000000000008400000035
:1015B000000010000000000000000000000000001B
:1015C000080000000000000000000000000008000B
:1015D000000000000000000000000000000000000B
:1015E00008000000000000000000000000000000F3
:1015F0000800000000000000000000001120209002
:101600000440210204A0084010C010024190214073
:10161000100005000400004003200000000010003E
:1016200010000000030000000000000000000000A7
:1016300000000000000000000000000000000000AA
:10164000000000000000000000000000000000009A
:10165000000000000000000000000000000000008A
:10166000000000000000000000000000000000007A
:10167000000000000000000000000000000000006A
:101680000100010000800100010000000080000056
:1016900000800000000000000080008000000000CA
:1016A000000000000000000000000000000000003A
:1016B000000000000000000000000000000000002A
:1016C000000000000000000000000000000000001A
:1016D000000000000000000000000000000000000A
:1016E00000000000000000000000000000000000FA
:1016F00000000000000000000000000000000000EA
:101700000000000402A0200483210401A040030281
:1017100010020000088485C0000000000300A10042
:101720000040020000900090000041000000000016
:1017300000000000000000000000000000000000A9
:101740000000000000000000000000000000000099
:101750000000000000000000000000000000000089
:101760000000000000000000000000000000000079
:101770000000000000000000000000000000000069
:101780000000A000088000000180048201102100F8
:10179000008084808400000004000000000000003D
:1017A000040000000000C0000000820000000000F3
:1017B0000000000000000000820010000000000097
:1017C0000000000000000000000000000000000019
:1017D0000000000000000000000000000000000009
:1017E00000000000000000000000000000000000F9
:1017F00000000000000000000000000000000000E9
:10180000000000000383890420850989400300113A
:1018100010029004A0C00080092041900384C0C140
:10182000900221C0000080000800000000000000BD
:1018300000000000000000000000000000000000A8
:101840000000000000000000000000000000000098
:101850000000000000000000000000000000000088
:101860000000000000000000000000000000000078
:101870000000000000000000000000000000000068
:101880000000000000000109C1C0A1090109C189CF
:10189000848401A189A0118310A000050010A10873
:1018A000111041C0010904004000000000000000C8
:1018B0000000000000000000000000000000000028
:1018C0000000000000000000000000000000000018
:1018D0000000000000000000000000000000000008
:1018E00000000000000000000000000000000000F8
:1018F00000000000000000000000000000000000E8
:1019000000000000000000008400C1890201A10164
:101910009101828409898289040105C00901880036
:10192000C101850505030302000000C1010001009B
:1019300000000100000000000000000000000000A6
:101940000000000000000000000000000000000097
:101950000000000000000000000000000000000087
:101960000000000000000000000000000000000077
:101970000000000000000000000000000000000067
:1019800000000000000000000000000909054041BF
:101990008311104011000821914010052080910210
:1019A0001105104082C12041104102000241200473
:1019B00040020800200004000200000000000000B7
:1019C0000000000000000000000000000000000017
:1019D0000000000000000000000000000000000007
:1019E00000000000000000000000000000000000F7
:1019F00000000000000000000000000000000000E7
:101A0000000000000000000000000000101180C075
:101A1000004108C000408800858080830521804106
:101A200091400205059000020520031000820090FD
:101A300009A080000000000000000000000000007D
:101A40000000000000000000000000000080000016
:101A50000000000000000000000000000000000086
:101A60000000000000000000000000000000000076
:101A70000000000000000000000000000000000066
:101A8000000000000000000000000000000001C095
:101A90000808020204C100838804831090830005B3
:101AA000A0C0410900A102410404040501A10008ED
:101AB00000C0004108A0000000000000000000007D
:101AC0000000000000000000000000000000008096
:101AD0000000000000000000000000000000000006
:101AE00000000000000000000000000000000000F6
:101AF00000000000000000000000000000000000E6
:101B000000000000000000000000000000000000D5
:101B10008302C108090000C00108C000A001A19112
:101B20004000820310019182820210091100A0027C
:101B300000000000000000000000000000000000A5
:101B40000000000000000000000000000000000095
:101B50000080000000000000000000000000000005
:101B60000000000000000000000000000000000075
:101B70000000000000000000000000000000000065
:101B80000000000000000000000000000000000055
:101B90000000830908C188024180049104081121D2
:101BA00011A0821011058911C1808904C18382416D
:101BB00011000200101004041000000000090008C9
:101BC0000000000000000000000000000000000015
:101BD0000000008000000000000000000000000085
:101BE00000000000000000000000000000000000F5
:101BF00000000000000000000000000000000000E5
:101C000000000000000000000000000000000000D4
:101C10000000000081810083C120210081810083B8
:101C2000C100006006000083000000601100008316
:101C3000C100418800820000C100000000000000D7
:101C40000000000000000000000000000000000094
:101C50000000000000000000000000000000000084
:101C60000000000000000000000000000000000074
:101C70000000000000000000000000000000000064
:101C80000000000000000000000000000000000054
:101C9000000000000000FF240000000080C0FFFFE3
:101CA000FFFF24246666FFFFFFFF00000000000026
:101CB000000000000000909090900C000C000000CC
:101CC0000000000000000000000000000000000014
:101CD0000000000000000000000000000000000004
:101CE00000000000000000000000000000000000F4
:101CF00000000000000000000000000000000000E4
:101D000000000000000000000000000000000000D3
:101D1000000000000000000024240F000000C0C0EC
:101D2000FFFF1F3F24240000FFFFFF7F0000008013
:101D30000000000000000000909090100C000C00CB
:101D40000000000000000000000000000000000093
:101D50000000000000000000000000000000000083
:101D60000000000000000000000000000000000073
:101D70000000000000000000000000000000000063
:101D80000000000000000000000000000000000053
:101D90000000000000000000000000000000000043
:101DA0000000000000000000000000000000000033
:101DB000000000080400601108000000000000009E
:101DC0000000000000000000000000000000000013
:101DD0000000000000000000000000000000000003
:101DE00000000000000000000000000000000000F3
:101DF00000000000000000000000000000000000E3
:101E000000000000000000000000000000000000D2
:101E100000000000000000000000000000000000C2
:101E20006060F0FF303000F000000000FFFFFFFFB7
:101E3000FFFFFFFF000000000000466500000000FB
:101E40003CFF3CDF00000000E4FCEFFD0000000070
:101E50000000000000000000000000000000000082
:101E60000000000000000000000000000000000072
:101E70000000000000000000000000000000000062
:101E80000000000000000000000000000000000052
:101E900000000000000000000000000000006000E2
:101EA00010006060000F303000F000000800FEFEFF
:101EB000FFFFFEFFFFFF00000000000065A500001F
:101EC000000076B96E9D00000000F8ECCFF1000034
:101ED0000000000000000000000000000000000002
:101EE00000000000000000000000000000000000F2
:101EF00000000000000000000000000000000000E2
:101F000000000000000000000000000000000000D1
:101F100000000000000000000000000000000000C1
:101F20000886044501800010000604040112000028
:101F300001860261018800000086004109830000DB
:101F400000860064E8B0000000000000000000000F
:101F50000000000000000000000000000000000081
:101F60000000000000000000000000000000000071
:101F70000000000000000000000000000000000061
:101F80000000000000000000000000000000000051
:101F900000000000000000000000000000900000B1
:101FA0000000FAFFFF5F00000000000000000C00CE
:101FB0007555FFFFFFFE0001000030000505080019
:101FC000000000000000200988240000000000003C
:101FD0000000000000000000000000000000000001
:101FE00000000000000000000000000000000000F1
:101FF00000000000000000000000000000000000E1
:1020000000000000000000000000000000000000D0
:1020100000000000000000000000000000000000C0
:1020200000000000FAFFFF5F000000201000100019
:102030000C003000FFFFFFFE000000003000000039
:10204000080008000000000024506B84000000001D
:102050000000000000000000000000000000000080
:102060000000000000000000000000000000000070
:102070000000000000000000000000000000000060
:102080000000000000000000000000000000000050
:102090000000000000000000000000000000000040
:1020A0000000000000000000000000000000000030
:1020B000008A28000000FFFFFF3E0000000400002F
:1020C000000200040000000000000000000000000A
:1020D0000000000000000000000000000000000000
:1020E00000000000000000000000000000000000F0
:1020F00000000000000000000000000000000000E0
:1021000000000000000000000000000000000000CF
:1021100000000000000000000000000000000000BF
:1021200040000000000000020000800000000001EC
:10213000000000AA00002000FF00FF3E0000000099
:10214000000000000000000000000000000000008F
:10215000000000000000000000000000000000007F
:10216000000000000000000000000000000000006F
:10217000000000000000000000000000000000005F
:10218000000000000000000000000000000000004F
:10219000000000000000000000000000000000003F
:1021A000000000000000000000000000000008081F
:1021B0000000000000000000040004000000030014
:1021C00004001100040000000400000000000000F2
:1021D00000000000000000000400000000000000FB
:1021E00000000000000000001100000002000000DC
:1021F00000000000110000000000040000000000CA
:1022000000000000000000000000000000000000CE
:1022100000000000000000000000000000000000BE
:102220000000000000000000000000000400880022
:102230000080000000000400040000000000000016
:10224000000000000000000000000000000000008E
:10225000000000000000000000000000000000007E
:10226000000000000000000000000000000001006D
:10227000000000000000000000000000000000005E
:10228000000000000000000000000000000000004E
:10229000000000000000000000000000000000003E
:1022A000000000000000000000000000000000002E
:1022B0000000000100010400000000000000000117
:1022C0000000000100C0000000000000000100004C
:1022D00000000000000000000000000000010000FD
:1022E000000000000001000000000000800000006D
:1022F00000000000000000000000000000001000CE
:1023000000000000000000000000000000000008C5
:1023100000000000000000000000000000000000BD
:1023200000000000000000000000000000000000AD
:1023300000110000004000080400820000000010AE
:10234000A0040000000400100000000000000408C9
:1023500000000000000000210200A00000000008B2
:102360000000000000000008000000000000020063
:1023700000800000000000000000000000000000DD
:102380000100000000000000000800000000000044
:10239000000000000000000000000000000000003D
:1023A000000000000000000000000000000000002D
:1023B000000000A0000000880000000000C000082D
:1023C00000C0000000050002000200000000000044
:1023D00000000000000400050000002000000000D4
:1023E00000000000000000000010000000000000DD
:1023F000000000000000000000000000000000904D
:1024000000000000000000000000000000000000CC
:1024100000000000000000000000000000000000BC
:1024200000000000000000000000000000000000AC
:1024300000000000002184051041C0108400C0008D
:1024400088C10003C000C0821080C080100000005E
:102450001009C0210000008010820000000000115F
:102460000000000900000000004000000000000023
:10247000000000000000000000000000000000005C
:10248000000000000000000000000000000000004C
:10249000000000000000000000000000000000003C
:1024A000000000000000000000000000000000002C
:1024B00000000000000002A0410008A0030010007E
:1024C00021090001410000004100100000404100CE
:1024D0001000034010400000000010000000000049
:1024E00000000800080000000540109010001000D7
:1024F0001084000010000000000000000000000038
:1025000000000000000000020000000000000000C9
:10251000000000000000100010000000000000009B
:10252000000000000000410000000000000000006A
:102530000000000000000000000000001000880003
:10254000100010C00010000010000000000000800B
:10255000000000000080108000000000000000006B
:10256000C000020000000000100000000000000099
:10257000000000410000100000000000000000000A
:102580008200C00008000000008000000000000081
:10259000000000000000000000000000000000003B
:1025A000000010000800000084000000000000008F
:1025B000000000000000000000000800108409A0D6
:1025C00000000000008810000000000300058003E8
:1025D000820100C000000000410009000000080264
:1025E0000004000041000000410000000000100055
:1025F0000000210003C04100000000000588418860
:1026000020000000000008000000000000000000A2
:10261000000000000000000000200000000000009A
:1026200000000000000000000000080000000000A2
:10263000000000000000000000000000C000C00317
:1026400010051000C0000041000300210084C08478
:10265000208240048403C0001009C0210000C00093
:10266000108084800000C000000000000000000016
:10267000000000000000000000000000000000005A
:10268000000000000000000000000000000000004A
:10269000000000000000000000000000000000003A
:1026A000000000000000000000000000000000002A
:1026B00000000000000000000000000000001040CA
:1026C000000002C002000209900000400200410424
:1026D00005000800410310000000109021000000D8
:1026E000000008000040000002000000000100009F
:1026F00002000000000010000000000000000000C8
:10270000054041000800000000000000000000003B
:1027100000000000000000000000000000000000B9
:102720000000000000002100000000000000000088
:102730004100000000000000000000000000000058
:1027400000000000020001008288020000801000EA
:102750000280000000000084000000000000000073
:102760000000000000000040A00000000000100277
:102770000000A00000000000100000000000001198
:10278000000000000000000000000000C000004049
:1027900010000000A0000000004100000040000008
:1027A00000000000000000000000A0000000004049
:1027B00010000000A00082000000000000000040A7
:1027C00000004000000000002000058580C01104CA
:1027D0000005000300002105050500000000400081
:1027E00000000508020500204141000200410002EE
:1027F0000005000000000000000000008000020052
:1028000000000000008000000000000000400240C6
:102810000041004000000000000000000000000037
:1028200000000000000000000000000000000000A8
:102830000000000000000000000000000000000098
:102840000000000001000000000005000583C0A199
:10285000018200C1A001C00001000000100084003E
:10286000010000000101000000010101020000015F
:102870000000000000000000000000000000400018
:10288000000000000000004000C000020002000143
:102890000001000100010000000000000000000035
:1028A0000000000000000000000000000000000028
:1028B0000000000000000000000000000000000018
:1028C000000000000000C000C1000300C100400182
:1028D000050003000305000000840100010008005A
:1028E000A000A100050001000082004000000000DF
:1028F00000C0010101010100010000000100000011
:1029000000000000000000000000000000000000C7
:1029100000000002010000000000000000000000B4
:1029200000000000000000000000000000000000A7
:102930000000000000000000000000000000000097
:1029400001000000000000020500400040002000DF
:102950000405A1008500C020000020001000031025
:1029600089004000200020000200020002800900CF
:10297000090002C12002404040002000020008007F
:102980000000000000000000000000000000000047
:1029900000000400020920110200000000000000F5
:1029A0000000000000000000000000000000000027
:1029B0000000000000000000000000000000000017
:1029C0000000200000000000000000C0004000C027
:1029D000004102098000050585840080000841400F
:1029E00020030000000000000000414100400020E2
:1029F0004141100000000000020000000000000043
:102A000000000000000000000000000000000000C6
:102A100080000000040000000000410000000000F1
:102A200000000000000000000000000000000000A6
:102A30000000000000000000000000000000000096
:102A4000000000000000000000000000000900017C
:102A5000004100050104C082A1C10908000800A1CD
:102A600000020103004000A000A0000400000001DB
:102A70000001010100000000000000000000000053
:102A800000000000009000A0008800C000000000CE
:102A90000000080000000000000000000500000029
:102AA0000000000000000000000000000000000026
:102AB0000000000000000000000000000000000016
:102AC0000000000000000000000000000000000105
:102AD0000002000100A0838411C18201C000010036
:102AE00000000000000000000001000000A001A0A4
:102AF000000300010000010000400001010000008F
:102B000000000001000000000000000000000000C4
:102B100000000000000000000100011100010100A0
:102B200000000000000000000000000000000000A5
:102B30000000000000000000000000000000000095
:102B40000000000000000000000000000000000085
:102B50000003000900400000108008C10520850026
:102B600003004000050500000040002000040000B4
:102B70000300004009204100400011910241400043
:102B80000000001100030000000000000000000031
:102B900000000000000000000000200041A01041E3
:102BA00040000000000000000000000000000000E5
:102BB0000000000000000000000000000000000015
:102BC0000000000000000000000000000000000005
:102BD00000000000000000000600000000000000EF
:102BE000000000840000C1000000000000000000A0
:102BF000000000810000C100000000000000000093
:102C00000000000000000000006000000000000064
:102C100000000000000000000000000000000000B4
:102C200000000000000000000000000000000000A4
:102C30000000000000000000000000000000000094
:102C40000000000000000000000000000000000084
:102C50000000000000000000895408063FFFFFFF4D
:102C60007DFF2800000F0F0F00FF0F0F0000000076
:102C700000000000FFFF3F3F000200005250D0D88C
:102C80000000000000000000000000000000000044
:102C90000000000000000000000000000000CC93D5
:102CA000906C000000000000000000000000000028
:102CB0000000000000000000000000000000000014
:102CC0000000000000000000000000000000000004
:102CD00000000000000000000000000002023FFFB2
:102CE000FFFF7DFF2800000F000000000000000033
:102CF0000000000000003F3F3C3C000000006A284C
:102D00000052000000000000000000000000000071
:102D100000000000000000000000000000000000B3
:102D2000CCD2703400000000000000000000000061
:102D30000000000000000000000000000000000093
:102D40000000000000000000000000000000000083
:102D5000000000000000000000000000C41D85C647
:102D6000BE00BE00FFDFFFFF28283030FF00F0F07C
:102D70000000000000002A00000000000000000029
:102D8000105062280040000800000000019F77FFFB
:102D90000000000000000000000000000000000033
:102DA0000000006A1C5AD5000487000000000000E3
:102DB0000000000000000000000000000000000013
:102DC0000000000000000000000000000000000003
:102DD0000000000000000000000000000000EEEC19
:102DE000A4243C00FCF0FFFFFFFF28283030000047
:102DF000000000000000090807000000002010008B
:102E000000000145FDDC0820A00200000000B7DF43
:102E1000F48400000000000000000000000000003A
:102E2000000000001846288200042840000000002E
:102E30000000000000000000000000000000000092
:102E40000000000000000000000000000000000082
:102E5000000000000000000000000000008600608C
:102E600000B000000186006000B000000886046425
:102E700000B200100086006000B0000005000004F1
:102E80000800000000000C0000000000000000002E
:102E9000000000000086006000B000000000008616
:102EA000006000B0000000000C0000000000000006
:102EB0000000000000000000000000000000000012
:102EC0000000000000000000000000000000000002
:102ED00000000000000000000000000000000000F2
:102EE00000003CFFFFFF0000000055555551000059
:102EF000000080F036480000000023B8C5590000EB
:102F000000000000000000000000000000000000C1
:102F1000000000000000000000005DFF0000000055
:102F200000000000000000000000000000000000A1
:102F30000000000000000000000000000000000091
:102F40000000000000000000000000000000000081
:102F50000000000000000000000000000900000068
:102F6000000000003CFFFFFF000000021454555019
:102F70000000000054A7A0D500000000CE6CC2C124
:102F80000000000000000000000000000000000041
:102F90000000000000000000000000005DFFFFFFD7
:102FA0000000000000000000000000000000000021
:102FB0000000000000000000000000000000000011
:102FC0000000000000000000000000000000000001
:102FD00000000000000000000000000000200000D1
:102FE0000100000000005A008020FCFCDFFF3FFFD2
:102FF000FFFF0000000000000000000000002B2A7E
:103000006F3E000000000000000000000000000013
:1030100000000000000000000000000000000000B0
:1030200000000000C0C0C0CF000000000000000091
:103030000000000000000000000000000000000090
:103040000000000000000000000000000000000080
:103050000000000000000000000000000040000030
:103060000000020000000000151B2606FCFCFFFF0C
:103070003FFFFFFF00000000000000000000000014
:1030800091E00A690000000000000000000000005C
:103090000000000000000000000000000000000030
:1030A000000000000000C0CFC0CF00000000000002
:1030B0000000000000000000000000000000000010
:1030C0000000000000000000000000000000000000
:1030D00000000000000000000000000000000000F0
:1030E00000000000000004001100110004000400B2
:1030F0000400080002002000020000000400040098
:1031000004000000000004000400000004000400AB
:10311000040004000000000000001100030004008F
:103120001100000011000000110000000000040068
:10313000040004000400000011000000000004006E
:10314000000000000000000000000000000000007F
:10315000000000000000000000000000000000006F
:103160000000000000000000000000000800200037
:10317000200000000000000000000000000000002F
:10318000000000000000000000000000000000003F
:10319000000000000000000000000000900000009F
:1031A000000000000000000000C0000082000000DD
:1031B000000000000000000000000000000004000B
:1031C000000000000000000000000000000082007D
:1031D00000000000000000000000000000000000EF
:1031E0000000000000000000000000000088000057
:1031F00021000000000000000000000000000000AE
:1032000000000000000000000400000000000000BA
:10321000000000000000000000000000110000009D
:10322000000000000000000010100000000000007E
:10323000000000000000000000400000000000004E
:10324000000000000000000000000011000000006D
:103250000000000000000000000000080000000066
:103260000000000000000000000010050000000049
:1032700000410041000000000000001000000000BC
:1032800000000000004000000000001000000000EE
:10329000000000000000000004000010000000001A
:1032A000000000000000000000000190000000008D
:1032B00000000000000000000000000000100000FE
:1032C00000000000002100210000000000100000AC
:1032D00000000000000000000000000000210000CD
:1032E000000000000000000000000000019011003C
:1032F00020040082000000000000000000004100E7
:1033000041000000050000000000008400850084EA
:1033100000000500000005000000008800A000C0BB
:103320000000000000000084000000840000000095
:1033300000000084000000000040000000040000C5
:103340000000008800000000008400000000000071
:1033500000000000000000C000200000000000008D
:10336000000000000000000000000000000000203D
:10337000A00020041000A0000004000008000000CD
:10338000000000000000100000000000000000101D
:10339000C00000000000000000001000000000005D
:1033A0001000000000000000000000000005000008
:1033B0000000A0000000000040000000100000001D
:1033C00000000000000000000000000000000000FD
:1033D00010001000000000000000000010000000BD
:1033E00000000000000000000000000000000000DD
:1033F000008004000300000008001000000002002C
:103400000000204000040000410000000000000017
:10341000002105001000100000001000080000004E
:103420001000100010000000080000000000000064
:103430000005000010000000000005001000000062
:103440000000030000000000000008000000000071
:103450000000410900000000000000001000000012
:10346000000000000000000000000000000000005C
:10347000000000000000000300000000001100092F
:1034800010000000080902008200002100008400F2
:103490000400208800000800100000000000000068
:1034A000080000000000C0000000100000098400B7
:1034B000000000A00000000000000000000000115B
:1034C000000000000000004000008200000000003A
:1034D0000000000000A0000000000000000000004C
:1034E00000000000000000000000000000000000DC
:1034F0000000000000000000000008401000000074
:1035000010002000100000001000000200000388DE
:103510001000000000000300000000001000000088
:103520002000100000004100000000000088101082
:103530001000000000C000000300000000021000A6
:1035400005002000100020004100000000200000C5
:103550001000100000000000030000000000100038
:1035600000002000102000001000000000200000DB
:1035700000000000000000000000A000C011A0003A
:10358000000020008411A0000000000000001000D6
:1035900000090000C00008000000000084000000D6
:1035A0000000000000058400000000000021100061
:1035B00000000000000000000000A000100000005B
:1035C0000000900000000004000000000000000067
:1035D00000000000000000000000000000000000EB
:1035E00000000000000000000000000000000000DB
:1035F000000000000000000000000000004021006A
:103600004140000000001000040002002000000003
:103610000000030000004100000411000000100041
:1036200002000000080000001000000002C00000BE
:1036300021100000000000840300000021000000B1
:103640000000210000000000000000000000000059
:10365000000041841000000000000501000000008F
:103660000000210000000000000003000000000036
:103670000000100000000000000000000408884066
:103680000000A000C0000000000004000000024094
:10369000000000008400A0002000A08000000000C6
:1036A00000000000A009000000000000000002402F
:1036B0000000100000008400000088000000A0004E
:1036C0000000000000408811000000000000000021
:1036D0000240820000000000000000000004000022
:1036E000A00000000000000000000000000000003A
:1036F000000000000000000000000000000080004A
:103700000000000000008000000000800040808079
:103710000000000300218000040000000000800081
:103720000000000000008000080000800010800001
:1037300020000003004180000400000000000000A1
:1037400080000000000000008000000000800010E9
:1037500080008000000300090000000000800000DD
:1037600000000000008000008000000000800010C9
:103770008000000000030020000000000080000026
:1037800082000000008200C08200000000040200ED
:1037900040088200A00100014000010000820000FA
:1037A00082000000008200C0820001000004C0010D
:1037B00040082100000100014000010000820000DB
:1037C000000082000000008200A0820000000004CF
:1037D000C0014088C000000100000000000000A0FF
:1037E0000000A0000000000800A08200000000040B
:1037F000020040880800000100010000000000A055
:1038000000000000A000000000000000C100000057
:10381000A000C0004100008804000000000000017A
:1038200001820000C00000000000000091000000C4
:10383000C000040089000000A0000000000000019A
:1038400001A0000000000200000000000000410094
:103850000000A000040003010004040100000000B7
:1038600000010103000084000000000000001100BE
:103870000000A0000400050000004000000000005F
:10388000000101A100000000000000000000040091
:10389000000000000800040900048000020000008D
:1038A00000024180000080000000000200000400CF
:1038B00000008000890004090040000002000000B0
:1038C00000024109000000000000000000000000AC
:1038D000040000000000890084020009004002008A
:1038E0000000002140C000000000000000000000B7
:1038F000040000000000890084110009800002001B
:103900000000002140400000000000000000000016
:103910000000000005410010000000000000000051
:103920000000000000000000000000000000000097
:1039300000000000408500100000000000000000B2
:103940000000000000000000000000004000000037
:1039500000000000000040C1001000000000000056
:103960000000000000000000000000004000000017
:103970000000000000004085001000000000000072
:103980000000000000000000000000000000000037
:10399000000000000004008800000000000000009B
:1039A0000000000000820000000000000000000095
:1039B00000000000000401A0000000000000000062
:1039C0000000000000820000000000000000010074
:1039D00000000000000000040102000000000000E0
:1039E00000000000000000C0000000000000010016
:1039F00000000000000000040102000000000000C0
:103A000000000000000000C00000000001A000C194
:103A10000000000201C0410000000083000000100F
:103A2000000000400008000000100000000000102E
:103A30000000004001C009A00000008300000090C9
:103A400000000040000000000082000000000100B3
:103A500000020000000801C009000000008300000F
:103A600000820000000000000000000400000100CF
:103A700000C00000000401C0090000000083000035
:103A80000004000000000000000000020000200010
:103A900000C10000000004004100000000C041001F
:103AA0000080000000800080000000800000040012
:103AB0000004000000000400C100000000C041003C
:103AC00000000000008000000000008000000000F6
:103AD00002000002000000000400C100000000C05D
:103AE0004100008000000000000000000000000015
:103AF00002000002000000000400C100000000C03D
:103B000041000000000000000000000000800000F4
:103B100000000000120000000000000012008148B8
:103B2000000BD00012000000000000000081000027
:103B30000000000012000000000000001200814898
:103B4000000BD00012000000000000000082000006
:103B50000000000000001200000000000000120041
:103B60008148000BD000126000000000000000003F
:103B70000000000000000000000000000000120033
:103B80008148000BD000120000000000000000007F
:103B90000000000000000000000000000000000025
:103BA0000000000000000000000000000000000015
:103BB0000000000000000000000000000000000005
:103BC00000000000000000000000000000000000F5
:103BD00000000000000000000000000000000000E5
:103BE00000000000000000000000000000000000D5
:103BF00000000000000000000000000000000000C5
:103C000000000000000000000000000000000000B4
:103C100000000000000000000000000000000000A4
:103C20000000000000000000000000000000000094
:103C30000000000000000000000000000000000084
:103C40000000000000000000000000000000000074
:103C50000000000000000000000000000000000064
:103C60000000000000000000000000000000000054
:103C70000000000000000000000000000000000044
:103C80000000000000000000000000000000000034
:103C9000000000000EDE0000000000000000000038
:103CA0000000000000000000000000000000000014
:103CB00000007B700EDE000000000000000000002D
:103CC00000000000000000000000000000000000F4
:103CD00000007B7000000EDE00000000000000000D
:103CE00000000000000000000000000000000000D4
:103CF000000000007B700EDE0000000000000000ED
:103D000000000000000000000000000000000000B3
:103D1000000000007B700663C0020000000000008D
:103D2000408C07000000000000003002000000008E
:103D300000004003C6600663C002000000000000EF
:103D4000408C07000000000000003002000000006E
:103D500000004003C66000000663C00200000000CF
:103D60000000408C0700000000000000300200004E
:103D7000000000004003C6600663C00200000000AF
:103D80000000408C0700000000000000300200002E
:103D9000000000004003C6600000040004000008AA
:103DA000000004000484040000000400210000005E
:103DB00084000400040080002000040004000000CF
:103DC000000004000400000040000400080003009C
:103DD000200020000400110000000000000004008A
:103DE00000000000000004002000000000000000AF
:103DF00004000000000000000000000000000000BF
:103E000000000000000000000000000000000000B2
:103E10000000000000000000000000000000900012
:103E2000000000000000000000000000000008008A
:103E30000000040001000500020000000000000076
:103E4000000000000000000000000100000002006F
:103E500000000000200000000000008000000000C2
:103E60000000000000000000000000000000000052
:103E700000000000000004000000820000000000BC
:103E80000000000000000000000000000000000032
:103E900000000000000000000000000000820000A0
:103EA000000000110000800200000000000000007F
:103EB00000000000000100010400040100000000F7
:103EC000000000080002000000000040090000009F
:103ED0000000009000000000000000000000000052
:103EE00000000000000000000000000000000000D2
:103EF00000000000000000000000000000000000C2
:103F000000000000000200000000000000000000AF
:103F1000000000000000000000000000000000039E
:103F200000000000001000111080000000210000BF
:103F300000000000001020200020050001200000EB
:103F40000000000000A000800000000000900000C1
:103F5000000004000010000000000000A02100800C
:103F60000000000000000000000000000000001041
:103F70000000000000000011000000000000000030
:103F8000000000000000000000000000000000022F
:103F90000000000000000000000000000000000021
:103FA00000C0000800080009000000000300000134
:103FB000000000000000A18210000000002000109E
:103FC00000000000000000000000100000000000E1
:103FD000000000000000000800000000000000A039
:103FE00000000000000000000000000000000000D1
:103FF00005080000000000000000000000000000B4
:10400000214000040000000800080000000000003B
:1040100000000000000000000000000000000000A0
:104020000000000000801080C09000000000C0056B
:104030000020000084000000040900000000A080AF
:104040001000C00000001000000000000000000090
:10405000C00000000000000000A1100010000000DF
:10406000C000000000000000100000000000000080
:10407000C0008200000500000000000010001000D9
:104080001000108000002000108000800000000060
:104090000000020000000000000000000009000015
:1040A00000000000000010004100000010000000AF
:1040B000000041002100050010000000410209003D
:1040C0001000040041000000000000A100000000FA
:1040D00000001000038205200000210010000000F5
:1040E00008000200000000881000000000004100ED
:1040F0000000000041000500050010000000050060
:10410000000000000000000041000000000000006E
:10411000000000000000000000000000000000009F
:104120000000000000000000000000090000000086
:1041300010000000C003880084008200000020807E
:1041400002040000C1008400C00000000040000024
:10415000000000400000820000000011000000008C
:104160002000000002000000900002000000C011CA
:10417000C00010210000C000840084110000000075
:104180000009000000000000001100000000000015
:10419000000000000000000000000000000000001F
:1041A0000000000000000000000000004102824109
:1041B0000500030041004110000041001000000014
:1041C0000801800000044100020000000240038456
:1041D000000010004100000003C0000008000000C3
:1041E000100000000000210200001000000020006C
:1041F000210000001000000041000000100010002D
:10420000008800C00500000841080000C10000004F
:10421000004041000000000010000000000000000D
:10422000000000000000000000000000000000800E
:104230000390000000000000002084000000000047
:104240008420102004000000000000000000000096
:1042500000000000000010000000840000000000CA
:10426000A000000000001000C0800000000000005E
:1042700000000000000000001000C00000008400EA
:104280000800100000000000008000800000100006
:104290000000008000000000100000000000C020AE
:1042A0000000100000000000000000000504008273
:1042B000202020041000102002004109090185007F
:1042C00090880000100500010040000041000040FF
:1042D0000200020041001000000000040300000082
:1042E0000000000200000040000002400000000149
:1042F00000000300039041001000800080009090B7
:10430000059010000001410000080040410000003D
:10431000000000000000000000000000000000009D
:10432000000000000000000000000000000000008D
:10433000000001001185A0000000890000A000021B
:1043400002000209A0008240024000A00400840094
:10435000004000000000000010000000000082117A
:1043600084000811008010000000000000400000E0
:10437000C040004000008211C00010001000020088
:104380000200001100000008000000800280000010
:10439000000000000000000000000000000000001D
:1043A000000000000000000000000000000000000D
:1043B000022180009021054000020040A010000270
:1043C0000402092000400441050541900541050211
:1043D0000000800002000000030482021141100569
:1043E000200221090005410800200040000500418D
:1043F0000000002000C10010004005029040024172
:10440000400504408005400440881002804041413E
:104410000202020080000200100000000000000004
:10442000000000000000000000000000000000008C
:104430000000050002000200010100000001A101CE
:10444000000101010001A001000105A0841100A1EB
:104450000002A000080001000000010002010001AC
:104460000000000100000000010000010001000048
:104470000000000000020011001000A1010009016D
:104480000001000004A104A00104001000001001BC
:104490000000000002000800010000000000000011
:1044A000000000000000000000000000000000000C
:1044B0000000000004008584842090840000000037
:1044C000048409010501C0010308C020A088A040A0
:1044D000A11102020000000000000000010000C164
:1044E00000090001000001C100200000000000825E
:1044F000000000000000000000C0000000010000FB
:10450000018800010000A100A1C0050102411000C6
:10451000A100A10002000000000000000100000056
:104520000000000000000100000000C000C000000A
:104530000000000000048210C000A0A182891100C8
:10454000040084808305C01009204080838010050A
:104550004180202102021100020002000800200018
:10456000024109C00420400041A010890308000056
:1045700000A1000500000000000000C100110020A3
:1045800002000800032109020504058005028905CF
:10459000020020002000110005000200020020009F
:1045A0000000000000000000020000000000000009
:1045B0001000000000000000048000C1104085854C
:1045C000090000000010020005050010400204A0D0
:1045D0004108048500C18490000000000000000034
:1045E0004020000220090304054000100041080992
:1045F000050000000000900000800900800000001D
:10460000100010A0000500218290200800088010F2
:10461000034009020020414140040085004000029F
:10462000004000000000000000000000000000004A
:10463000000000000000000000000040004100A158
:10464000410500000000000010A000000000010172
:1046500000090101A10984418308A01000020002A1
:1046600000901103008801C00190000100010000CA
:104670000000000000000000410000800000400039
:10468000C000000001A000C100A1842001A1C0A1C0
:1046900002050111000200A100A0010200040003B4
:1046A000000200A100000000000000000000000067
:1046B00000000000000000000000000082A0901038
:1046C0008500014100A000A1000000000209840152
:1046D00090048410A1411191A101858400A00001E2
:1046E000000100000102004101000000000000057F
:1046F0000101000001000100010001000080000034
:104700000000010000010100010100000100020899
:10471000910184008882000100000000000200A0D6
:104720000001000000000000000000000000000088
:1047300000000000000000000000000000008920D0
:104740002085C02105900000009100050000008335
:1047500080200004800040C1A0A0040408000000E4
:10476000004000020004210009C0021002000900FC
:1047700010A04141080040004100400010000080AE
:10478000020010004000101140001010050220002F
:104790000285050490040880000200110002000058
:1047A00000000004001000000000000000000000F5
:1047B00000000000000000000000000000000000F9
:1047C00081000083C100000041810083C10000001E
:1047D00021000083000006000000000B00000041E3
:1047E000000000000000000000000000C1000660A2
:1047F0000000000000000000000000000000820037
:1048000000000000000000000000000000000000A8
:104810000000000000000000006000000000000038
:104820000000000000000000000000000000000088
:104830000000000000000000000000000000000078
:1048400000004DDD4D44000000000000000000FFAE
:1048500000FF00000000519AA91622D80AD09999A9
:10486000F0F000000000000000000000000080A147
:10487000A9CAD81200E000BEFFBE6765C67000007E
:104880000000000006A90AA1000000000767000060
:10489000303018DBE1E100660066D2D20000000093
:1048A00018D440D600000000008050000000000036
:1048B00000000000000000000000000000000000F8
:1048C0000000000044DD4444000006000000000039
:1048D00000FF00FF0000000089559AA99D32F5BD38
:1048E00000FFC3C300000000000000000000000043
:1048F000009991B11AD483C000FEFFFEEF556F32CC
:1049000000000000000022010219000000005C838A
:104910005238F3F318DBE1E199FF99FFD2D200009E
:104920000000108030400000000000810084000082
:104930000000000000000000000000000000000077
:104940000000000000000000000000000000000067
:104950000000000000000000000000000000000057
:10496000000000000000000000000000000000083F
:1049700004006011080000000000000000000000BA
:104980000000000000000000000000000000000027
:104990000000000000000000000000000000000017
:1049A0000000000000000000000000000000000007
:1049B00000000000000000000000000000000000F7
:1049C0000000000000000000E0E0EFEFDFDFDFDFCD
:1049D0001373E26AFFFF003CCD00952370645054CE
:1049E000BB8E31B2CAF56C4F00000000E3E28FD7F6
:1049F0000000000000000000A69818A2F5CA5DB3F0
:104A0000A1D77C7A0000000000009108C4380000A3
:104A100000001221B00652859DB4C4573198242459
:104A2000BDBD894D44000208202800000000200080
:104A300044540000000000000000000000000000DE
:104A400000000000000000000000E0E0ECECCFDF20
:104A5000FFDFEB1E9B399F9F607CABC1CB2C706945
:104A60000A04CEC1BCC4FC4D38CE00000000443E58
:104A7000C2AA0000000000000000CF9C7600CDDF3D
:104A80007037D0BEF938000000000000A227211BBB
:104A900000000000F8200B901E3990D04E269401A3
:104AA00060F960F92A8080790000000000000000B1
:104AB0006E24620000000000000000000000000002
:104AC000000000000000000000000000018200F073
:104AD000A1B00005008600F403B00010008600E0DD
:104AE000019800000086006000B800800086006029
:104AF00000B000000086006008B3000000000C0059
:104B00000008000000000C0000000000000000860B
:104B10000C6000B000000086006000B0000000865D
:104B2000006000B000000086006000B00000008659
:104B3000006000B000000000000000000000000065
:104B40000000090000000000000009000000AAAAFF
:104B5000F0F0FFFFFFFF000000000000AAAA0055D0
:104B60008787FFFF00006942E344FF00A0A0000028
:104B70000000221B641500000000FC82C0820000BF
:104B80000000000000000000000000000000000025
:104B9000000000000000000000000000FFAA550017
:104BA00082D705050F18D00500000000E92861181C
:104BB00000000000439628410000000000000000B3
:104BC00000000020000001000000002000000100A3
:104BD0000000FFF00000EFFF000000000000AAAAA4
:104BE000AAFF8787FFFF000041C5B759FF00F0F01B
:104BF000000000008719E21700000000FCBEC0BEE4
:104C000000000000000000000000000000000000A4
:104C10000000000000000000000000000000E1E1D2
:104C2000E1E182D7AFAF26024059000000008425A1
:104C300069470000000016A841860000000000003F
:104C400000000040000000000200004000000000E2
:104C50000200000000008FBF0F0F0000000000FFE7
:104C6000FFFF0000000081E9165B6AA05858132777
:104C7000D05900000000000000000000000000000B
:104C80000000000000000000000000000000000024
:104C9000000000000401811000000000000000007E
:104CA000000000001F816DC50652E00100000000F9
:104CB0001630410900000000000000000000000064
:104CC00000000000000000000000000000000000E4
:104CD00000000000000000000F3F0F0F0000000068
:104CE00000FFFFFF000000002C2087D78EA46A562B
:104CF00061296EE9000000000000000000000000D3
:104D000000000000000000000000000000000000A3
:104D10000000000000002500050000000000000069
:104D2000000000000000C63875F723A160E0000015
:104D30000000F48259910000000000000000000013
:104D40000000000000000000000000000000000063
:104D50000000000000000000000020000000000033
:104D6000000003000000000011000000000000002F
:104D700000000000000000000000009000000000A3
:104D8000000000000000000004000000000002001D
:104D90000000000000000000000000000000000013
:104DA00000000000000000000000040000021100EC
:104DB00021000000000000000000000000000000D2
:104DC00000000000000000000000000000000000E3
:104DD00000000000000000000400020000000000CD
:104DE000000000000000840000000200000000003D
:104DF00000000400040000000000000000000200A9
:104E000000000000000000000000000000000000A2
:104E10000000000000000000004000000000000052
:104E20000200000000000000000000000000000080
:104E30000000000000000000000000000000000072
:104E40000000000000000000000000000000000062
:104E5000000000000000000000000000000000044E
:104E60000000000000000020200000000000000002
:104E7000800000000400000000820000000100002B
:104E8000000000000000000000080000000000001A
:104E90000000000000000000008200000000000090
:104EA0000000000000010000000000000000000001
:104EB0000000000000000000000000820000000070
:104EC00000000000000000000000100000000000D2
:104ED00000000000000000000000000000000000D2
:104EE000008000000410000090800010000000000E
:104EF0000000020000000009000000410000000462
:104F00000000000000100000000000100010000071
:104F100000000000000000000000002000800000F1
:104F20000000000000000020000000000008001148
:104F30000000000000000000000000000010000061
:104F40000000000000000000000000000000000061
:104F5000000000000000000000000000000200004F
:104F60000010100000000000000000000000000021
:104F70004100000000A00000000000000040000010
:104F8000000000044140000000020000000000009A
:104F90001000000080080000000000008082000077
:104FA0000000000000000000000000000000000001
:104FB0000000100000004100000000000088000117
:104FC00000000000000000000000020000000200DD
:104FD00000001000000010000000000000000000B1
:104FE0004000840084000000100000000000020067
:104FF0001000000008000000000000000000008019
:105000008400000000808280000000800020C0003A
:105010000000000000004080000000000008400385
:1050200000000000000000000000C00000000800B8
:1050300090000000000000000800000000000020B8
:105040000040000000000000000000000000000020
:1050500000000000000000008200000000000000CE
:10506000000002002040004000400020109000009E
:10507000009103A00082000010000001054000081C
:10508000100002A002401000000105900000100076
:1050900000004100100000000000414000A020007E
:1050A000009000004100020000900200009000A06B
:1050B000000100900040000000000000108200404D
:1050C00000000000000000000000000000000000E0
:1050D00000000000000000000000000000000000D0
:1050E0000000000000000000008000800880000236
:1050F0001000002000100000000000000040000030
:105100001080000000000000000000040000840087
:10511000000000000000000000000000000000008F
:10512000000000100000000000000000000000006F
:10513000000000200000000000000000000000004F
:105140000000000000080000000000000000000057
:10515000000000000000000000000000000000004F
:105160000000000000000088000010404100000026
:105170000500A100000041C0100000000000080070
:1051800000000800008802000000000011840000F8
:1051900000000000050141000000000000002100A7
:1051A00000404100058200000200410010000000A4
:1051B0004100000008000300008802000040410098
:1051C00000820000000000880000000000000000D5
:1051D000410000000000000000000000000000008E
:1051E000000000000000000084210000C0C000009A
:1051F0000000000004000200C00010008400000055
:10520000A009000010201011A00000000000000004
:105210000000080000000002C000C000C000000044
:10522000000000000000002000000000000001114C
:105230008800A00000000800000008410100028072
:1052400000000000000000200209900000000000A3
:10525000000000000000000000000000000000004E
:1052600000001000000000000000000010400000DE
:105270000010418880000404000002001000008437
:1052800002000802410000400810024002000040F5
:105290000290059000000082000000000000000065
:1052A00009000000000021080082000008004140C1
:1052B00002900200004000A00800890800C00340DE
:1052C0000008080000080040000000000000000086
:1052D00000000000000000000000000000000000CE
:1052E000000000000000000000000000000000803E
:1052F0000000408000000400010000000100880060
:10530000000000000000000000801000000000000D
:1053100000800011024000000000000000000000BA
:10532000000000000000000000000000000000007D
:1053300000000100000000000000000040800000AC
:10534000C040008008000080000000000000000055
:10535000000000000000000000000000000000004D
:10536000000000000000000000000000000000033A
:10537000000902000000800304090000000000038F
:1053800000890480008005400041212120A0000206
:105390008020110920200041000400210040000568
:1053A000000800100008000200100010004000007B
:1053B00005108020408510C1041005C103820985B5
:1053C0008541804002080502000080004000000086
:1053D00000000000000000000000000000000000CD
:1053E00000000000000000000000000000000000BD
:1053F00002C108C10104000408050585000200027D
:10540000A0030221000400020111A0400191000349
:105410000001C00100000101A00000010001000125
:105420000000000100010001000100010001000175
:105430000000011082C00104014002C1050801C141
:105440000040410440C1018300020000400001000F
:10545000000000000000000000000000000000004C
:10546000000000000000000000000000000000003C
:10547000000008010200830041850000C000830095
:1054800001C14000840003001141A00089A0030174
:1054900005001000C10090080300000000A00101F9
:1054A000010000000004010101000000009000055F
:1054B0000000000082008590A102C0119101A1416D
:1054C000A00483099000C1880901C0A1000000A0C8
:1054D00000010000000000000000000000000000CB
:1054E00000000000000000000000000000000000BC
:1054F0000000000080088000210083890004000073
:105500002100038900028000A1008389030020009C
:10551000A121A0100200C0000800A0054100410226
:1055200040212010400008824010080000000003C5
:1055300000210010000008209000A08541859020E7
:1055400010828420208541049003A00203050000FE
:10555000000000400000000000000000000000000B
:10556000000000000000000000000000000000003B
:10557000000000000000008080000089000300801F
:105580000000008900030080800085098083059069
:1055900000858021900540400088000900840500B6
:1055A0000000000020000200000000000300410095
:1055B000000000000800000011820089804105857C
:1055C000050900088240A004080280058021C1105E
:1055D000000000800000000000000000000000004B
:1055E00000000000000000000000000000000000BB
:1055F0000000000000000000008440C09005002171
:10560000000888C09009000100044082A191401167
:105610000041844104C185A0019100400090000830
:105620000000000000000100000000000000000079
:10563000000000000000000000000002904010A1E7
:10564000004100C0821104820988010440C182A186
:10565000850200200004008200A00000000000007D
:10566000000000000000000000000000000000003A
:10567000000000000000000000008389090008000D
:1056800010400988A1020200C004C1884104C00082
:10569000024000910000000301A000090004000086
:1056A000000400A001010000000001000100000052
:1056B0000100000000000000000000009001408494
:1056C0000800040204111100A090A040C103414150
:1056D000830040C0004001400100000000000000C5
:1056E00000000000000000000000000000000000BA
:1056F0000000000000000000000000008383840020
:1057000080008000038404000000800003A18480E6
:10571000800080004110414141C010800083000999
:1057200000000080410004202010050020004003FC
:1057300005051000410008000500020000001105E9
:10574000C1859103C100C182904105058280400559
:1057500090880202C10020800480410009000000FE
:105760000000000000000000000000000000000039
:1057700000000000000000000000000000000041E8
:105780000000C100060082410083C10000000082C9
:105790000000C100000000000000000000000081C7
:1057A0000000C100820000000000000000000000B6
:1057B00000000000000000000000000000000000E9
:1057C00000000000000082000000000B00000084C8
:1057D0000000000000000060000000000000000069
:1057E00000000000000000000000000000000000B9
:1057F00000000000000000000000000000000000A9
:10580000000000FF000000FF000000FF000000FF9C
:10581000000000FF000000FF006A4443C300E8E806
:10582000000000000000FFFF4382338400000000FE
:105830002514C30000000000482590560000000019
:1058400000001A481006B3B08380C0832F49FAFACB
:105850005050424AA222E8E8C300002882400000DB
:105860000000000000000000000000000000000038
:105870000000000000000000000000000000000028
:105880000000000000FF000000FF000000FF00001B
:1058900000FF000000FF000000FF823505B4FF3C60
:1058A000E8E80000000000003FFFFCC013B100006A
:1058B000000049414300000000004F8BC18E0000F2
:1058C0000000000002013306BFBC8F8CAC72603355
:1058D000EB41EB4118503898E8E8FF3C009010612C
:1058E00000000000000000000000000000000000B8
:1058F00000000000000000000000000000000000A8
:1059000000000000FF000000FF000000FF0000009A
:10591000FF000000FF00000000FFFFFF40B12096E5
:1059200056539691FF00FF003C3C3C38100F105F2F
:105930001AE08E8514104101DF05AED83F5C3E7D34
:10594000000000000000640600800C0000099023A5
:1059500058082148030406408D0BFFBEFE9E000040
:105960000000000000000000000000000000000037
:105970000000000000000000000000000000000027
:10598000000000000000FF000000FF000000FF001A
:105990000000FF000000FF00000000FFFFFFC7281D
:1059A000024D99A886A1FF00FC003C3C3C388114C4
:1059B0007441E4C59D1E800609DA0748D01E1F1CED
:1059C0003E3D000000000000002200042108060007
:1059D0000C1000040180C00008400786969696BE11
:1059E00000000000000000000000000000000000B7
:1059F00000000000000000000000000000000000A7
:105A00000000000000000000C0C7C06430B04903BF
:105A1000C0C7C00431804903C0C7C06430B041036F
:105A20000086006000B000000086007400B0000036
:105A300000000C000000008000000C0000000000CE
:105A400000000C000000000000000086006000B0B4
:105A5000000000860C4100A800000086006000B035
:105A600000000086006000B00000000000000000A0
:105A70000000000000000000000000000000000026
:105A80000000000000000000000055C3000FA4AE9D
:105A9000F4FE0000F7000C000C00D9E4EF93282876
:105AA0007D7D00000000264C7BD600000000F40441
:105AB000CB2B0000000000000000000000000000F0
:105AC0000000000000000000000000000F890364D7
:105AD000CC25D94EF5F5A0A005AF05AF1A1A480898
:105AE0001609031000000000CBC0488C0000000025
:105AF00000000000000000000000000000000000A6
:105B000000000000000000000000000055C3FF0F6F
:105B1000040E545E00000000000000007F9DEE0FA8
:105B20000A5F0A5F0000000033333B4800000000BA
:105B30009F06AFB800000000000000000000000059
:105B40000000000000000000000000000000206EC7
:105B5000F640BC179669BE14BE141414BEBE18904D
:105B600004144C8055000000000005A203D800007A
:105B70000000000000000000000000000000000025
:105B80000000000000000000000000000000FF0115
:105B9000FFF13C003CFF000000000000000098AA5C
:105BA0008A60C3C3AAAA41EB0505AAAAFF000000A8
:105BB000000045412A97000000000000000000009E
:105BC00000000000000000000000000000000000D5
:105BD000C2040F72FA50414101830183AAAA000056
:105BE00000000020F000C3AA000000000000000038
:105BF00000000000000000000000000000000000A5
:105C00000000000000000000000000000000000094
:105C1000FE000E00550F550FAA00A800000A000A4A
:105C2000FDDFEC2CFF00F0F041EBAFAFC3C3F0F0B1
:105C300000000000A7E68E2E00000000000000001B
:105C40000000000000000000000000000000000054
:105C500000004CC00180FA50EBEB01831597EA403D
:105C6000EA4002000400F0FFC3AA000000000000A8
:105C70000000000000000000000000000000000024
:105C80000000000000000000000000000000000014
:105C900000000400040000000400000004000000F4
:105CA00000000000000000000000000000000000F4
:105CB00000000200040000000400200000000000BA
:105CC00000000000030000000010000000000000C1
:105CD00000000000000000000000000000000000C4
:105CE00002000000000004000000000000000000AE
:105CF00000000000000000000000000000000000A4
:105D00000000000000000000000000000000000093
:105D100000000000000000020000000082000000FF
:105D20000000000000000000000000000000000073
:105D30000000000000000000020000000000000061
:105D40000200000000000000000000000000000051
:105D50000000000000000000000220000000000021
:105D60000000000000000000000000000000000033
:105D70000000000000000000000000000000000023
:105D80000000000000000000000000000000000013
:105D90000000000000000000000000000000000003
:105DA00000001100000000000000000000000000E2
:105DB00000000000000000000000000000000000E3
:105DC00000000000000000000000000000000000D3
:105DD00000000000000000000000000000000000C3
:105DE00000000000000000000000000000000000B3
:105DF00000000000000000000000000000000000A3
:105E00000000000000000000000000000000000092
:105E10000000000000000000004100000010001021
:105E20000000000000000000000000000000001062
:105E30000008000000000000000000000010000842
:105E40000000000000000000000000000000001141
:105E50000000000000000000000000000000001131
:105E60000021000000000000000000000000000011
:105E70000011000000000000000000000000000011
:105E80000000000000000000000000000000000012
:105E900000000000000000000000410000001000B1
:105EA00005000000000000000200080000004100A2
:105EB0000000110000004100000008001100410036
:105EC0000000000010000000410000000000080079
:105ED00000000000000000000000000000000000C2
:105EE0000800000010000000000000004100000059
:105EF0000000210821000000000000000000000058
:105F00000000080000000000000005000000000084
:105F10000500000003000000000000001040A00089
:105F20000800000084030000402000000841000039
:105F300000000000900000008400840000000000C9
:105F40000000001000000009000000000800000030
:105F500008000000004100000000000000001000E8
:105F60009011880008099000000000000000000067
:105F70000000000000000000000000000000000021
:105F80000000000000000000000000000000000011
:105F90000000000000000000000000000000000001
:105FA00000820890000000900000410000001000F6
:105FB000210010001000000000000000210000007F
:105FC00000000000000000000000000000000000D1
:105FD00000000000000000000000000000000000C1
:105FE000080010000000000000000000090000028E
:105FF0000090000000000000000000000000000011
:106000000000000000000000000000000000000090
:106010000000000000000000000000000000000080
:10602000A000000082000003401100008400000076
:106030000000000000000000040000040000000850
:1060400010090000020010002000000008000000FD
:1060500000200040000000000000000000000000E0
:1060600000000020000000001000A0000000000060
:1060700020000011000000090000000000000000E6
:106080000000000000000000000000000000000010
:106090000000000000000000000000000000000000
:1060A00000000000000000000400000000000000EC
:1060B00002000000000000000000000000000000DE
:1060C000008200000000000000000000000000004E
:1060D00000000000000000000000000000000000C0
:1060E0000000000000000000000000880000000028
:1060F00000000000000000000000000000000000A0
:10610000000000000000000000000000000000008F
:10611000000000000000100000000000000000006F
:10612000000000001004C0002021A0000000840036
:106130000021020000030000000000110420000004
:1061400000000000C000C0000800C00900000000FE
:10615000000000000000000000000000000000003F
:10616000000000000000100000118800000940003D
:106170000020084088004000C0000000000000002F
:106180000000C00000000000000000000800000047
:1061900000000000000000000000000000000000FF
:1061A00000000000000020002000030000000000AC
:1061B000000000A0000000000000034010000000EC
:1061C00000000000000000000000000000000000CF
:1061D00000000000000000000000000000000000BF
:1061E00000000000000000000800000000000000A7
:1061F000000000000000000000000000000000009F
:106200000000000000000000000000000000080086
:10621000000000001000000000000000000000006E
:10622000000000000000000008000040C000020361
:10623000A00000008200C004884010001000A008E8
:10624000000000008800000090090000000000200D
:10625000200000092000880000000220000000004B
:106260000000000000000000000000000000080026
:106270001000840000000000200088110000880940
:10628000000000000000000000000000000000000E
:1062900000000000000000000000000000000000FE
:1062A00000000000000000000000000000000000EE
:1062B00000000000000000000000000000000000DE
:1062C00000000000000000000000000000000000CE
:1062D00000000000000000000000000000000000BE
:1062E00000000000000000000000000000000000AE
:1062F000000000000000000000000000000000009E
:10630000000000000000000000000000000000008D
:10631000000000000000000000000000000000007D
:10632000000000000000000000000000000000006D
:10633000000000000000000000000000000000005D
:10634000000000000000000000000000000000004D
:10635000000000000000000000000000000000003D
:10636000000000000000000000000000000000002D
:10637000000000000000000000000000000000001D
:10638000000000000000000000000000000000000D
:1063900000000000000000000000000000000000FD
:1063A00000000000000000000000000000000000ED
:1063B00000000000000000000000000000000000DD
:1063C00000000000000000000000000000000000CD
:1063D00000000000000000000000000000000000BD
:1063E00000000000000000000000000000000000AD
:1063F000000000000000000000000000000000009D
:10640000000000000000000000000000000000008C
:10641000000000000000000000000000000000007C
:10642000000000000000000000000000000000006C
:10643000000000000000000000000000000000005C
:10644000000000000000000000000000000000004C
:10645000000000000000000000000000000000003C
:10646000000000000000000000000000000000002C
:10647000000000000000000000000000000000001C
:10648000000000000000000000000000000000000C
:1064900000000000000000000000000000000000FC
:1064A00000000000000000000000000000000000EC
:1064B00000000000000000000000000000000000DC
:1064C00000000000000000000000000000000000CC
:1064D00000000000000000000000000000000000BC
:1064E00000000000000000000000000000000000AC
:1064F000000000000000000000000000000000009C
:10650000000000000000000000000000000000008B
:10651000000000000000000000000000000000007B
:10652000000000000000000000000000000000006B
:10653000000000000000000000000000000000005B
:10654000000000000000000000000000000000004B
:10655000000000000000000000000000000000003B
:10656000000000000000000000000000000000002B
:10657000000000000000000000000000000000001B
:10658000000000000000000000000000000000000B
:1065900000000000000000000000000000000000FB
:1065A00000000000000000000000000000000000EB
:1065B00000000000000000000000000000000000DB
:1065C00000000000000000000000000000000000CB
:1065D00000000000000000000000000000000000BB
:1065E00000000000000000000000000000000000AB
:1065F000000000000000000000000000000000009B
:10660000000000000000000000000000000000008A
:10661000000000000000000000000000000000007A
:10662000000000000000000000000000000000006A
:10663000000000000000000000000000000000005A
:10664000000000000000000000000000000000004A
:10665000000000000000000000000000000000003A
:10666000000000000000000000000000000000002A
:10667000000000000000000000000000000000001A
:10668000000000000000000000000000000000000A
:1066900000000000000000000000000000000000FA
:1066A00000000000000000000000000000000000EA
:1066B00000000000000000000000000000000000DA
:1066C00000000000000000000000000000000000CA
:1066D00000000000000000000000000000000000BA
:1066E00000000000000000000000000000000000AA
:1066F000000000000000000000000000000000009A
:106700000000000000000000000000000000000089
:106710000000000000000000000000000000000079
:106720000000000000000000000000000000000069
:106730000000000000000000000000000000000059
:106740000000000000000000000000000000000049
:106750000000000000000000000000000000000039
:106760000000000000000000000000000000000029
:106770000000000000000000000000000000000019
:106780000000000000000000000000000000000009
:1067900000000000000000000000000000000000F9
:1067A00000000000000000000000000000000000E9
:1067B00000000000000000000000000000000000D9
:1067C00000000000000000000000000000000000C9
:1067D00000000000000000000000000000000000B9
:1067E00000000000000000000000000000000000A9
:1067F0000000000000000000000000000000000099
:106800000000000000000000000000000000000088
:106810000000000000000000000000000000000078
:106820000000000000000000000000000000000068
:106830000000000000000000000000000000000058
:106840000000000000000000000000000000000048
:106850000000000000000000000000000000000038
:106860000000000000000000000000000000000028
:106870000000000000000000000000000000000018
:106880000000000000000000000000000000000008
:1068900000000000000000000000000000000000F8
:1068A00000000000000000000000000000000000E8
:1068B00000000000000000000000000000000000D8
:1068C0000000040000000000000000000420802000
:1068D00084201100000000000400000100000300FB
:1068E00000000400000000000000A10000001100F2
:1068F0000400000040000000000000000000000054
:10690000000000000000000000000800000000007F
:10691000000000080000000000000000000000006F
:106920000000000000000000000000000000000067
:106930000000000000000000000000000000000057
:10694000000000000004A00502000000A005018373
:10695000048004800000000000000400002090007B
:10696000000000000000000000000000080200001D
:10697000000000000400000000000400000000000F
:106980000400000000800400000000000800000275
:1069900000000004000000000000000000000000F3
:1069A00000000000000000000000000000000002E5
:1069B00000000000000000000000000000000000D7
:1069C000000000000000000000840082028200003D
:1069D0000000000104002101000000000000000090
:1069E00000000000000000000000000000000000A7
:1069F0000000000100000000000000000000000096
:106A00000000000100020000000000000000000083
:106A10000000000000000000000000000000000076
:106A20000000000000000000000000000000000066
:106A30000000000000000000000000000000000056
:106A400000000000000000020000C00000009100F3
:106A500000400000002004080002000000000000C8
:106A600000000000004000080000000000000000DE
:106A700000000000004004000000000000000000D2
:106A80000000000000400000008000000000000046
:106A900000000000000000000000000000000000F6
:106AA00000000000000000000000000000000000E6
:106AB00000000000000000000000000000000000D6
:106AC0000000000000000000000000000000009135
:106AD0000000000200000011900000A00000000073
:106AE000000021000000040041000200000000003E
:106AF000004000008000000810C0000000020000FC
:106B0000000000000000000041080000020000003A
:106B1000000000A000000000020080000000000053
:106B2000020100002100000000000300000000003E
:106B30000000000000002000000020000000000015
:106B400000000000000000000000000082000000C3
:106B50000040004100918800004008000000000053
:106B60000000840000000000010000200000000080
:106B70000000000000000200008000000000008013
:106B80000000000000000000000000800000100075
:106B90000000000000000000000001001000A00044
:106BA00000000108000000000000000000000000DC
:106BB00000000000000000000000000000000000D5
:106BC00000000000000000000000000000001000B5
:106BD0000090410003001000C100210010000200DD
:106BE0000000000000004100000020004102000001
:106BF00000200000210000000000020010090240F7
:106C00000000110000000020000000000021000032
:106C10000000000009200001050000000000044001
:106C20000000000000000000000000000001000063
:106C30000000000000000000000000000000000054
:106C40000000000000000000000000000000000044
:106C500000210000000000000000022000100000E1
:106C60000220000000000000000400200000C0001E
:106C7000C000002000008800000084008800C040A0
:106C8000002100000000000000000000C000C00261
:106C9000000000000000C00000081000000010000C
:106CA000100000200009820002118400040000404E
:106CB0008400000000000000000000000000000050
:106CC00000000000000000000000000000000000C4
:106CD0000000200211000500100003000400211034
:106CE000030000000000030002002100030021084F
:106CF0004100020000840040030000000000031077
:106D0000100000A00000004041000500000003004A
:106D100000C000000000000000040000210000008E
:106D200021821021210011000088000000000000D5
:106D30000000004000000000000000000000000013
:106D40000000000000000000000000000000000043
:106D500000000000008000000000000000000100B2
:106D60000000000000090000000001000000000019
:106D70000080C00002000000008000000000100041
:106D800000801000000000000080000000000000F3
:106D900000000000000010000000000400000000DF
:106DA00000000000100200000000000000000000D1
:106DB0000000000000800000000000000000000053
:106DC00000000000000000000000000000000000C3
:106DD0000000000000004184030005A003404120A2
:106DE0000300004021000000039003900000000415
:106DF00000000010410800400300030821040000C7
:106E000000000900030002000002008800000420C6
:106E10000020000041A00000410000000420030207
:106E200005820000210004200400009003000200FD
:106E3000000800200000000000000000000000002A
:106E40000000000000000000000000000000000042
:106E5000000000000000000090041000000020026C
:106E60000000000010100000000000000000000002
:106E7000A0030420A000C080A02004208280001174
:106E8000040088038811C000882100000000000071
:106E900000000000C0000000000000000000000032
:106EA0000080842004208800104000401000C000B2
:106EB000840984A000208400C000000000000000BD
:106EC00010000000000000000000000000000000B2
:106ED00000000000000000000000C0208902052022
:106EE0000905100202020020040410A089024004D7
:106EF00020112000058010800200050980A140912A
:106F0000112005A10009090540C0001009104040EA
:106F10000040802100040010000200000002000276
:106F20002102802000208090208500908509008526
:106F300040400383000080002000000000000000AB
:106F40000000000000000000000000000000000041
:106F50000000000000000000000000000901040122
:106F600000010000000000009001000108418421A0
:106F7000018201400082048401C0008801102002C7
:106F8000011000058982009000900009008388911B
:106F900001A10002100000010001000000008800B3
:106FA0008801000184010083080900040020218871
:106FB0009002018301400000200001000000000059
:106FC00000000000000000000000000000000000C1
:106FD0000000000000000000000000000000900021
:106FE00021840003010110000391890421084190CC
:106FF0000305100204C12001A000A0A0904182005E
:1070000084C0A110C005820084A040038308400111
:107010008583A0C1C1032000208204050200000076
:107020000000008500200000A0018482A00404115B
:1070300090008590A101C0418200202004A1C000E1
:107040000000000000000000000000000000000040
:107050000000000000000000000000000000000030
:1070600004004009020340418411C041C189A0824B
:107070009041A0C1820382C0090420048900020556
:107080002121A100C0891185094109008520C08006
:107090008803C088C1209005A1002121042102029B
:1070A00000000000004000A100008908A021840524
:1070B000A1052121C000C040418500008080002042
:1070C00000000000000000000000000000000000C0
:1070D00000000000000000000000000000000000B0
:1070E000000009840084108210410904102041022C
:1070F00005A0C1108020C1821082000900A100A15A
:1071000000112182008500C005050902804041A1CF
:10711000820541800000000082000900000000009C
:10712000080000801000008000800800208080009F
:107130001000218021A00085800285C00000008011
:10714000000000000000000000000000000000003F
:10715000000000000000000000000000000000002F
:10716000000000000240002101021002A000000106
:107170000001008905110885100808A000C0C01092
:10718000022110400020C003821104050003040501
:10719000838584040004048482A09002000000001F
:1071A00000000100008001A0000400A0A10400086C
:1071B0002082100400200021C003C0A1844100A04F
:1071C0000008000400A00000000000000000000013
:1071D00000000000000000000000000000000000AF
:1071E00000000000000001C0004101000000820218
:1071F000A1C0110410C01184C0209084889090C058
:107200008400080188C0C02121010400A104842059
:1072100002854000414088918501A100A010000036
:1072200001010101002000800100000001000100B7
:1072300020019101A10009A00489C091040002026B
:1072400001010000010001A000000000000000009A
:10725000000000000000000000000000000000002E
:107260000000000000000000200002C10209040824
:10727000C1118409A0048400A089828309841100BB
:1072800000050021802100000385844105052000C0
:10729000A14120888302A080410510410204098099
:1072A00021094040101002800080080004002100E5
:1072B0000800200502022020A000A1050410850579
:1072C000C100202004004000200000000000000059
:1072D00000000000000000000000000000000000AE
:1072E0000000000000000000000000000000C100DD
:1072F00000840A000083C100000000000000C100FB
:1073000000000000000B0000000000000000000072
:10731000000000000000000000000000000000006D
:107320000600000000000000000000000000000057
:10733000000000000000000000000000000000004D
:1073400000000084000000000000000000000000B9
:10735000000000000000000000000000000000002D
:10736000000000000000000000000000000000001D
:1073700080838B9800F03FD900838B980000000039
:107380000000000000000000FC7F94DB6A55997645
:10739000183018F38964CD65C0C009F91D5BE68318
:1073A00000000000C18DC0BB0000000000009F7BFA
:1073B0004968000000003410056000000000D6C5D8
:1073C000540B81BDC0C00800A88000000000000070
:1073D00000000000000000000000000000000000AD
:1073E000000000000000000000000000000000009D
:1073F000000000BDBF9D80D07C9900BDBF9D0000F6
:107400000000000000000000000091D0C9A29248D6
:1074100094E9DB30DBF3736EE9ABCFCF09F9B8E861
:107420009BFF00000000C176806D0000000000009E
:107430008867F504000000000020040D0000000033
:10744000A09E593681BDFCFC1283C4490000000097
:10745000000000000000000000000000000000002C
:10746000000000000000000000000000000000001C
:107470000008040060110800000804006011080002
:107480000008040060110800000000000000000077
:1074900000000000000000000000000000000000EC
:1074A00000000000000000000000000000000000DC
:1074B00000000000000000000000000000000000CC
:1074C00000000000000000000000000000000000BC
:1074D00000000000000000000000000000000000AC
:1074E000000000000000000000000000000000009C
:1074F000000000000000000000000000000000008C
:107500000000000000000000502700000000C061E3
:107510002AB900D0023F4C5213A1DA1AE73DC9ED57
:107520002A04BC8AA0AAF30903092F001E005B6687
:10753000D68D00004B4B510C000000003602750444
:1075400041002914460B208A2CD40241000000007F
:10755000000000000000000000000000000000002B
:10756000000000000000000000000000000000001B
:10757000000000000000000000000000000000000B
:107580000000000000000000000001830000000077
:10759000B28F39DFAE1B3900433C5D4BF961BE470A
:1075A000EF96FCFB33827CE0F3F903F925CB665CB4
:1075B0004480BF7E00004E4B205A0000000028018E
:1075C00088004B0580004609620470C7083000003F
:1075D00000000000000000000000000000000000AB
:1075E000000000000000000000000000000000009B
:1075F0000000000000000086006008B30000008664
:1076000000E00B9300000086006008B300000086D5
:10761000004100A000000086006000B0000000866D
:10762000006000B0000000860C6000B000800086A2
:107630000C6000B00000000000860C6000B000008C
:1076400000860C6000B000000086006000B0000002
:107650000086006000B00000000000000000000094
:10766000000000000000000000000000000000001A
:10767000000000000000000000000000553C553CE8
:10768000AAAA0000FFFF000005AF05AF2CAE6DEF0A
:10769000FABE50BE1717171740C02EECFEF75D93C9
:1076A0005F7F5F7F7F7FFF7F30CF30DC1FF0A7F0F1
:1076B0000000000000000000000000000000106852
:1076C0000720B4611000286255116C044C048380BB
:1076D000280800000000272E08F500000000000028
:1076E000000000000000000000000000000000009A
:1076F00000000000000000000000000000005C5CD2
:107700003C3C2AAA8000FFFF00008282D7D7048673
:1077100045C7FA145014003CC3FFFC370E00FCFBB5
:107720008BFB5F7F50707F7FFF7FCE00DC000F0FF1
:1077300090D80000000000000000000000000000E1
:10774000080202702804031480B921DD16220C827D
:107750001C1702A600000000E6238CA10000000018
:107760000000000000000000000000000000000019
:107770000000000000000000000000000000000009
:107780003F3F3F3F000000000C0C0C0C82D70A0A60
:10779000EB28EB2805050505808080804A85926BE3
:1077A0005050D782FFFAAAAEF082BEBE534848308E
:1077B0008282FCC000000000CC4F3E0800000000A8
:1077C000000000000000C30920004141F5A001C2F3
:1077D000B65F8282FA5000000000543082A7000099
:1077E0000000000000000000000000000000000099
:1077F0000000000000000000000000000000000089
:1078000000003F3F3F3F000000001C0C0C0C82D7E3
:107810005F5FFCFCC0C0000FC0CFFF0FF0000B0289
:1078200021F2FAFAD782AFF5BAA8F0FFFFFF4002C3
:107830002000BEBEFCC0000000004C7B73AE000008
:10784000000000000000000010308483EBEBF5A086
:1078500040002014D7D7FA500000000000FC288018
:107860000000000000000000000000000000000018
:107870000000000000000000000000000000000008
:10788000850011000000001004000000000004004A
:1078900004000000040000000000000404001100C7
:1078A00004000000110000000400000000000400BB
:1078B0000400400004008000000000000000000000
:1078C00000000000000000000000000000000000B8
:1078D0000200000000000000104000000000000056
:1078E0000002000000000000000000000000000096
:1078F0000000000000000000000000000000000088
:107900000000040000000000000000000000000073
:1079100000008400000404000000000000000402D5
:107920000000900000009000000000000000000037
:1079300000000400010404004000000000000400F6
:107940000000000000000004000000000000000033
:1079500000000100000000000000A1800000000005
:107960000000008000400000000000000000000057
:107970000000000000000000000000000000000007
:107980000000000000000000008200000000000075
:1079900000000001000000000000000000000000E6
:1079A0004000400000000000000000000000000057
:1079B00000000000000000000000000000000000C7
:1079C00004000404000000000000000000040000A7
:1079D00000000200000000000000000000000000A5
:1079E0000000000000000000000000000000000097
:1079F0000000000000000000000000000000000087
:107A00000000000000000000000004100021001130
:107A10000020000000200000000004000000000022
:107A20000000000000000000000000400011000005
:107A30000000000000000000000000000020000026
:107A400000000000008000800000000000000080B6
:107A50000000000001000400000000000000000021
:107A60000000000000000000000000000000000016
:107A70000000000000000000000000000000000006
:107A8000000000000000000004010000008300006E
:107A900000000000000004210000000000000011B0
:107AA0008000080000000001000000000000000845
:107AB0000000000000008001000000000000000045
:107AC0000000002000000000000000000000000096
:107AD0000000000000001000000000000000000096
:107AE000000000000000000000000008000200404C
:107AF0000000000000000000000000000000000086
:107B000000000000000000000000C120002110085B
:107B1000A00084000000100085820200C000100058
:107B20000040020000000000C0408400100000007F
:107B3000C0800000A000000040080000000010000D
:107B40000003000000000200100000001000000010
:107B50001000000010000000850000001000000070
:107B60001000000000000000000000000080008005
:107B70000080000000000000000000000000000085
:107B80000000000000000000000000000300038867
:107B9000000000004100090000004100100000004A
:107BA0001000100000004100000041000000000033
:107BB0004100000009000000000000001000030068
:107BC000100000004100090010001000000010002B
:107BD0004100100008001000830000004100040074
:107BE0000000100002000000000000000040000043
:107BF0000000000000000000000000000000000085
:107C00000000000000000000000000000000A011C3
:107C10008240000000000800000000000000840016
:107C2000000000000000C0000000900082008800FA
:107C300000008400A000000000000000C000000060
:107C400084090000A0000000000000000000000007
:107C5000000000000200000000000211900000116E
:107C60000040000010400000000000000000004044
:107C70000040004000000000000000000000000084
:107C800000000000000000000000000000000000F4
:107C900000000000050000A0410100898000412192
:107CA0000500000103C103004140008280C0410083
:107CB0000089008800010000000000002100410050
:107CC000000100000020000005000000000000008E
:107CD000000041004100410000000000410005009B
:107CE00008000000100010840500004041000088DA
:107CF00041080000000000000040000000000000FB
:107D0000000000000000000005000000000000006E
:107D1000000084410000A000A01000029008200094
:107D20008484020310088408000500400400102128
:107D3000C00000089000000884118800C000A00066
:107D4000C0001040000000000000A0000020000063
:107D50001000000000000000000000001000000003
:107D60000000C1001000000011008400C08000006D
:107D70000000008000000000000000800000000003
:107D800000000000000000000000000000000000F3
:107D90000000000041A0000003402140412000906D
:107DA0001000418800000040000000000200008236
:107DB00010904100099000000340024002002100A1
:107DC0000000000040000000000000000000000073
:107DD000000000000000000041001000030000004F
:107DE00000004100410010400000104041004100EF
:107DF0000000008809000000004000900000000022
:107E00000000000010000000000000001000000052
:107E1000000000000000840000400000000000009E
:107E20000800000000000000000082008200020044
:107E300000000000000084118800C0890200844016
:107E400000110000C00010000009020088000000BE
:107E500000001000100000000000000000000040C2
:107E6000820000000000C000042000008800C00064
:107E70000000C00000000040000000000000000002
:107E800000000000000000000000000000000000F2
:107E90000000000000000000090000008000080051
:107EA00091030004000009092008002008100820A0
:107EB0000582050303834102038080804000118016
:107EC0000020000400200005002000830041000481
:107ED0000000000000000020004000000000000042
:107EE000000405050540100521200302820520201D
:107EF00041020909001005C0052000008000400073
:107F00000000000000000000000000000000000071
:107F100000000000000000000000010000008200DE
:107F20000100910100010000010101012000010197
:107F300001010105092000A001020004040201C0A2
:107F40000040000100000001000000830002000268
:107F500000040000000000000020000000000000FD
:107F6000000000040100A101010000000100020165
:107F70000100020000A09089008500A100004000DF
:107F800001000000000000000000000000000000F0
:107F900000000000000000000000000001020000DE
:107FA00000000100000000000000010000000000CF
:107FB00000000000000001C000040103A0008404D0
:107FC000A001054100000004000000000000008343
:107FD00000C00000000000000000001000000000D1
:107FE000000000000004C00002049100C0A089004D
:107FF0008800410011A0080090A1A10002014100E9
:1080000040400201020000000000000000000000EB
:108010000000000000000100000000C000A011806E
:108020002100050020000000000000000900000001
:10803000000000000000020540000583084005051F
:1080400085808940C085110020050540410003005E
:1080500041A0034105000000000000000080000076
:1080600000000000000000000502A0802005820042
:10807000402105004000C10089000983104102052C
:10808000A000C180054002000000000000000000C8
:1080900000000000000000000200000000000000DE
:1080A00000030011402180030200000009091103B0
:1080B0002002002010100820084180058521840539
:1080C0000085004080C100C10900000000000800D8
:1080D0000300800080000500000000000000000098
:1080E0000000000000000000000020040502402104
:1080F0008205400340094182042002020082850378
:1081000040020000000000800000000000000000AD
:10811000000000000000000000000000000000005F
:10812000000000000000010084010100000001A126
:1081300001010182009001C101A10090108304C1DE
:1081400084020004848508C10010000000000000C3
:1081500003000100080040000000000000000000D3
:10816000000000000000000000000000009101037A
:10817000018384820082018801840189C002820413
:1081800083A001020002008400040002000000003D
:1081900000000000000000000000000000000000DF
:1081A000000000000000000000000000000200903D
:1081B0000000000000000000000000000882C10074
:1081C000820005000203C003C00110040100010188
:1081D000000001000100000100000000000000009C
:1081E000000000000000000000000000000082030A
:1081F0000004400104C0C0400485900040C000015C
:1082000000000000000201410001000101400000E7
:10821000000000000000000000000000000000005E
:108220000000000000000000002000050000000029
:108230000000000000000000000000000000050039
:10824000082003039000838503C083419100200030
:1082500041410503200020000340050441000000C7
:10826000000000000000000000000000000000000E
:10827000A09003A09041A000009080840041800065
:10828000020303050303410020A0024002022080F4
:1082900000000000000000000000000000000000DE
:1082A00000000000000000002100008300000084A6
:1082B00081600083C1000000000000000000000099
:1082C00000000000000000000000000000000000AE
:1082D0000000000000000000000000000000060098
:1082E000000000000000120000000000000000007C
:1082F000120000000000000000000000000000006C
:108300000A000000000000000A82000000000000D7
:1083100000000000000000000000000000006000FD
:1083200000000000000000000000000000003CFF12
:10833000000000000000AAAA55AA00000000E558AD
:10834000B0878C35C33EC300E8E8C33390796F6FC4
:108350006FEF2020E6880000000019C74177000079
:10836000000000000000000000000000000000000D
:108370000000000090583015CFC0A0A00000000001
:1083800001996C18C3418281A16229245B0A001102
:1083900000000000000000000000000000000000DD
:1083A00000000000000000000000000000000000CD
:1083B0000C5FF0A000000000555500FF0000000019
:1083C000B6A48366C597492EFF3CE8E8221E381FF5
:1083D0007D7D6D6D6AAA3422000000000568C253DD
:1083E000000000000000000000000000000000008D
:1083F0000000000000009A680981CFC0AFAF000004
:108400000000064796030152F965A44923062C484B
:1084100048D4000000000000000000000000000838
:10842000000000000000000000000000000000004C
:108430000000FFFFFFFFFFFF96AA0000FFFF3C3494
:10844000343000000000EEE9555645D7B59A0000DB
:108450000000ADDD66C259575F0AC625FEBB20E7A6
:108460000000FBB4BEB800000000000000000000E7
:108470000000000000000000C4C814631009007070
:108480004D4D003CC704C7C70904810555FF728BD9
:1084900000000000D77DD55F000000000000000054
:1084A00000000204000000000000000000000000C6
:1084B00000000000FFFFFEFAFFD7AAAA0000FFFF9E
:1084C00018082830000000002A89C72DB83DEA1599
:1084D00000000000DF0D980F49130B0AA55F912ED5
:1084E000A0000C02FEEE9EBE000000000000000096
:1084F00000000000000000000000DEC806C3029477
:10850000000A4D4DC3FFFF3CFFFF8D4C0D8E573FC2
:108510007E3A000000007DFFFFD700000000000051
:10852000000000000000000000000000000000004B
:108530000000008600E001B900000086047C039280
:1085400000000086006000B000000086006000B0FF
:1085500000000086006000B0000000000C00000079
:10856000000000860C6000B00080000000000000E9
:108570000000000000000000000000000086006015
:1085800000B000000086006000B0000000860C60B3
:1085900000B000000086006000B000800000000015
:1085A00000000000000000000000000000000000CB
:1085B00000000000000000000000000000000000BB
:1085C000FF00FF00000000002F003F96FE22611D0B
:1085D000F69E31F6811523950BFD488200000000C0
:1085E000000000000000000000000000000000008B
:1085F0000000000000000000000000000000BBBB05
:10860000EFEFFAFBFAFB9C97A8352D2D2D2D0000DE
:1086100000000A4CD041000000008AF4401600001F
:1086200000000000000000008000000000000000CA
:108630000000090000000000000000000000000031
:108640000000FF00FF0000000000D4671E539FF8E9
:108650000ED34D04AD4D66A43335BF6900940000C0
:10866000000000000000000000000000000000000A
:1086700000000000000000000000000000000000FA
:10868000FEFEBBBB0A0BFAFB205241A200AA55FF1B
:1086900000000000900A10010000000023029D412C
:1086A00000000000000000000000000000000000CA
:1086B0000000002000000100000000000000000099
:1086C00000000000000000000000000000000000AA
:1086D000451D2262000000008419AC90E9C1A88009
:1086E000000000000000000008189C0900000000C5
:1086F000000000000000000000000000000000007A
:108700000000000000007D28FFAA00000000FF001C
:10871000AAAA1414033F54409D8900000000239925
:108720004E270000000000000000000000000000D4
:1087300000000040000000000200000000000000F7
:108740000000000000000000000000000000000029
:108750000000C61033C1000000001AE476A0FDD569
:10876000BC9400000000000000001240055800000A
:1087700000000000000000000000000000000000F9
:1087800000000000000000002D7DAFFF0000000091
:10879000C3C3F0F0D7D7033F400AD5CF0000000095
:1087A000994C2519000000000000000000000000A6
:1087B00000000000000000000000000000000000B9
:1087C00000000000000000000000000000000000A9
:1087D000008000000C800000000080C20000231D0B
:1087E000670093134440001059081880881A92DCDF
:1087F00006004B30000000000000000000000000F8
:1088000000000000000023138880AC80996340586A
:10881000C8254A00180008080000030211014000A2
:1088200000202000002810000000000000002000B0
:10883000060020000000000000000000000004000E
:108840000000000000000000000000000000000028
:108850000000040004000000040000000000040008
:108860000000000000000300000000000000000005
:1088700000000400040000000400000000000000EC
:1088800000000000000000001000000000000000D8
:1088900000000000000000000000000000000000D8
:1088A00000000000000000000000000000000000C8
:1088B00000000000000000000000000000000000B8
:1088C00000000000000000000000000000000000A8
:1088D0000000000000000000000004000000000094
:1088E0000000000000000000000000000000000088
:1088F0000000000000000000000004000000000074
:108900000000000000000000000001000000000066
:108910000000000000000000000000000400000053
:108920000000000000000000000000000000000047
:108930000000000000000000000000000000000037
:108940000000040000000000000000000000000023
:108950000000000000000000110000000000000006
:108960000000000000000000000000000000000007
:1089700000080000000000000400000000000000EB
:1089800000000040000000000000000000000000A7
:1089900000000000000000000000000000000000D7
:1089A00000000000000000000000000000000000C7
:1089B00000000008000000000000000000000000AF
:1089C0000000000090050000020982000000000085
:1089D0000000000000000000000000000000400057
:1089E0000000001002000000000000000000000075
:1089F00000000000900000000000000000000000E7
:108A00000000001000000000000000000000000056
:108A1000000000000010000000000400040000003E
:108A20000000000000100000000000000000000036
:108A30000000000000020000000000000000000034
:108A40000000000000400000002000000000410085
:108A500000001000008805000500000000A01000C4
:108A600000000000000010000000000000000000F6
:108A700000000000000000000000000000000000F6
:108A80000000000080000000100000000000000056
:108A90000000000000004100410000040000000050
:108AA00000000000000000000000000000000000C6
:108AB00000000000000000000000000000000000B6
:108AC00000000000000000000000000000000000A6
:108AD0000000000000000000000000000000840012
:108AE000000000000000880084099000840000005D
:108AF000000000000000C000C000000000000000F6
:108B00000000000000001000000000000000000055
:108B10000000000000000000000000000000000055
:108B20000000000000000000000000000000000045
:108B30000000000000000000000000000000000035
:108B40000000000000000000000041000020410182
:108B500020000040004000004000004000900390D2
:108B600000000000000000002090104009000000FC
:108B70000000020000000000410041000000004031
:108B80000200000000900000202000001000000003
:108B90000000000000000000009041000000000004
:108BA000000000000088000000000000000000003D
:108BB00000000000000000000000000000000000B5
:108BC000000000000000000000000000C0400400A1
:108BD0000040A0050011000000000000C000881146
:108BE000C011A0210000000000008400100000005F
:108BF00082000021002100000040C0108400880095
:108C000000A18440042000000000002100001000AA
:108C1000000004000000080000000000C000C000C8
:108C2000000084001000000300008240C00000002B
:108C30000000000000000000000000000000000034
:108C40000000000000000000000000000000100014
:108C5000020009000000000000A000000300000066
:108C600000000000000021000000000005000000DE
:108C7000000041A000000000020000000000000011
:108C80000200000005080040000000000001000094
:108C9000000021820000008221000000000000008E
:108CA0004100000020001000008200088000000049
:108CB00000000000000000000000000000000000B4
:108CC00000000000000000000000000000000000A4
:108CD0000000010000210000C000100000000000A2
:108CE0000000000000000000000000000011000073
:108CF0001009900000000000000001000000C0000A
:108D0000C00001000000008000800000000000089A
:108D10000000000000000000000000000000000053
:108D20000000C0000000000000208400008002005D
:108D3000C000000000000000000000000000000073
:108D40000000000000000000000000000000000023
:108D500000000800000000880090410002A000040C
:108D6000030000000090000010002100000010002F
:108D70002004050000000200100121000000009006
:108D800041214120000000080090040000000090F4
:108D90008000000000000000002000031000000020
:108DA0000900410041010040890003010082008266
:108DB0000040000000000000000000001000000063
:108DC00000000000000000000000000000000000A3
:108DD0000000000002000000A0001040840082009B
:108DE0000000A000000000040000000402000000D9
:108DF0000000C0208840000089000102000000003F
:108E00000209C0408420001100800200000000110F
:108E1000881140000000100000000420C088A0005D
:108E200000008811C000080200000200004090030A
:108E300082030200C00000000000000000000000EB
:108E40000000000000000000000000000000000022
:108E50000000000000000000000009000000000009
:108E60000000000000000000000000000000000002
:108E70000000000000000505800910C141C1020981
:108E800080A0418303820300808003004100802092
:108E900000040010008800000003002000210020D2
:108EA00000000000000000000502801041080805D5
:108EB00000030040414100020000000000000000EB
:108EC00000000000000000000000000000000000A2
:108ED00000000000000000000002909000A0004090
:108EE0000000000000000000000000000000000082
:108EF0000000000000000000008882100104004013
:108F000001A008100010010801020404009000A054
:108F10002003008500C100210000000000000000C7
:108F2000000000000000000000000101020100013B
:108F30000100002020C100C000020000000000006D
:108F40000000000000000000000000000000000021
:108F50000000000000000000000040000800A00029
:108F60001089000000000000000000000000000068
:108F7000000000000000000000008200840484A1C2
:108F8000C083840189C0902090A02000080089003F
:108F9000854000000088000100000000010000037F
:108FA00000000000000000C0000000000200048279
:108FB00091A1A10082008400A0A0A10300000000F4
:108FC00000000000000000000000000001000000A0
:108FD000000000000000000000000000000280000F
:108FE000800080050000000000000000000000007C
:108FF000000000000000000000000000054189A101
:10900000C190418583114180202041028202850068
:109010001000A080000000410002000000002000BD
:1090200003C1402010100000008000410020020019
:1090300084002108200411118300C10040050000B4
:109040000000000000000000000000000000200000
:109050000000000000000000000000000000000010
:109060000000800000000000000000000000000080
:1090700000000000000000000000000000000210DE
:1090800080891090858340848041850303050020FA
:10909000000500030020080000008000020000001E
:1090A000020000000000400000000000000000007E
:1090B00041020005052184102000000080004100CD
:1090C00000000000000000000000000000000000A0
:1090D0000000000000000000000000000000000090
:1090E0000002848408A0004000000000000000008E
:1090F0000000000000000000000000000000000070
:109100000110080803A140020184028309A003C0E2
:1091100000031002089000A10100100004000000EC
:10912000000000000000000001000000000000003E
:1091300000000191008500A184A00020208440C08F
:10914000010200000000000000000000000000001C
:10915000000000000000000000000000000000000F
:10916000000040410800A00040C0000000000000D6
:1091700000000000000000000000000000000000EF
:109180000000040120004001A010A001020008001E
:109190008490040110000800A0C00100000001003C
:1091A00000000000010000000000000000000100BD
:1091B0000002000001A0000100010020A0038420A3
:1091C0004000C0840000000000000000000000001B
:1091D000000000000000000000000000000000008F
:1091E00000000000808580000000000000000000FA
:1091F000000000000000000000000000000000006F
:109200000000000090058503851041804110850510
:109210000303C18080050010000800002000050045
:1092200010004100000020004020212120002000EB
:1092300010000500210041040308412005000085BD
:10924000002080028080000000000000000000007C
:10925000000000000000000000000000000000000E
:1092600000000000000000000000000000000000FE
:1092700000000000000000000000000000000000EE
:109280000000000000000000000000000A4800008C
:109290000000000000500000000000000A00000074
:1092A00000000000000000000000000000000000BE
:1092B00000000000000000000000000000000000AE
:1092C000000000000000000000000000000000009E
:1092D000000000000000000000000000000043004B
:1092E000000000000000000000000000000000007E
:1092F000000000000000000000000000000000006E
:1093000000000000000000006998C9F8254D458163
:10931000222C820460118E9400000000015900B3D9
:10932000364E810A0000000000008B628973000045
:1093300000009990FFF6000000003AF4779518DBE2
:1093400030300000000000000000000000000000BD
:10935000000000000000000000000000000000000D
:1093600000000000000000000000000000000000FD
:1093700000000000000000000000000000000000ED
:1093800000000000000000000000080808981040DD
:109390009002404A8691099409900000000000273D
:1093A000806A132308D00000000000006B958F84B2
:1093B00000000000FFF6DBD20000000015DCBA4C14
:1093C00018DBF3F3000000000000000000000000C4
:1093D0000000000000000000000000000008000085
:1093E000000000000000000000000000000000007D
:1093F000000000000000000000000000000000006D
:10940000000000000000000000000000000000005C
:10941000000000000000000000000000000000004C
:10942000000000000000000000000000000000003C
:10943000000000000000000000000000000000002C
:10944000000000000000000000000000000000001C
:10945000000000000000000000000000000000000C
:1094600002100000000000000000000000000000EA
:1094700000000000000000000000000000000000EC
:1094800000000000000000000000000000000111CA
:10949000018003AACB52E800207652080A08000097
:1094A0000000111862350CDC0440000000000000D0
:1094B0009DA838EC95A54959000000000000000067
:1094C0001ABC906C0F44C5AF6C00E8A588C20600BA
:1094D000000000000000000000000000000000008C
:1094E000000000000000000000000000000000007C
:1094F000000000000000000000000000000000006C
:10950000000000000000000000000000000000005B
:109510003626C1E05622A81140824020A425210110
:1095200000000000E89320F000038000000000002D
:109530000000042BD3F94955AFAA00000000000039
:109540000000E07B79B7F97708CE258795B3609E58
:1095500029380000000000000000000000000000AA
:1095600000000000000000000000000000000000FB
:1095700000000086006000B0000000000000000055
:1095800000000000000000000000000000000000DB
:10959000000000860C6000B000000086026000B889
:1095A00000000086006000B0000000860C6000B083
:1095B0000000000000000C0000000000000000009F
:1095C000000000000086006000B800000086006017
:1095D00000B00000000000000000000000000000DB
:1095E00000000000000080000100000000000000FA
:1095F0000000000009304084A04058000000000036
:10960000000000000000000000000000000000005A
:1096100000000000B0582431548122C65500C30F09
:109620001414BEBE04208600488A90060000000084
:10963000000000000000000000000000000000002A
:10964000000000000000000000007FF9A7DF2AFFF3
:10965000FA3F445D8BDC00000000000000000000C9
:1096600000000000000000000020000000000000DA
:109670000000000000000102904861140102000097
:1096800000000000000000000000000000000000DA
:10969000000000000000D00ED31A2819829255FF56
:1096A000C30F0A5F0A5F680430419002006800003F
:1096B00000000000000000000000000000000000AA
:1096C000000000000000000000000000D26BE3B9C1
:1096D0007AFF20DD02C5548A00000000000000006F
:1096E0000000000000000000000000000000020078
:1096F000000000000000000000021848EC2CE020F0
:109700000000000000000000000000000000000059
:1097100000000000000000009308C6245500D2D2CB
:1097200082D70505AAAAC3C32A104000F2C232029A
:109730004A00B0220000000000000000000000000D
:1097400000000000000000000000000000007D9903
:10975000935EB0712008C0C0BE820000000000000F
:1097600000000000000000000000000000000000F9
:109770000000000000000000000007484020EF2F1C
:10978000E3230000000000000000000000000000D3
:1097900000000000000000000000A0038D18FFAAD8
:1097A000D2D282D7AFAFFF00F0F022184420FECE15
:1097B0003E0E0A700089000000000000000000005A
:1097C0000000000000000000000000000000000099
:1097D000A47D5945204A8681FCFCBE820000000021
:1097E0000000000000000000000000000000000079
:1097F0000000000000000000000000000401000163
:109800000020000000000000000000000000000038
:1098100020000400000002400000000004000000DE
:109820000000000000000200000000000000000036
:109830001100000000000000000000000000000017
:1098400000000000002000000000000000000000F8
:109850000000000000000000000000000000000008
:1098600000000000000000000000000000000000F8
:1098700000000000000000000000000000000004E4
:10988000000400800000000084000000820000004E
:109890000000000000000000008000000000000048
:1098A00000000000000000000000000000000000B8
:1098B0000000000004000000000000000000008024
:1098C0000000000000000000000000000000000098
:1098D0000000000000000000000000000000000088
:1098E0000000000000000000000000000000000078
:1098F0000000000000000000000000000000000068
:109900000400800800000000000100850001000044
:109910000000000000000000000000000001020044
:109920000000000000000000000000000000000037
:109930000000000000000000000000000000000027
:109940000000000000000000000000000000000017
:109950000000000000000000000000000000000007
:1099600000000000000000000000000000000000F7
:1099700000000000000000000000000000000000E7
:109980000000002010A00010002000200020002077
:109990000009000000090000001000000000004065
:1099A0000100002000000020002000000200000054
:1099B000000800000000040004080000000000008F
:1099C0000000000000000000000000410000040052
:1099D0000000000000000000000000000000000087
:1099E0000000200000000000000000000000000057
:1099F0000000000000000000000000000000000067
:109A00000000000010C10001000280A000880000DA
:109A1000000000004188000000000000000000007D
:109A20000000000000000000000000000000000036
:109A3000000000000088000000001000000000008E
:109A4000030000000000008800000000000000008B
:109A500000000000210000000300000000080000DA
:109A600000000000000000000000004000000000B6
:109A700000000000000000000000000000000000E6
:109A80000000000000000020002000000400000092
:109A9000000000008400C000000000000000000082
:109AA00000000000000002000000000000000000B4
:109AB000000000000000000000000009000000009D
:109AC000100000090000000010000000000000006D
:109AD0000000C0000000A0000000000000000080A6
:109AE00000000000000000000000000000800000F6
:109AF0000000000000000000000000000000000066
:109B00000000000000000000100010910000001094
:109B1000004002004100100041000000000510005C
:109B200002400200004009904100008820400000EF
:109B30000588000000000000410000000000004017
:109B400000001000030000080000410000000000B9
:109B50000000210041000001210000000000100071
:109B600000000040000100010004000000000000AF
:109B700000000000000000000000000000000000E5
:109B8000000000000000000000001000C1081000EC
:109B9000C0110200000300030200C041C000824067
:109BA00010000200002102400000000000000080C0
:109BB00000000200C0110000000000000000820050
:109BC00010000000000000009080000002008800EB
:109BD00084009000A000C000884000000000000049
:109BE00084000221000000020040004000008400C8
:109BF00082000200000000000000000000000000E1
:109C000000000000000000000000000000000488C8
:109C100040010900080000000000082000000000CA
:109C20000040030000000800000040100200050092
:109C300000000010000080008001030141000000CE
:109C400041001000004000000088000000004100BA
:109C500002000000000000000000410000000000C1
:109C600002000000000000C00020000041000000D1
:109C700000000000004000000000000000000000A4
:109C800000000000000000000000000000001000C4
:109C900021000120000400000000000000800000FE
:109CA00000000080100000000000000001A002037E
:109CB000000000000000A000020002089040C00068
:109CC0000000000000000080000000000000000014
:109CD0000000010000000000000000000000000083
:109CE0000003000000000000000000000000000071
:109CF00000000000000000800000000000000000E4
:109D00000000000000000000000000000000000053
:109D1000101004080001A0200000000000028210C2
:109D200011000800110400000000080000000000FD
:109D30001082119000040082020000000000808266
:109D40000084000000914000000003400300000078
:109D50000000004000000009008821000900419037
:109D60000390000002000000000002001140000803
:109D700002410000000000000000000000000000A0
:109D800000000000000000000000000000000000D3
:109D90000000110082A000041184004010008821FE
:109DA000040300000000000000000040C00000406C
:109DB0000011C003880000000000024000000011F4
:109DC0001000C0009000104003000000820000213D
:109DD000900000000040001100C09005020000004B
:109DE0008800A0008403830084000000C04090919C
:109DF0000280C040000000000040844000000000DD
:109E00000000000000000000000000000000000052
:109E1000000000008084C1A0840900C1800000000F
:109E200011000000000000000000000080900210FF
:109E30000210008500200003000200054000000021
:109E40004100200000208583058500C10041008479
:109E500000400090000005880020109010830080D2
:109E6000008005800000410205400410020505093C
:109E7000800205050505000000004100000000000B
:109E800000000000000000000000000000000000D2
:109E90000000000000008802822111820041880237
:109EA000C0A0C082000200000000000000004003CB
:109EB00008A100A100C01000000000010000010086
:109EC00004000000000000040908000400400488A9
:109ED0000041008300410000010804050105010460
:109EE00004408404020400040100A00100010101F7
:109EF00000000200000000000000A00000000000C0
:109F00000000000000000000000000000000000051
:109F1000000000000000000002002140100340414A
:109F200002A0C0008800080204000800C00004006D
:109F30000400828402C0908402000284C0002000D9
:109F40004100A0000500C1208201C0218802C00399
:109F500000000140000100010000020002A0A10178
:109F6000840482008400A102C005030121C005030E
:109F700040400800020104000802A000A000020006
:109F8000A000000000000000000000000000000031
:109F900000000000000000000000410040210440DB
:109FA0008882000280108000800200008000000093
:109FB0000000001000410008008000008040000305
:109FC00000009002040090004000002080100085F6
:109FD0008085200041850540032000000909850097
:109FE00010108580034182008200040585200280D4
:109FF00005C185C0C10902208500828000000000E3
:10A000000000000000000000000000000000000050
:10A01000000000000000000000000000A0800080A0
:10A02000100082000000008000808080000000009E
:10A03000000000004100000080804000110000008E
:10A040000000100000900020008500894000000002
:10A0500082800580100080000000C1000000419057
:10A0600080850090058500000000C10000000311FC
:10A070000090000502A04182050303850202000052
:10A080000000000000800000000000000000000050
:10A0900000000000000000000000000000000902B5
:10A0A000000801C088A00004001000A0880400007F
:10A0B000000000000000008884C0041001020000BD
:10A0C000000000000100004100A10004000800821F
:10A0D000828402020040010004000400900000009D
:10A0E00000080409900400030082080840100004DE
:10A0F00000200009008901410041011000400002D8
:10A1000000A000C0000800400000000000000000A7
:10A11000000000000000000000000000000000003F
:10A12000030401059100C0040400880000000088B9
:10A1300000000000000000A083A105008400402072
:10A14000000001000000009004000400C0000204B0
:10A150008321040082004002000000010001000091
:10A16000000040410400900102C0020104004000D0
:10A17000028420C0A1012100C002400004000200AE
:10A18000402000000000000000400000000000002F
:10A1900000000000000000000000000000000000BF
:10A1A0000000830305842004098000108000000063
:10A1B0000000000200000000000090051000850073
:10A1C0009000050920000200418000028005000285
:10A1D0008000200583000500C100090004410940FA
:10A1E00041000000C185850505028300000580054A
:10A1F0008010808041100805020911008041800311
:10A2000000058080001100000000008000000000B8
:10A21000000000000000000000000000000000003E
:10A22000000000000088000BD00021000000000B9F
:10A23000000000000000000000000000000000001E
:10A24000000000000000000000000000000000000E
:10A2500000000000000000000000000000000000FE
:10A2600000000000000000000000000000000000EE
:10A2700000000000000000000000000000000000DE
:10A2800000000000000000000000000000000000CE
:10A2900000000000000000000000000000000000BE
:10A2A000000000000000400000400000000000002E
:10A2B000000000000000000000000000000041015C
:10A2C0006EA4000000004C04888100000000000023
:10A2D00000000540040104202D00000000009C083F
:10A2E00053580000000000009605020DF3F33030D3
:10A2F0000000000000000000C0C0FA0AA0A0D78241
:10A3000000000000993CA165000000000000000072
:10A31000000000000000000000000000000000003D
:10A32000000000000000000000000000000000002D
:10A33000000000000000000000000000000000001D
:10A34000120C0444000000000C015000000000004A
:10A3500000000000285823848F0240800000000085
:10A36000AAB290C4000000000000A0196A55EB28B2
:10A37000EB280000000000000000CFCFFA0AF5F53E
:10A38000D78200000000D5968692000000000000F1
:10A3900000000000000000000000000000000000BD
:10A3A0000000000000000000000000FF00FFFFFFB1
:10A3B000FF0000000000000000000000000000009E
:10A3C0000000A9770A50000000002E21420C000076
:10A3D0000000000000002414000900A30024000075
:10A3E000000030409AE80F0F555500003A11100058
:10A3F0005010000100000000EE91CC3355C3000F57
:10A400003C3CF0F0A5CFB24F630C6A48000000005E
:10A41000000000000000000000000000000000003C
:10A42000000000000000000000000000008200C2E8
:10A43000FDFFFD0000000000000000000000000023
:10A44000000000007C920851000000001D048308F9
:10A45000000000000000000025854CD808D200D084
:10A460000000000064C190D000FFC3C300000042A0
:10A47000000450100101000000009C09CC3255C3BB
:10A48000FF0FAAAAFF001B58F0A5F04580000000AE
:10A4900000000000000000000000000000000000BC
:10A4A0000000000000000000000000000000A58681
:10A4B0005094A08000050086008000800000008687
:10A4C000006000B0000000860C6000B00000008654
:10A4D0000C6000B000000086006000B00000008644
:10A4E0000C6000B0000000860C6000B000000000AE
:10A4F0000086006000B000000086006000B0000030
:10A500000086006000B000000086006000B000809F
:10A510000086006000B000000000000000000000A5
:10A52000000000000000000000000000000000002B
:10A53000FCFC3C3C05FF3DFFFFAAFF003C7D3F7F4C
:10A5400000000000000000000FC30055B0BAB5BF06
:10A55000000000000000000000205E5E0183801407
:10A5600008B0006006491020000000000000000054
:10A570000000AEA1D378C2C361665409806834F28A
:10A58000F1F181DEA1615C47B163FFF7BEFE58F4D3
:10A59000071200000000D03D74F30000000000002E
:10A5A00000000000000000000000000000000000AB
:10A5B0000000F0F0000005053D3DAAAA000000558E
:10A5C0000F5F00000000000000000FC3FF55101ACD
:10A5D000151F000000000000000010C08212B23001
:10A5E00014410205025200009082000000000000A9
:10A5F0000000000023BD1B220E14879C47C63811A3
:10A6000085AB0A402B6139BE246B1DEE621919859A
:10A61000FA4CF4D9000000002DC2A802000000008E
:10A62000000000000000000000000000000000002A
:10A6300000000000FF303030FC3CFD7DFF3030304A
:10A64000BEBF3C3F00000000FFFFFFFFFFFF013DDA
:10A65000053FF53F000000003C00B2B200000000E2
:10A66000989016014AA80041D594C180400842390B
:10A67000000000000000F8310244EB302830822E48
:10A680009B683030EB2800000000BE646447000087
:10A690000000B3CC201000000000ED40CB670000AC
:10A6A00000000000000000000000000000000000AA
:10A6B000000000000000FF303030F000F555FF30A2
:10A6C0003030AAAF000F00000000FBFFFFFFFEC20A
:10A6D00000000530F53000000000FFC3B2B20000FA
:10A6E00000002C00480042010020FDBCE9A8230125
:10A6F0002801000000000000CEFF3300EBF328F338
:10A70000EA172E02F3F3EB280000000020446A84CD
:10A7100000000000820435400000000013BD026804
:10A720000000000000000000000000000000000029
:10A7300000000000000000001120000000000000E8
:10A7400021010000040000002000000000000400BF
:10A7500000000000040000000000000000000000F5
:10A7600000000000040000000000000000000400E1
:10A770001100000000004100000000000000000087
:10A7800000000000000000000000000000002100A8
:10A7900000000000000000000000000000000000B9
:10A7A00000000000000000000000000000000000A9
:10A7B0000000000000000000000000800000000019
:10A7C0000000002000000000000020000000000049
:10A7D0000000000000000009000000000000000070
:10A7E0000000000000000000000000000000000069
:10A7F0000000900000000000000000C08200000087
:10A800000002000000000000000000000000000046
:10A810000000000000000000000000000000000038
:10A820000000000000090000000900000000000016
:10A830000000000000000000000000000000000117
:10A840000000040000000000000000000002000002
:10A8500000000000000000000400000000000000F4
:10A8600000000000000000040000000000000000E4
:10A8700000000000000000000410000000001104AF
:10A8800000000001000000000000000000000000C7
:10A8900000000000000000000000000000000000B8
:10A8A00000000000000000000000000000000000A8
:10A8B0000000000000000000000000000000000098
:10A8C00000200000030000110000000000104010F4
:10A8D0000000000000000000000000000010000068
:10A8E0000000001000000000000000000020002117
:10A8F0000000000000000000000000000010000048
:10A900000000000000040000000000000000002122
:10A91000000000000000040000000000000900200A
:10A920000000000000000004000000000000000023
:10A930000000000000000000000000000000000017
:10A94000000000900484040000000020004100008A
:10A950000000000000400088008800000000008423
:10A960000000410000000000000000000000001096
:10A9700000000000020000000000000010000000C5
:10A9800000000004000000000800000000000000BB
:10A99000000000000000000800401000000000005F
:10A9A0000008004000000008004000000000000017
:10A9B000000800000000000000000000000000008F
:10A9C00000002000820001100300820000000088C7
:10A9D00002004000000010800000000000000000A5
:10A9E00000001040C00900000000880000000000C6
:10A9F000000010000000020000000000A0000000A5
:10AA000000000000C08000000000081000000000EE
:10AA1000C000000200000020008000800000000054
:10AA200000000000008000000080008000000000A6
:10AA3000000900800000000000000000000000008D
:10AA400000000000000021001100000005904100FE
:10AA5000100040004001410104000001000000001E
:10AA6000000041000400410000000000100011003F
:10AA700010000000100009000090000041000000DC
:10AA80001000000000004100000000000000000075
:10AA90000000100002000000000000400000000064
:10AAA0001100000000000000000000040001000090
:10AAB0000000000000000000000000000000000096
:10AAC000000000000000C011A00000001000000005
:10AAD0000400020000058440041082040008901164
:10AAE000C00000000208C000000084000000102127
:10AAF000A000000000118804C00088000000004190
:10AB00000020C04004400000C00400000000841089
:10AB1000C0000211C0000000000002000000840319
:10AB20000000000900000000000000000000000814
:10AB30000000000000000000000000000000000015
:10AB400000000000000000004000100010200088FD
:10AB50002188030010A00201000000A000000000F6
:10AB600041000000004000A0000000880500000037
:10AB70000000000000000040000002000000000093
:10AB800041000000020000080000410041000000F8
:10AB9000001041880000410000000000002000007B
:10ABA000000000002100414000840000000000007F
:10ABB0000000000000000000000000000000000095
:10ABC000000000000000000000002100C000008024
:10ABD000020410000000C011C0408400000000000A
:10ABE00000000000000000800002040000090000D6
:10ABF0000000000000001000008010000100840030
:10AC0000000084000000110000800000C00000006F
:10AC1000000008000000000000000000C021000348
:10AC2000A000000000000000C080100000000040F4
:10AC30000000000000000000000000000000000014
:10AC40000000000000000000000000004190210012
:10AC500008022100100200890004400205C004001F
:10AC600000208004008810401040000000400000D8
:10AC70004100000800000388890000009040410066
:10AC80000901000008000000050004000000410068
:10AC90000000000003004102000041010200418465
:10ACA000000000000382008811080008100800005E
:10ACB0000000000000000000000000000000000094
:10ACC000000000000000000000000000000000097B
:10ACD0000820008940090284000200404000402012
:10ACE0000000C00002048400030010400000C040C7
:10ACF00000008440008010000009020000094004A8
:10AD0000881104409000C0000400000004200000EE
:10AD1000C00400000000020000808800C0408800DD
:10AD200084000000A040000000000080C08002807D
:10AD3000000000000004000000000000000000000F
:10AD400000000000100000000000000000000000F3
:10AD500010C0809003882010C000218020801080C7
:10AD60000080020021000080094100040005032149
:10AD7000890004002000050000008000040000009D
:10AD8000050220C1028505900080000005000080BA
:10AD900000002010829120A041830541008521A15F
:10ADA0000905050280C10241032003218003050338
:10ADB00041414080000005800400000000000000C8
:10ADC0000000000000000000000000000000000083
:10ADD0000000008908C11103010105908484000866
:10ADE0000002004090C0012000C088000001000166
:10ADF000000084009100010001000000020000003A
:10AE0000000003020340010400C0000402A000A0EF
:10AE100000200000A10302020104014001A0080477
:10AE20000020008805A084C00190014101A0040415
:10AE3000000400020102C0A000A000A00000000069
:10AE40000000000000000000000000000000000002
:10AE5000000000008800C190A10011400201040020
:10AE6000040041C091001000C000A10008000200D1
:10AE700002008900020005C00300050090000400E4
:10AE80000400020004008840A001050503008400BE
:10AE9000A0000821000010008584A101104190014C
:10AEA00084104000A041080010C00800C041840187
:10AEB00084044000A0030100000000040100000021
:10AEC0000000000000000000000000000000000082
:10AED000000000000000030090000841C0C10420F1
:10AEE00083008300A08010000200A0004041900079
:10AEF000830003000800840020800503410900004E
:10AF0000000000000000820241808502C10520048B
:10AF100084008500218500000302C0008808C085E8
:10AF200041038580A1024185A0104100C1030510A5
:10AF300085208500830341850200030008802004EA
:10AF4000030041004100410000000000000000003B
:10AF5000000000000000000010C1001100C1C08509
:10AF60000021801020880090000080008000008078
:10AF7000110300030008054100820011008500054F
:10AF800000000000000000800985000500884105E0
:10AF9000008080000000008000000404809005A173
:10AFA00089C003028091A141C19040858005054080
:10AFB0008904058580858002C08500830020000209
:10AFC00000200000000000008000000000000000E1
:10AFD00000000000000000000000000900850805D6
:10AFE000884000404002834100C100A020C0209062
:10AFF000008200000000000101010004008400093B
:10B0000000040004000400A00002004010A182041B
:10B010000105000482A082A00020000000020808B0
:10B02000A103844001A08205A00340400184048361
:10B030001105848800048202A0834140000208A117
:10B04000820500A1000000000000080000000000D0
:10B05000000000000000000000000000C003888421
:10B060000100111010A08203C001C00800400000C0
:10B0700000010008000100030000000201200000A0
:10B0800000010010000100000000000240410484A3
:10B09000100111C088A1A000A00102100000080149
:10B0A0000301A000A1020401828488010382A0019F
:10B0B000900020010808040504000201408200C03D
:10B0C000000100010000000200010001000000007A
:10B0D00000000000000000000000000000000490DC
:10B0E000A0A010200800800000200010000000C177
:10B0F000002100020080001000200002008008C132
:10B1000010200540098000400000000000008285FA
:10B1100085101002C10000050002002000000000A0
:10B120008305850210094000850541850540108092
:10B130004108100341202080210502050202C18040
:10B14000000000200002000000000041000200009A
:10B1500000000000000000000000000000000000EF
:10B160000000000B000000840000000B0000000045
:10B1700000000000000000000000000000000000CF
:10B1800000000000000000000000000000000000BF
:10B1900000000000000000000000000000000A00A5
:10B1A000000000000000D0000000000000000000CF
:10B1B0000A8200000000000000840000000000007F
:10B1C0000A820000000000000000000000000000F3
:10B1D000000000000000000000000000000000006F
:10B1E00000000AA08110C3C3999900000000FFFF6E
:10B1F00099990000000000000000000000002000FD
:10B20000040001910797181830F3000000000000B7
:10B2100000008000420C003CC3FF00000000000062
:10B2200000000000808080800000999920438022E7
:10B23000303081BDC031800400D83CD888821800ED
:10B240001438461A000000008DA7E65C00000000DC
:10B2500000000000000000000000000000000000EE
:10B26000000000000958608200FFF0F000000000BC
:10B27000FFFFFFBF00000000000000000000000012
:10B280000200114861F167F7DBDB30F300000000DA
:10B290000000000050210000D8D8D8D800000000DD
:10B2A00000000000000000C33CFF40D940D9479C8B
:10B2B0007EDCF3F381BD41004A04C3D8FFD8A0026D
:10B2C000000A3DE7851600000000C279FFAA0000D1
:10B2D000000000000000000000000000000000006E
:10B2E000000000000000000000000000000000005E
:10B2F000000000000000000000000000000000004E
:10B30000000000000000000000000000000000003D
:10B31000000000000000000000000000000000002D
:10B32000000000000000000000000000000000001D
:10B33000000000000000000000000000000000000D
:10B3400000000000000000000000000000000000FD
:10B3500000000000000000000000000000000000ED
:10B360000000000000000000220895C413540401EE
:10B3700000000000AAC4018000000000004051202D
:10B380000C0CDB1820428880000000009090F6F63C
:10B390000000000000000000A16B164980A8289161
:10B3A0000000000001704008000060F960F9F00042
:10B3B000F0FF2E2ED4D4837DB53D011580E0A4800E
:10B3C000011902B2A001B0DF482300000000280EDE
:10B3D0004600000000004022047000000000000051
:10B3E0000000000000000000000002843140150051
:10B3F000408700000000C4059951000000000010C3
:10B400004402CFCFDB18000002850000000024BDFD
:10B4100024BD000000000000000020030200D02C2A
:10B420000200000000004081E08400002424BDBD33
:10B430003C663C660F2F5154C3DAB53C00CB093A49
:10B440003C628D0220C800052B17D12A00000000A5
:10B450004186D55100000000220641200000000076
:10B4600000000000000000000000000001860080D5
:10B47000008800800086004100B8008000860060DF
:10B4800000B000000086006000B000000086006090
:10B4900000B000000086006000B000000086006080
:10B4A00000B800000086006000B0000000000086C8
:10B4B000006008B000000086006000B800800086D0
:10B4C000006000B000000086006000B00000008650
:10B4D000006000B00000000000000000000000005C
:10B4E0000000000000000000000000000000FFFF5E
:10B4F0003C003C7D3F7FFF55AA005555FFCF000023
:10B5000000000505405000000000000000000000A1
:10B51000000080920C280000000081A403010100BB
:10B52000694800240C0022A010112090A2100000F5
:10B530001100A50082825001F08310222AA2A0608F
:10B5400041EB05055F145FBE83C980321210018094
:10B55000000000001D004812000000000000000074
:10B5600000000000000000000000000000000000DB
:10B570003C003C0000550F5FB4B4B4B45555FFFF18
:10B580000000000045050050000000000000000021
:10B5900000000000A400C815000000006400800640
:10B5A000000002000400800150026226102C3902C3
:10B5B00000000402339234308028CCF04200B044C2
:10B5C00000E241EBAFAF0A140ABEC9A98404354FAB
:10B5D0006CB7000000005823611800000000000054
:10B5E000000000000000000000000000000000005B
:10B5F0000000FFFFF00014141F1F00030C0F033F97
:10B600005555049961490301282000000000A52434
:10B6100000400000000042882042000000009A889C
:10B62000010005040408EB283030F2930912D59488
:10B63000C1800000011320E8EA68C240803703B0EF
:10B64000AAC300F005AF828200AAF0C340F400282C
:10B65000AAF000C32C20BC2800000000000000005D
:10B6600000000000000000000000000000000000DA
:10B6700000000000F000F000FF14FF1F40434C4F9B
:10B68000033F55551200803740001284000000002F
:10B69000040250090000000004200298000000008D
:10B6A00020171B0C41105080EB28F3F316120602F2
:10B6B000FDBCE9A8000004920116FE7CD6540444A7
:10B6C0000008AAC3FFF005AFD7D7FFAAF0C34F42C7
:10B6D0002041AAF0FFC3AE20A0F20000000000004D
:10B6E000000000000000000000000000000000005A
:10B6F00000000000000002040404210000102100EA
:10B7000008000000020000200020000404200000C7
:10B710000000000000000400040004000000040019
:10B7200004000000040000200300002000100000BE
:10B730000000000000000000000004000000030002
:10B74000040004004000000000000400110000C0DC
:10B7500000000000000000000000000000000000E9
:10B7600000000000000000000000000000000000D9
:10B7700000000000000000000080908000000080B9
:10B780000000910000000100008000800080008027
:10B7900000000400000000000000000000030000A2
:10B7A0000000000000000000008000000080000099
:10B7B0000000000000000000008000000000000009
:10B7C0000000000000000000000000000000000079
:10B7D0000000000000000000000000040000000065
:10B7E0000000000000000000000000000000000059
:10B7F0000000000000000000000000000001004008
:10B8000000010084000000000000000000010000B2
:10B810000000000000000000000000000000000028
:10B820000000000000000000000000000000000018
:10B830000000000000000000000000000000000008
:10B8400000000000000000000000000000000000F8
:10B8500000000000000000000000000000000000E8
:10B8600000000000000000000000000000000000D8
:10B870000000000000000000000000000000004088
:10B8800000890040C00020000000200000000004EB
:10B890000000001000000000000000000000000098
:10B8A0000000000002000000001000000000000086
:10B8B0000000044100000000A00040000000000063
:10B8C000000000009000A000000000210000000027
:10B8D0000000000000100000000000000000000058
:10B8E0000000000000000000000000000000000058
:10B8F0000000000000410000000000000000000007
:10B900000000210000010088101000000008200045
:10B9100000000400000510000002000000401000BC
:10B920000002000000010000000000000000000014
:10B930000000000000000000000000000082000085
:10B940000000110000011000000000000000410094
:10B950000090090000000008000000002190000095
:10B9600000000000000000000000000000000000D7
:10B9700000000000000000000000000000000000C7
:10B98000080000000000000400000080002000808B
:10B9900001000000010000A00800A00000001080CD
:10B9A0001000028082000002004100000000C00080
:10B9B000C000880000000000C0000000002000005F
:10B9C0000000000000000008010010000000C0009E
:10B9D0004000001188008200008000000000A000EC
:10B9E000C003000000000000000000000040000054
:10B9F0000000000000000000000000000000000047
:10BA00000000410008002100210010000800009003
:10BA1000110100000000020000010000009004007D
:10BA2000100010000400040000001082000000005C
:10BA300041000000008800001082008202004000E7
:10BA400040000000100000882000000008000000F6
:10BA50000000410000000000000000004100000064
:10BA600000000000000000000000000000000000D6
:10BA700000000000000000000000000000000000C6
:10BA80000000000000001000080000000200A000FC
:10BA90008811C04000000000000000040000000009
:10BAA00000000000000010000000840010000000F2
:10BAB0000200100000000000000000000000000074
:10BAC000000000000000000010008400A00410002E
:10BAD00000008800100000000000000000000000CE
:10BAE0000000000000200000100000001000100006
:10BAF000080000002000000000000000A00000007E
:10BB0000000000000000410000000089100009C092
:10BB10001082031000000000100021040082410286
:10BB20002100004010004020000080008000400004
:10BB3000100002000000410000000000008800002A
:10BB400000000008030000000000000000010000E9
:10BB50001000100082004100000000000000000002
:10BB60000000000000008040000000000000000015
:10BB7000000010001000000000000000008800001D
:10BB80000000000000000000A00000000004A01160
:10BB900084009020000010090000000000800000D8
:10BBA000C08000200080100001200200022002005E
:10BBB0000100000001008200001100000000900060
:10BBC0000000000000800000000010000000844021
:10BBD00000211000004011000000000090008200D1
:10BBE000A000000000000000108000000000000025
:10BBF0000000000000000400000000000000000041
:10BC00000000000000000000000008040300000025
:10BC100000840000000000040300118220400000A6
:10BC2000000000000040100021001000044000004F
:10BC300000000400000000000000000011000000EF
:10BC4000048200900000404009A0000000000000B5
:10BC500000400084000000000000114002000200CB
:10BC60000000000000200000004000000000000074
:10BC700000000000000000000000000000001000B4
:10BC800000000000000000000000000000000000B4
:10BC900002000000080010008800C0000000000042
:10BCA00004000011000000800102400010000000AC
:10BCB00000000000080000000000C00082400000FA
:10BCC000900010000000000440800402000000000A
:10BCD00000001000000008000000C0000080830089
:10BCE0000000C000000000002004008000000000F0
:10BCF000000000009009C000000000000000820069
:10BD0000001110000000000000000000000005000D
:10BD1000C18908C10341091185080903400588004C
:10BD20008089850040044100A000080041002040B7
:10BD3000A1034040410305030510084110020520FE
:10BD40000983108420A102808080108002000000FE
:10BD50000200000005804180410000000800020050
:10BD6000044109C0408410C10000800004000000AC
:10BD700000000000000000000000000000000000C3
:10BD80000000400000000000000020000000000053
:10BD900000820811010301C0000003000000000040
:10BDA0008902080508820100000005000100010069
:10BDB0000001040001010100A12085A00002010290
:10BDC00003A08284010200C0010240400140000241
:10BDD000000001402020000400400000040000009A
:10BDE000000000902041014000030000040000001A
:10BDF0000000000000000000000000000000000043
:10BE00000000000001000000000000000100000030
:10BE100000000901094090102085A000051005854B
:10BE20000204C00083C00288A00104000200400098
:10BE30000402C0001020C001C10040000510A00095
:10BE400004030401C1020284908541038400A09090
:10BE50000483000008008400A040A0410400020008
:10BE600004004000210040844101090920A0400055
:10BE700004000200000000000000000000000000BC
:10BE80000000000001000000000000C000000000F1
:10BE9000000000C02008C180030084894102020024
:10BEA00091C1200009024000408002098002000088
:10BEB00080008000040041900440C0008303A00083
:10BEC000C1418305C0108400048321058203C100A1
:10BED000850082850000A020C000A08041858000F0
:10BEE000000080008000052085808504A085A100D9
:10BEF00084008500410000000000000000000000F8
:10BF000000000000000008000000000000800000A9
:10BF1000000000000080000200C109840311200815
:10BF200000400591A08540C080080084C04000A06A
:10BF3000008200C10083411000C000828503208080
:10BF4000000580A18905024100050421898800209F
:10BF500000C1108500200000004000208085008581
:10BF60000085008500C10041100800900010038585
:10BF700000800000008000000000000000000000C1
:10BF800000000000000000000000000000000000B1
:10BF9000000000000000000000090220030401204E
:10BFA000009000A001A040820109089100A089032F
:10BFB00000210040002000200010002100A10220EC
:10BFC000000208A14003840200C08221118584057B
:10BFD000022082C0830420A100000040C0C0C0C075
:10BFE000004000040004000500020003C0408283FA
:10BFF0000102002000A00004000200000000000078
:10C000000000000000000000000000000000000030
:10C010000000000000000000000083038508840188
:10C020000488210841850201100408888808050158
:10C030000188C00190008400040200040100010195
:10C040000002200109000800028204000400C00070
:10C05000020220210401400020840000400120024F
:10C060004000C004000000080000002090114001C2
:10C07000410102020000000000000040000000003A
:10C0800000000000000000000000000000000000B0
:10C09000000000000000000000000000898540C191
:10C0A0008008030082028490054111008289808308
:10C0B00002034000002000008000008020A0040255
:10C0C000212041800305200883104080A009C1037E
:10C0D0002009A1000005002080410080000000052B
:10C0E00000838041800000050000000000004190B6
:10C0F0009105854084800005000400020080000056
:10C10000000000000000000000000000000000002F
:10C11000000000000000000000000000000000001F
:10C120000000D000006000000000000000000000DF
:10C13000000BD000008200000000000000000000A2
:10C140000000000000000000000000000088000067
:10C15000000B000000000000000000000A48000082
:10C1600000000000000000000000000000000000CF
:10C17000000000000000008200000000000000003D
:10C1800000000000000000000000000000000000AF
:10C19000000000000000000000000000000000009F
:10C1A0003C3C3CFFBE3CBF3F0FCA00CAC300E8E8AE
:10C1B0000C0CFFFFFC3CFD7D00000000FFFFFFFFBB
:10C1C000031B205144C300C4A0000000AAAAF0F041
:10C1D0000009002DEBEB28280000000060083EC29B
:10C1E0000000000000005A2BC0180000000016A438
:10C1F0002C25B2B2C3005050EB41000000000000FB
:10C20000000000000000000000000000000000002E
:10C21000000000000000000000000000000000001E
:10C220000000000000FFAA00AF0FFFCAF0CAFF3CE9
:10C23000E8E80C0C0C0CF000F55500000000FEFFC7
:10C24000FFFF950082B80201389000080041FF000E
:10C25000FFFF00FB40C1FCC0FCC000000000D8D2C2
:10C2600003050000000000009150112200000000B2
:10C2700083E98704B2B2FF3CFAFAEB410000000008
:10C2800000000000000000000000000000000000AE
:10C29000000000000000000000000000000000009E
:10C2A00000000000BA30BA30FFFFBA30170017C3E1
:10C2B000FE7CEA68BE3CBE3CFFBAFF3000000000D6
:10C2C0000000000030D07461FFFFF7FF00128438D7
:10C2D00000C0400055225249280020000000000004
:10C2E00021581E0000000000000010048011000012
:10C2F0000000000000001414033F3A3A3A3A0000EC
:10C3000000004005F03A00000000000000000000BE
:10C31000000000000000000000000000000000001D
:10C32000000000000000BA30BA30BA30BA30173C12
:10C3300017FFD654C240AA00AA00BABA3030000093
:10C34000000000000000922CB202FF00F70014AAC7
:10C350000000481211090555588814381C2800009F
:10C360000000C01FD08000000000000002284488A8
:10C370000000000000000000D7D7033FFFF00F00CF
:10C3800000000000284646200000000000000000D9
:10C39000000000000000000000000000000000009D
:10C3A00000000000000000000086007000B00000E7
:10C3B0000186006000B00000008600900080000050
:10C3C0000086006000B8000000860C6000B80080A5
:10C3D0000086006000B800000086004100A0000058
:10C3E0000086006000B0000000000086006000B021
:10C3F00000000086006000B000000086006000B011
:10C4000000000086006000B0000000000000000096
:10C41000000000000000000000000000000000001C
:10C420000000000000000000000000554B4B505F72
:10C43000505FA402A14CC3FF4D4DFAF0AA003C3F4F
:10C440007D7FFFFFF0F06504129C00000000C1A09A
:10C45000000082006540006E5C41BEBE1414F530E1
:10C46000F53F036284470010010100006002C5FB34
:10C47000D131B1A800000000316880CBC2872222F0
:10C480004824C020000000002A929D4000000000C7
:10C49000000000000000000000000000000000009C
:10C4A000090000000000000008000000AAFF4B4B3C
:10C4B0000C0CFCFC1AA0CA00003C4D4DFAF0AA007E
:10C4C000000F555FD7FFF0F0442904720000000010
:10C4D00020870E8281879080C392B642FA50FA502C
:10C4E0000530053F24124981114044840000084B67
:10C4F000A4D41B959050000000000794721B6501A6
:10C500008077B5000C000000000051316E1500006E
:10C51000000000000000000000000000000000001B
:10C520000020000001000000000000000100FF509A
:10C53000AF00305F3F5F0000000060000620FAF0AF
:10C54000AA00BE3CBF3F00000000F2FFFAFF00005F
:10C5500000008883000801417010F33082820003DC
:10C56000C0C382008200616090A03C00B2B20000B3
:10C57000AD2802D55500D2D2000000008F3400D47F
:10C5800021A21C0DA411A18A00000000192E662012
:10C59000000000000000000000000000000000009B
:10C5A0000040000000000200004000000000000009
:10C5B000FF53AC0030503F5000000000000A001450
:10C5C000FAF0AA00AA00AF0F00000000FFFFFFFF73
:10C5D000000000000030265004C04602F330BEBE0A
:10C5E0000407C4C7FCFCC0C048295048FFC3B2B20E
:10C5F000000060659A00FFAAD2D20000000033411B
:10C6000034438C9223D03D36468500000000CC0296
:10C610004A210000000000000000000000000000AF
:10C62000000000000000000000000000000000000A
:10C630000000040000000400040004000300008265
:10C6400000000000000004000400040000000400DA
:10C650001104200011000400040004000400000084
:10C66000001011000000040000000400000004009D
:10C670000020000004000400040004000400000086
:10C680002100000000000000040000000000000085
:10C690000000000800000000000000000000000092
:10C6A000000000A0000000000000000000000000EA
:10C6B0000000000100000000000000000000000079
:10C6C000000000000000000000000000000000006A
:10C6D00000000080000000000000000004000000D6
:10C6E00000000000000000000000900000000000BA
:10C6F0000000008000C000000000000000000000FA
:10C700000000000000000000000500000000000024
:10C710000000000000800000000000000000000099
:10C720000000000000000000000000000000000009
:10C7300000000000002000000000000000000000D9
:10C7400000000000000000000000000000000000E9
:10C7500000000000000000000000000000000000D9
:10C7600000000000000000000000000000000000C9
:10C7700000000000000000000000000000000000B9
:10C7800000000000000000000000000000000000A9
:10C790000000000000000000000000000000000099
:10C7A0000000000000000000000000000000000089
:10C7B0000000000000000001000000000000001167
:10C7C0000000000000100011000000000000000048
:10C7D0000000000000000000000000000000000059
:10C7E00000000000000800210000000000004000E0
:10C7F0000000000000000000000000000000000039
:10C800000000000000000000002100000000000007
:10C810000000000000000000000000000000000018
:10C820000000000000000000000000000000000008
:10C83000000000000000000000080208050021823E
:10C84000210011000000410008000000110000005C
:10C8500000000300000000008400008400000900C4
:10C860000000000000000000000000A00000110017
:10C870004100000000000000000500001000000062
:10C880000500080000000000000000004100090051
:10C890001100090000000000000008110000000065
:10C8A000000000000000050000000500000000007E
:10C8B000000000000000000000000011840084005F
:10C8C0000020842184210000080010000021900035
:10C8D00000001000C0000000080009000000000077
:10C8E000000000000000C0009000000000000009EF
:10C8F0009000000000000000000084900000100084
:10C90000C000000000008400000004000400C0001B
:10C9100082099000000000000000000001200000DB
:10C920000000000000000000000000008200000085
:10C930000009000000000000000000000084210247
:10C94000100000820000040021001090030000008D
:10C9500010000800404000001000410010001000CE
:10C9600000004100090000000000410041004100BA
:10C970002100410041000000000041001082000041
:10C980001000410041000000000010004100410083
:10C9900010000300000000000000030041004100FF
:10C9A000050041000500200000000000000000001C
:10C9B0000000000000000000000000000000000077
:10C9C0004000844000000000000000110000000052
:10C9D00000000000020000400021000000000000F4
:10C9E000200000000000881100000000000000008E
:10C9F000000000000211000000090000000000001B
:10CA00000000000000000000000000000000000026
:10CA100000000000C0000000020000000000000054
:10CA200000001000000000000000000000000000F6
:10CA300000000000000000000000000000000000F6
:10CA400000000300000000000000000008000000DB
:10CA50000000000011000088000010000008000025
:10CA6000000811000000000010000000000000009D
:10CA700041000000000000880000100000000000DD
:10CA80008082000011000000100041000000000042
:10CA900003000000000000004188000010000000BA
:10CAA0000000000141000000100000000000110023
:10CAB0001000000041000000000000000000000025
:10CAC00000000000C0211000C00900001009C04093
:10CAD000000002401000C0000000A00000000000A4
:10CAE00000000080000000000000000000000000C6
:10CAF0009000000084000009900000000000000089
:10CB0000000010000000100000000000880000007D
:10CB1000000000000000C00000099020000000009C
:10CB20000000000000040000000000000000000001
:10CB300000000000000000000000100000000000E5
:10CB400000000000000040024100100010001090A2
:10CB500000000000411000C000000000000400A020
:10CB6000000000004100000441001000050010001A
:10CB7000000000000000000000000300100000881A
:10CB800000900900000000001000100000001000DC
:10CB9000100009000000000000000000000000007C
:10CBA000090000001000000000001000000010004C
:10CBB00010004100000000000000000041004100A2
:10CBC0000000000000000000400802000003020016
:10CBD00084000000880020000000004002000240A5
:10CBE0000000000000000000000000000000001134
:10CBF0000000000088110000000800090440C00087
:10CC0000000000000000000000000000C000000064
:10CC1000000000000000000000000000C000044010
:10CC20000000000000000000000000000000000004
:10CC300000000000000000000000000000000000F4
:10CC40000000000000000000000080000000000064
:10CC500000008000000000000020000080000003B1
:10CC600000080000020000800000800000000000BA
:10CC70000000800000000000002100000000000310
:10CC8000000500000000000000000000800000001F
:10CC900000000000800040000080002000800000B4
:10CCA000000300050000020000800000800000007A
:10CCB0000000000080004000008000200080800014
:10CCC000000380050000000000000000820000005A
:10CCD000008200C08200000000A0C00100404000AF
:10CCE000000100010000000000C000008200000000
:10CCF000008200C082000000C0A0A00100900400DB
:10CD0000000100000000000000A000000000820000
:10CD10000000008200C08200010000C00201020881
:10CD20000200000100000000000000C000008200BE
:10CD30000000008200C08200010000C00201000863
:10CD40004000000140000000000000A000000000C2
:10CD50000400000000000000A1000000900003009B
:10CD600008000000A0000000000000010182000097
:10CD7000C000000000000000A1000000400005000D
:10CD8000C10100004000000000000001000200009E
:10CD900000000400000000000000A10000004000AE
:10CDA0000500C10100004000000000000001010278
:10CDB00000000200000000000000A1000000400090
:10CDC000050002010000040001000000000101C094
:10CDD00000008000000000000000040000000000CF
:10CDE0002000830400090000090000000041418088
:10CDF000000080000000000200000400000080002D
:10CE00002000881000098002090000000020028034
:10CE1000000000008000000000000000040000008E
:10CE20008000200004200009800020000000004154
:10CE300041800000800000000000000004000000AD
:10CE400080002000094000090000210000000020AF
:10CE50002000000000000000000000000000008032
:10CE600040880041000000000000000000000000B9
:10CE700000000000000000000000000000000000B2
:10CE800004880041000000000000000000000000D5
:10CE90000000000000000000000000000000000092
:10CEA00000000488004100000000000000000000B5
:10CEB0000000000000000000000000000000000072
:10CEC000000040C100410000000000000000000020
:10CED0000000000000000000000000000000000052
:10CEE00000400109000000000000000000000000F8
:10CEF00000820000000000000000020000000000AE
:10CF00000002000900000000000000000000000016
:10CF100000A0000000000000000000000000000071
:10CF200000000002000900000000000000000000F6
:10CF3000000000820000000000000000000000006F
:10CF400000000002010900000000000000000000D5
:10CF5000000000A0000000040100008300000000A9
:10CF600000000400000000820000004000000002F9
:10CF700000000000000200000100000200000000AC
:10CF800000000500000000820000002000000000FA
:10CF90000000000000020000000401000083000007
:10CFA00000000000050000000082000000200000DA
:10CFB000000200000000000200000000002000004D
:10CFC00000000004040000000082010000020000D4
:10CFD000000000000000004000800400000200008B
:10CFE0000000410088000000008510000080000063
:10CFF000000000000000008000004100000200006E
:10D0000000004100C0000000008502000080000018
:10D01000000000000000000000000080040000028A
:10D02000000000004100C0000000008502000080F8
:10D03000000000000000000000000000050000A14A
:10D0400000000000410090000000008520000080EA
:10D050000000000000000000008000000000000050
:10D06000120000000000000012008148000BD000F8
:10D07000120000000000000000500000000000004E
:10D08000120000000000000012008148000BD000D8
:10D09000120000000000000000000000000000007E
:10D0A0000000120000000000000012008148000B88
:10D0B000D00012000000000000000000000000008E
:10D0C0000000120000000000000012008148000B68
:10D0D000D00012000000000000000000000000006E
:10D0E0000000000000000000000000000000000040
:10D0F0000000000000000000000000000000000030
:10D10000000000000000000000000000000000001F
:10D11000000000000000000000000000000000000F
:10D1200000000000000000000000000000000000FF
:10D1300000000000000000000000000000000000EF
:10D1400000000000000000000000000000000000DF
:10D1500000000000000000000000000000000000CF
:10D1600000000000000000000000000000000000BF
:10D1700000000000000000000000000000000000AF
:10D18000000000000000000000000000000000009F
:10D19000000000000000000000000000000000008F
:10D1A000000000000000000000000000000000007F
:10D1B000000000000000000000000000000000006F
:10D1C000000000000000000000000000000000005F
:10D1D000000000000000000000000000000000004F
:10D1E0000EDE000000000000000000000000000053
:10D1F00000000000000000000000000000007B7044
:10D200000EDE000000000000000000000000000032
:10D2100000000000000000000000000000007B7023
:10D2200000000EDE00000000000000000000000012
:10D2300000000000000000000000000000000000EE
:10D240007B700EDE00000000000000000000000007
:10D2500000000000000000000000000000000000CE
:10D260007B700663C002000000000000408C0700D5
:10D270000000000000003002000000000000400339
:10D28000C6600663C002000000000000408C07007A
:10D290000000000000003002000000000000400319
:10D2A000C66000000663C002000000000000408C61
:10D2B0000700000000000000300200000000000035
:10D2C0004003C6600663C002000000000000408CFE
:10D2D0000700000000000000300200000000000015
:10D2E0004003C6600000110000000001A000210002
:10D2F0000400000002000400040000000000200000
:10D3000000001100110000000000000000000040BB
:10D3100004000000000011000400000000000400F0
:10D3200000000000000000000000000000001100EC
:10D3300000000400200000000400000000000000C5
:10D34000000000820000000000000000000000005B
:10D3500000000000000000000000000000000000CD
:10D3600000000000000000050000000000081000A0
:10D3700000000000000000000000000000000400A9
:10D38000000000000000000000000000000000009D
:10D3900000800000000000000000000000002000ED
:10D3A00000000000000000800000000000000000FD
:10D3B000000000000000000000000000000000006D
:10D3C0000000A000000000000000000000000000BD
:10D3D000000000000000000000000000000000004D
:10D3E000000000000000000000010001000000003B
:10D3F000000000000000000000000000000000022B
:10D40000000000000000000200000000000000001A
:10D41000000000000000000000000000000000000C
:10D4200000000000000000000000000000000000FC
:10D4300000000000000000000000000000000000EC
:10D4400000000000000000000000000000000000DC
:10D4500000000000000000000000000000000000CC
:10D46000000000000000000000000020002000007C
:10D4700004000000000000000000000000000000A8
:10D48000008000000000000000000000000000001C
:10D49000020000000000000000000000000000008A
:10D4A000000000000000000000000000000000007C
:10D4B000000000000000000000000000000000006C
:10D4C000000000000000000000000000000000005C
:10D4D000000000000000000000000000000000004C
:10D4E000000000000000000000000000000000003C
:10D4F00010000400000010000200100008000001ED
:10D500000000000100000000028400840000100000
:10D51000000002000000050000084140000000007B
:10D5200000000300000000000000020000000000F6
:10D5300000000000000000000000000000000000EB
:10D54000400010014000000000000000000000004A
:10D5500000000000000000000000000000000000CB
:10D5600000000000000000000000000000000000BB
:10D5700010000000C1000000C10001000800000010
:10D580000002002000400000000001000000000038
:10D590000000000083008400100000800080000074
:10D5A000000000000000000000000000010000007A
:10D5B0000000000000008200840000000000000065
:10D5C0000000011101400100000000000000000007
:10D5D00000000000C0000000C00000000000C0000B
:10D5E000000000000000000000000000000000003B
:10D5F0000900410000200900030005000900200186
:10D6000010000900090000000000000000002000D8
:10D6100011001000000000000000050000000000E4
:10D6200010004100000000000300000000000000A6
:10D630000000410041000000200005000000000043
:10D640000000000000001000000041000000000089
:10D6500002000000000000000000000000000000C8
:10D6600000000000000000000000000000000000BA
:10D670000000000284090080001100000011000079
:10D680000040000300110000000000040000000042
:10D6900000000000C0000000000000008400000046
:10D6A0009000000084000000000000200000000046
:10D6B000000000000000000000210800820084003B
:10D6C0002000200000000000000000040000000016
:10D6D000000000000000000000000000000000004A
:10D6E000000000000000000000000000000000003A
:10D6F0000000000010204182000009A08000050009
:10D7000000400500008210C0000000A0034000009F
:10D710000000000000001000008900001000100050
:10D720000000000010A01000000000000300000036
:10D7300000000000000000004100000000010000A7
:10D74000000000000088000010010000000100003F
:10D7500000000000000000000500000000000300C1
:10D7600000000000000000000000000000000000B9
:10D7700000000000000000800000080000004000E1
:10D780000000100010000800C00010000000008021
:10D7900000000000C0000000000000400800000081
:10D7A0001000100000000000C00010000000000089
:10D7B0000000000010000000000000000000080849
:10D7C0000000000010000000000010401000844025
:10D7D0000000000000000000000000000000000049
:10D7E0001000000010000000840010000000840001
:10D7F00000000000000000004000418802A02091CD
:10D8000000400000009000821182094000000000EA
:10D810002004000000000082410010000000000011
:10D820000000100000000000000009900000A18826
:10D8300000200000000000000000100004000000B4
:10D8400000000300050000042000000000000000AC
:10D8500000000004100000000000000000000000B4
:10D8600000000200000000001000000000000000A6
:10D870000000000000000000000010119040200097
:10D880000202820000400011000000000080000041
:10D890000000000000000000000000001000000078
:10D8A0000000044084110000904000000411901119
:10D8B00040200020840002008200000000000000E0
:10D8C00000000000000000000000000084000011C3
:10D8D0000000000000000000000000000000000048
:10D8E0000000000000000000000000000000000038
:10D8F00000000000000000000000000000A000C1C7
:10D9000040A10003404000C120A1080500400005DF
:10D910002103000200000080008000000000800061
:10D920000200000040000000080010000010020586
:10D930000041002100000000410000000000000044
:10D9400002000000000000000000000000000505CB
:10D950008005210403030000000000000000000017
:10D9600000000000000000000000000000000000B7
:10D97000000000000000000000000000000000891E
:10D980000008050500020189A040010400200001F3
:10D9900002000100000000A0002000400004000080
:10D9A000C000000000000100A00001000100000113
:10D9B0000000000100000000020000000000000064
:10D9C0000000000000000000000000000000000057
:10D9D00000008200010000000000000000000000C4
:10D9E0000000000000000000000000000000000037
:10D9F0000000000000000000000000000000000027
:10DA0000010182C0048803C1900184C0C001C0022A
:10DA10000100000200010003A000A00002000400B9
:10DA2000A0000200080008000001000000000090B3
:10DA300000000002000000000000000000000000E4
:10DA400000000000010001000100000000000000D3
:10DA5000000003000400A10002A10000000000007B
:10DA600000000000000000000000000000000000B6
:10DA7000000000000000000000C0000000000000E6
:10DA8000000010034182A0C120201040C180210865
:10DA90000240400205030521039000000000000041
:10DAA000000000000000800080090040000000002D
:10DAB0000000000000200003000000000000000043
:10DAC00000000000050008001000410000000000F8
:10DAD0000000000010028500A100022000000000EC
:10DAE0000000000000000000000000000000000036
:10DAF0000000000004000000000000000000000022
:10DB000000000000100000800080C100088800C1F3
:10DB100080A12020030000800080000000000000A1
:10DB200000000000000000000280000000A10010C2
:10DB3000002000820200000000008400008000003D
:10DB40000080000000000000000000000000000055
:10DB5000000000000000098900850004C0400000AA
:10DB600000000000000000000000000000000000B5
:10DB700000000000000000000000000000000000A5
:10DB8000000000000000010000C000048802014005
:10DB9000A0402020002001900004000400040000A8
:10DBA00002000200000000A00002000800040008BB
:10DBB000009100040002000000000000200000208E
:10DBC00000A0001000A00000000000000000000005
:10DBD000000000000000000000040004000403C175
:10DBE0000000000000000000000000000000000035
:10DBF0000000000000000000000000000000000025
:10DC00000000000000000000010004890200000084
:10DC100041014101210002840400050002000200CC
:10DC20000000000000000088000100000000000863
:10DC3000200490008200C0000000010000000000ED
:10DC400000000000000000000000000000000000D4
:10DC5000000000000000000000000402A00002011B
:10DC6000C0020000000000000000000000000000F2
:10DC700000000000000000000000000000000000A4
:10DC8000000000000000000000001004C1A00941D5
:10DC90000300A0059020880540808500C011030284
:10DCA000110000020000000000000002000000005F
:10DCB000008080800000000000000500410004009A
:10DCC0000300000000000000000000000000002130
:10DCD00000090000000000000000000080020004B5
:10DCE00000020080000000000000000000000000B2
:10DCF0000000000000000000000000000000000024
:10DD00000000000000000000000000000000000B08
:10DD10000000810000000000000000000000000082
:10DD200000000600000000000000000000000000ED
:10DD300000000000000000000000000000000000E3
:10DD400000000000000000000000000000000000D3
:10DD500000000000000000000000000000000000C3
:10DD60000000000021000000000000000000000092
:10DD700000000000000000000000000000000000A3
:10DD8000000000000000000000000000000001147E
:10DD9000590000000000E1E1009902466041C080A6
:10DDA000000400000000000000000000000000006F
:10DDB0000000000000000000000044400846587ABF
:10DDC0007B9900000000000000000000000000003F
:10DDD0000000000000000000000000000000000043
:10DDE0000000000082221408000000000000000073
:10DDF0000000000000000000000000000000000023
:10DE00000000000000000000000000000000000012
:10DE1000C010000900000000E1E166FF06271004C1
:10DE20000161531800000000000000000000000025
:10DE30000000000000000000000000008200608080
:10DE40000E5B2AB600000000000000000000000089
:10DE500000000000000000000000000000000000C2
:10DE6000000000000000200161040000000000002C
:10DE700000000000000000000000000000000000A2
:10DE80000000000000000000000000000000000092
:10DE90000000000000000000000000000000000082
:10DEA0000000000000000000000000000000000072
:10DEB0000000000000000000000000000000000062
:10DEC0000000000000000000000000000000000052
:10DED0000000000000000000000000000000000042
:10DEE0000000000000000000000000000000000032
:10DEF0000000000000000000000000000000000022
:10DF00000000000000000000000000000000000011
:10DF100000000000021008420004A04098908C10FD
:10DF20001009000000000000412728A800000000A0
:10DF300000000000000000000000000000000000E1
:10DF4000000000000652A7C9000000000000000009
:10DF5000000000000000000000002489127C000086
:10DF60000000000000006244226024845040000051
:10DF700000000000000000000000000000000000A1
:10DF80000000000000000000000000000000000091
:10DF9000000000000000B003011A04806102008349
:10DFA00050C4002110000C00000008106150000057
:10DFB0000000000000000000000000000000000061
:10DFC000000000000000230BC03100000000000032
:10DFD0000000000000000000000000000A1AD54503
:10DFE0000000000000000000656144264C2F070877
:10DFF0000000000000000000000000000000000021
:10E000000000000000000000000000000000000010
:10E01000000000000000000000860C80008000006E
:10E020000086006000B8000000860C6000B0008030
:10E030000086006000B000000086006000B00000B4
:10E040000086006000B0000000000C00000000002E
:10E050000086006000B0000000000000000000002A
:10E06000000000000000000000000086026000B018
:10E070000080000000000000000000000000000020
:10E080000000000000000000000000000000090087
:10E0900000000000000000000000FAF0FAF0000F9D
:10E0A000555F49080064000004000C2701562190C8
:10E0B0004822000000000000000000000000000CEA
:10E0C0001004B64576210001001000000000000099
:10E0D000000000000000043602C000000000000044
:10E0E00000000000000000000000000011DA261C03
:10E0F0008DA2E848000000000000000000000000C1
:10E1000000000000000000000000000000000020EF
:10E11000000001000000000000000000AA00AA00AA
:10E12000000F555F28494040000000014C9301005A
:10E13000C00000100000000000000000000000000F
:10E1400028940115F807DCDD0200028100000000C0
:10E150000000000000000000C4C0364C00000000B9
:10E160000000000000000000000000000000228409
:10E17000260B10C391880000000000000000000082
:10E18000000000000000000000000000000000404F
:10E190000000000002000000000000000000FCF091
:10E1A0003C00000FFFFF00802008E8E83C00000072
:10E1B00000000000000008200290000400000000A1
:10E1C00000002001332C00000000000000000000CF
:10E1D000000000000000000000000000000000003F
:10E1E000000000000000000000000000000000002F
:10E1F00000000000B635DD01000000000000000056
:10E20000000000000000000000000000000000000E
:10E2100000000000000000000000000000000000FE
:10E22000FCF03C00000F000F00008800E8E8FFC38E
:10E23000000000000000000000000409002000228F
:10E24000000000004003080400000000000000007F
:10E2500000000000000000000000000000000000BE
:10E2600000000000000000000000000000000000AE
:10E2700000000000000048E06E40000000000000C8
:10E28000000000000000000000000000000000008E
:10E29000000000000000000000000000000000007E
:10E2A000000000002100000000000000000000004D
:10E2B000000000000000000000000000000000005E
:10E2C000000000000000000000000000000000004E
:10E2D00011000000000000008000000000000000AD
:10E2E000000000000000000000000000000000002E
:10E2F00000002100000000000000000000000000FD
:10E30000000000000000000000000000000000000D
:10E3100000000000000000000000000000000000FD
:10E3200000000000000000002000000400000000C9
:10E3300004000000000000000000000000000000D9
:10E3400000000000000000000000000000000000CD
:10E3500000000000000000000000020000000000BB
:10E3600000000000000000000000000000000000AD
:10E37000000000000000000000000000000000009D
:10E38000000000000000000000000000000000008D
:10E39000000000000000000000000000000000007D
:10E3A000000000000000000000000000000000006D
:10E3B000000000000000000000000000000000005D
:10E3C000000000000000000000000000000000004D
:10E3D000000000000000000000000000000000003D
:10E3E000000000000000000000000000000000002D
:10E3F000000000000000000000000000000000001D
:10E40000000000000000000000000000000000000C
:10E4100000000000000000000000000000000000FC
:10E4200000000000000000000000000000000000EC
:10E4300000000000000000000000000000000000DC
:10E4400000000000000000000000000000000000CC
:10E4500000000000000000000000000000000000BC
:10E4600000000000000000000000000000000000AC
:10E47000000000000000000000000000000000009C
:10E48000000000000000000000000000000000008C
:10E49000000000000000000000000000000000007C
:10E4A000000000000000000000000200000000006A
:10E4B000020800000000000002000000000041000F
:10E4C000000000000000000000000000000000004C
:10E4D000000000000000000000000000000000003C
:10E4E000000000000000000000000000000000002C
:10E4F000000000000000000000000000000000001C
:10E500000000820000000000000000000000000089
:10E5100000000000000000000000100000000000EB
:10E5200000000000000000000000000001000000EA
:10E5300000000180000000000000C1000003000096
:10E540000021840000000000000010000000000016
:10E5500084000000000000000000C0000000000077
:10E5600000000000000000000000000000000000AB
:10E5700000000000000000000000C00000000000DB
:10E58000000000001100000000000000000000007A
:10E5900000000000000090000000000000000000EB
:10E5A000000000000000000000000000000000006B
:10E5B000000020000000000000000000000000003B
:10E5C000000000000000000000000000100000003B
:10E5D000000000000000000000000000000000003B
:10E5E00000000000000000000200400000000000E9
:10E5F00000000000000020000500000000000000F6
:10E60000000000000000000000000000000000000A
:10E6100000000000000000000000000000000000FA
:10E6200000000000000000000000000000000000EA
:10E6300000000000000000020000000000000000D8
:10E6400000000000000000000000000000000000CA
:10E6500000000000000000000000000000000000BA
:10E6600000000000000000000000000000000000AA
:10E67000000000000000000000000000000000009A
:10E68000000000000000000000000000000000008A
:10E69000000000000000000000000000000000007A
:10E6A000000000000000000000000000000000006A
:10E6B000000000000000000000000000000000005A
:10E6C0000002000000000000000000000000000048
:10E6D000000000000000000000000000000000003A
:10E6E0004000000000000000000000A0000000004A
:10E6F00000020000000000000000000000004100D7
:10E7000041000000000000000001000000000000C7
:10E7100000000000000000000000000000000000F9
:10E7200000000000000000000000000000000000E9
:10E7300000000000C0000000C00000030000000056
:10E740000000008000030000002100000000000025
:10E750000000000000001000840000000000000025
:10E760000000C100000000000000000000000000E8
:10E77000000000A100000000000084000000000074
:10E78000000000000000000000000040C000000089
:10E790000000000000000000000000000000000079
:10E7A0000000000000000000000000000000000069
:10E7B0000000000000000400000000000000000055
:10E7C0000000000041880000000000A000200000C0
:10E7D00000004002000009000000000000000000EE
:10E7E000000000000000118802000000020000008C
:10E7F0000040400200000000400200000000000451
:10E8000000000000000010000000000000000000F8
:10E8100000000000000000000000000000000000F8
:10E8200000000000000000000000000000000000E8
:10E8300000000000000000000000000000000000D8
:10E8400000000000000000000000000000000000C8
:10E8500000000000000000000000000000000000B8
:10E8600000000000000000000000000000000000A8
:10E870000000000000000000000000000000000098
:10E880000000000000000000000000000000000088
:10E890000000000000000000000000000000000078
:10E8A0000000000000000000000000000000000068
:10E8B00000000000000000000000008500C141834E
:10E8C000000200208020210300050000000000005D
:10E8D0000000000000000000000000000000000038
:10E8E00000000010004100030002000380414003CB
:10E8F00000030005004100050021000000000000A9
:10E900000000000000000000000000000000000007
:10E9100003000000000000000000000000000000F4
:10E9200000000000000000000000000000000000E7
:10E93000000000000000000000000000002088042B
:10E940000002000200004000000000000000000083
:10E9500000000000000000000000000000000000B7
:10E9600000000000000100000000000000000400A2
:10E970000100000000000000000000000000000096
:10E980000000000000000000000000000000000087
:10E99000C0000000000000000000000000000000B7
:10E9A0000000000000000000000000000000000067
:10E9B0000000000000000000000000000000000057
:10E9C00000400000000000000040000000000000C7
:10E9D0000000000000000000000000000000000037
:10E9E00000000000000000000040000000000000E7
:10E9F00000410001000000000005000000000000D0
:10EA00000000000000000000000000000000000006
:10EA100021008300A140040000000000000000006D
:10EA200000000000000000000000000000000000E6
:10EA300000000000000000000000000000000000D6
:10EA4000210041852105020000000089002100000D
:10EA500000000000000000000000000000000000B6
:10EA6000000000000000000000000083000500001E
:10EA70000000009000100000000000A00003000053
:10EA80000000000000000000000000000000000086
:10EA9000000040004000A180830200000000000050
:10EAA0000000000000000000000000000000000066
:10EAB0000000000000000000000000000000000056
:10EAC000000002808080A180908020000000000073
:10EAD0001000000000000000000000000000000026
:10EAE0000000000000000000000005000000000021
:10EAF000050020000000050041801000000000001B
:10EB000020000000000000000000000000000000E5
:10EB100000000000008000800080800000000000F5
:10EB200000000000000000000000000000000000E5
:10EB300000000000000000000000000000000000D5
:10EB400000000000010240C02010059001A000203C
:10EB50000090010200000000000000000000000022
:10EB600000000000000000000000000000000000A5
:10EB700000000000008800820004009001000000F6
:10EB80000000010000000000000000000000000084
:10EB90000000000000000040004000A040A0000075
:10EBA0000000000000000000000000000000000065
:10EBB0000000000000000000000000000000000055
:10EBC0000000000000000000000000000100000044
:10EBD0000000000000000000000000000000000035
:10EBE0000000000000000000000000000000010024
:10EBF0000000000000000000010000000000010013
:10EC00000000000001000000000000000000000003
:10EC100000000000000000000001000000000002F1
:10EC200000000000000000000000000000000000E4
:10EC300000000000000000000000000000000000D4
:10EC4000000000000000000021000320210320003C
:10EC5000200020000300030000000000000000006E
:10EC600000000000000000000000000000000000A4
:10EC7000200003000200050003000800030041001B
:10EC800020004100200020000000000000000000E3
:10EC900000000000000000000000004000410005EE
:10ECA0000000000000000000000000000000000064
:10ECB0000000000000000000000000000000000054
:10ECC0000000000000000000000000000000000044
:10ECD0000000000000000000000000000000000034
:10ECE0000000000000000000000000000000000024
:10ECF0000000000000000000000000000000000014
:10ED00000000000000000000000000000000000003
:10ED100000000000000000000000000000000000F3
:10ED200000000000000000000000000000000000E3
:10ED300000000000000000000000000000000000D3
:10ED400000000000000000000000000022D0004091
:10ED500000000000201500C50000000000000000B9
:10ED600000000000000000000000000000000000A3
:10ED700000000000C07A35C900000000519A958556
:10ED800000000000A420004000000000000000007F
:10ED90000000000000000000000000000000000073
:10EDA0000000000000000000000000000000000063
:10EDB0000000000000000000000000000000000053
:10EDC0000000000000000000000000000000B42A65
:10EDD0003A4400000000E295308B00000000000083
:10EDE0000000000000000000000000000000000023
:10EDF000000000000000E24CB7F800000000092805
:10EE00007C46000000009AB00001000000000000F5
:10EE100000000000000000000000000000000000F2
:10EE200000000000000000000000000000000000E2
:10EE300000000000000000000000000000000000D2
:10EE400000000000000000000000000000000000C2
:10EE5000C78A8220022018C210011C000000000096
:10EE600000000000000000000000000000000000A2
:10EE70000000000000000000B56C0C000000000065
:10EE800053F10C1F000000004243C5C10000000008
:10EE90000000000000000000000000000000000072
:10EEA00000000000000009A4964A000000000000D5
:10EEB0000000000000000000000000000000000052
:10EEC0000000000000000000000000000000000042
:10EED0000000423352200037800800002015000057
:10EEE0000000000000000000000000000000000022
:10EEF0000000000000000000000044F9F6F40000EB
:10EF00000000BD0080F6000000004380C2500000F9
:10EF100000000000000000000000000000000000F1
:10EF200000000000000000002A44556800000000B6
:10EF300000000000000000000000000000000000D1
:10EF400000000000000000000000000000000000C1
:10EF50000000000000860C6000B0000000860C601D
:10EF600000B00000000000000000000000000000F1
:10EF700000000000000000000000000000000C0085
:10EF80000000000000860C6000B0000000000C00D3
:10EF90000000000000000000000000000000000071
:10EFA0000000000000000086006000B000000000CB
:10EFB0000000000000000000000000000000000051
:10EFC0000000000000000000000000000000000041
:10EFD00000000000000000000000E5E045400000E7
:10EFE00000000EC92AD00000000000000000000050
:10EFF0000000000000000000000000000000000011
:10F0000000000000000000000000AAC3AAC3000026
:10F0100000000000000000000000000000000000F0
:10F0200000000000000000000000000054C083B693
:10F0300000000000000000000000000000000000D0
:10F0400000000000000000000000000000000000C0
:10F05000000000000000000000000000EFEA4F4A3E
:10F06000000000000C11222400000000000000003D
:10F070000000000000000000000000000000000090
:10F08000000000000000000000000000F0FFF000A1
:10F090000000000000000000000000000000000070
:10F0A000000000000000000000000000000034101C
:10F0B000C22000000000000000000000000000006E
:10F0C0000000000000000000000000000000000040
:10F0D000000000000000000000008108282000005F
:10F0E0000000000000000000000000000000000020
:10F0F0000000000000000000000000000000000010
:10F1000000000000000000000000000000000000FF
:10F1100000000000000000000000000000000000EF
:10F1200000000000000000000000000000000000DF
:10F130006052028500000000000000000000000096
:10F1400000000000000000000000000000000000BF
:10F150000000000000000000000000000098100007
:10F16000000000000000000000000000000000009F
:10F17000000000000000000000000000000000008F
:10F18000000000000000000000000000000000007F
:10F19000000000000000000000000000000000006F
:10F1A000000000000000000000000000000000005F
:10F1B0000000F44046CC0000000000000000000009
:10F1C000000000000000000000000000000000003F
:10F1D000000000000000000000000000000000002F
:10F1E000000000000000000000000400000000001B
:10F1F00000000000200000000000000000000000EF
:10F2000000000000000000000000000000000000FE
:10F2100000000000040000000000000000000000EA
:10F2200000000000000000000000000000000000DE
:10F2300000000000000000000000000000000000CE
:10F2400000000000000000000000000000000000BE
:10F2500000000000000000000000000000000000AE
:10F26000200000000000000000000000000000007E
:10F27000000000000000040000000000000000008A
:10F28000000000000000000000000000000000007E
:10F29000000000000000200000000000000000004E
:10F2A000000000000000000000000000000000005E
:10F2B000000000000000000000000000000000004E
:10F2C000000000000000000000000000000000003E
:10F2D000000000000000000000000000000000002E
:10F2E000000000000000000000000000000000001E
:10F2F000000000000000000000000000000000000E
:10F3000000000000000000000000000000000000FD
:10F3100000000000000000000000000000000000ED
:10F3200000000000000000000000000000000000DD
:10F3300000000000000000000000000000000000CD
:10F3400000000000000000000000000000000000BD
:10F3500000000000000000000000000000000000AD
:10F36000000000000000000000030000000000009A
:10F370000000000800000000000000000000000085
:10F38000000000000000000000000000000000007D
:10F39000000000000000000000000000000000006D
:10F3A000000000000000000000000000000000005D
:10F3B000000000000000000000000000000000004D
:10F3C000000000000000000000000000000000003D
:10F3D000000000000000000000000000000000002D
:10F3E0000000000000000000000000000000050018
:10F3F00000000000000000000000000010000000FD
:10F4000000000000000000000000000000000000FC
:10F4100000000000000000000000000000000000EC
:10F4200000000000000000000000000000000000DC
:10F4300000000000000000000000000000000000CC
:10F4400000000000000000000000000000000000BC
:10F4500000000000000000000000000000000000AC
:10F46000000000000000000000000000000000009C
:10F47000000000000000000000000000000000008C
:10F48000000000000000000000000000000000007C
:10F49000000000001000000000000000000000005C
:10F4A000000000000000000000000000000000005C
:10F4B000000000000000000000000000000000004C
:10F4C000000000000000000000000000000000003C
:10F4D000000000000000000000000000000000002C
:10F4E000000000000000000000000000000000001C
:10F4F000000000000000000000000000000000000C
:10F5000000000000000000000000000000000000FB
:10F5100000000000000000000000000000000000EB
:10F5200000000000000000000000000000000000DB
:10F5300000000000000000000000000000000000CB
:10F5400000000000000000000000050000000000B6
:10F5500000000000000000000000000000000000AB
:10F56000000000000000000000000000000000009B
:10F57000000000000000000000000000000000008B
:10F58000000000000000000000000000000000007B
:10F59000000000000000000000000000000000006B
:10F5A000000000000000000000000000000000005B
:10F5B000000000000000000000000000000000004B
:10F5C000000000000000000000000000000000003B
:10F5D000000000000000000000000000000000002B
:10F5E000000000000000000000000000000000001B
:10F5F000000000000000000000000000000000000B
:10F6000000000000000000000000000000000000FA
:10F6100000000000000000000000000000000000EA
:10F6200000000000000000000000000000000000DA
:10F6300000000000000000000000000000000000CA
:10F6400000000000000000000000000000000000BA
:10F6500000000000000000000000000000000000AA
:10F66000000000000000000000000000000000009A
:10F6700000000000000000088400000000000000FE
:10F68000000000000000000000000000000000007A
:10F69000000000000000000000000000000000006A
:10F6A000000000000000000000000000000000005A
:10F6B000000000000000000000000000000000004A
:10F6C000000000000000000000000000000000003A
:10F6D000000000000000000000000000000000002A
:10F6E000C00000000000000000000000000000005A
:10F6F00000002000000000000000000000000000EA
:10F7000000000000000000000000000000000000F9
:10F7100000000000000000000000000000000000E9
:10F7200000000000000000000000000000000000D9
:10F7300000000000000000000000000000000000C9
:10F7400000000000000000000000100000000000A9
:10F7500000000000000000000000000000000000A9
:10F760000000000000000000000000000000000099
:10F770000000000000000000000000000000000089
:10F780000000000000000000000000000000000079
:10F790000000000000000000000000000000000069
:10F7A0000000000000000000000000000000000059
:10F7B0000000000000000000000000000000000049
:10F7C0000000000000000000000000000000000039
:10F7D0000000000000000000000000000000000029
:10F7E0000000000000000000000000000000000019
:10F7F0000000000000000000000000000000000009
:10F8000000000000000000000000000000000000F8
:10F8100000000000000000000000000000000000E8
:10F8200000000000000000000000000000000000D8
:10F8300000000000000000000000000000000000C8
:10F8400000000000000000000000000000000000B8
:10F8500000000000000000000000000000000000A8
:10F860000000000000000000000000000000000098
:10F870000000000000000000000000000000000088
:10F880000000000000000000000000000000000078
:10F890000000000000000000000000000000000068
:10F8A0000000000000000000000000000000000058
:10F8B0000000000000000000000000000000000048
:10F8C0000000000000000000000000000000000038
:10F8D0000000000000000000000000000000000028
:10F8E0000000000000000000000000000000000018
:10F8F0000000000000000000000000000000000008
:10F9000000000000000000000000000000000000F7
:10F9100000000000000000000000000000000000E7
:10F9200000000000000000000000000000000000D7
:10F9300000000000000000000000000000000000C7
:10F9400000000000000000000000000000000000B7
:10F9500000000000000000000000000000000000A7
:10F960000000000000000000000000000000000097
:10F970000000000000000000000000000000000087
:10F980000000000000000000000000000000000077
:10F990000000000000000000000000000000000067
:10F9A0000000000000000000000000000000000057
:10F9B0000000000000000000000000000000000047
:10F9C0000000000000000000000000000000000037
:10F9D0000000000000000000000000000000000027
:10F9E0000000000000000000000000000000000017
:10F9F0000000000000000000000000000000000007
:10FA000000000000000000000000000000000000F6
:10FA100000000000000000000000000000000000E6
:10FA200000000000000000000000000000000000D6
:10FA300000000000000000000000000000000000C6
:10FA400000000000000000000000000000000000B6
:10FA500000000000000000000000000000000000A6
:10FA60000000000000000000000000000000000096
:10FA70000000000000000000000000000000000086
:10FA80000000000000000000000000000000000076
:10FA90000000000000000000000000000000000066
:10FAA0000000000000000000000000000000000056
:10FAB0000000000000000000000000000000000046
:10FAC0000000000000000000000000000000000036
:10FAD0000000000000000000000000000000000026
:10FAE0000000000000000000000000000000000016
:10FAF0000000000000000000000000000000000006
:10FB000000000000000000000000000000000000F5
:10FB100000000000000000000000000000000000E5
:10FB200000000000000000000000000000000000D5
:10FB300000000000000000000000000000000000C5
:10FB400000000000000000000000000000000000B5
:10FB500000000000000000000000000000000000A5
:10FB60000000000000000000000000000000000095
:10FB70000000000000000000000000000000000085
:10FB80000000000000000000000000000000000075
:10FB90000000000000000000000000000000000065
:10FBA0000000000000000000000000000000000055
:10FBB0000000000000000000000000000000000045
:10FBC0000000000000000000000000000000000035
:10FBD0000000000000000000000000000000000025
:10FBE0000000000000000000000000000000000015
:10FBF0000000000000000000000000000000000005
:10FC000000000000000000000000000000000000F4
:10FC100000000000000000000000000000000000E4
:10FC200000000000000000000000000000000000D4
:10FC300000000000000000000000000000000000C4
:10FC400000000000000000000000000000000000B4
:10FC500000000000000000000000000000000000A4
:10FC60000000000000000000000000000000000094
:10FC70000000000000000000000000000000000084
:10FC80000000000000000000000000000000000074
:10FC90000000000000000000000000000000000064
:10FCA0000000000000000000000000000000000054
:10FCB0000000000000000000000000000000000044
:10FCC0000000000000000000000000000000000034
:10FCD0000000000000000000000000000000000024
:10FCE0000000000000000000000000000000000014
:10FCF0000000000000000000000000000000000004
:10FD000000000000000000000000000000000000F3
:10FD100000000000000000000000000000000000E3
:10FD200000000000000000000000000000000000D3
:10FD300000000000000000000000000000000000C3
:10FD400000000000000000000000000000000000B3
:10FD500000000000000000000000000000000000A3
:10FD60000000000000000000000000000000000093
:10FD70000000000000000000000000000000000083
:10FD80000000000000100000000000000000000063
:10FD90000000000000000000000000000000000063
:10FDA0000000000000000000000000000000000053
:10FDB0000000000000000000000000000000000043
:10FDC0000000000000000000000000000000000033
:10FDD0000000000000000000000000000000000023
:10FDE0000000000000000000000000000000000013
:10FDF0000000000000000000000000000000000003
:10FE000000000000000000000000000000000000F2
:10FE100000000000000000000000000000000000E2
:10FE200000000000000000000000000000000000D2
:10FE300000000000000000000000000000000000C2
:10FE400000000000000000000000000000000000B2
:10FE500000000000000000000000000000000000A2
:10FE60000000000000000000000000000000000092
:10FE70000000000000000000000000000000000082
:10FE80000000000000000000000000000000000072
:10FE90000000000000000000000000000000000062
:10FEA0000000000000000000000000000000000052
:10FEB0000000000000000000000000000000000042
:10FEC0000000000000000000000000000000000032
:10FED0000000000000000000000000000000000022
:10FEE0000000000000000000000000000000000012
:10FEF0000000000000000000000000000000000002
:10FF000000000000000000000000000000000000F1
:10FF100000000000000000000000000000000000E1
:10FF200000000000000000000000000000000000D1
:10FF300000000000000000000000000000000000C1
:10FF400000000000000000000000000000000000B1
:10FF500000000000000000000000000000000000A1
:10FF60000000000000000000000000000000000091
:10FF70000000000000000000000000000000000081
:10FF80000000000000000000000000000000000071
:10FF90000000000000000000000000000000000061
:10FFA0000000000000000000000000000000000051
:10FFB0000000000000000000000000000000000041
:10FFC0000000000000000000000000000000000031
:10FFD0000000000000000000000000000000000021
:10FFE0000000000000000000000000000000000011
:10FFF0000000000000000000000000000000000001
:020000040001F9
:1000000000000000000000000000000000000000F0
:1000100000000000000000000000000000000000E0
:1000200000000000000000000000000000000000D0
:1000300000000000000000000000000000000000C0
:1000400000000000000000000000000000000000B0
:1000500000000000000000000000000000000000A0
:100060000000000000000000000000000000000090
:100070000000000000000000000000000000000080
:100080000000000000000000000000000000000070
:100090000000000000000000000000000000000060
:1000A0000000000000000000000000000000000050
:1000B0000000000000000000000000000000000040
:1000C0000000000000000000000000000000000030
:1000D0000000000000000000000000000000000020
:1000E0000000000000000000000000000000000010
:1000F0000000000000000000000000000000000000
:1001000000000000000000000000000000000000EF
:1001100000000000000000000000FFFFFFFFFFFFE5
:10012000FFFFFFFFFFFFFFFFFFFFFFFFFFFFFFFFDF
:10013000FFFFFFFFFFFFFFFFFFFFFFFFFFFFFFFFCF
:10014000FFFFFFFFFFFFFFFFFFFFFFFFFFFFFFFFBF
:10015000FFFFFFFFFFFFFFFFFFFFFFFFFFFFFFFFAF
:10016000FFFFFFFFFFFFFFFFFFFFFFFFFFFFFFFF9F
:10017000FFFFFFFFFFFFFFFFFFFFFFFFFFFFFFFF8F
:10018000FFFFFFFFFFFFFFFFFFFFFFFFFFFFFFFF7F
:10019000FFFFFFFFFFFFFFFFFFFFFFFFFFFFFFFF6F
:1001A000FFFFFFFFFFFFFFFFFFFFFFFFFFFFFFFF5F
:1001B000FFFFFFFFFFFFFFFFFFFFFFFFFFFFFFFF4F
:1001C000FFFFFFFFFFFFFFFFFFFFFFFFFFFFFFFF3F
:1001D000FFFFFFFFFFFFFFFFFFFFFFFFFFFFFFFF2F
:1001E000FFFFFFFFFFFFFFFFFFFFFFFFFFFFFFFF1F
:1001F000FFFFFFFFFFFFFFFFFFFFFFFFFFFFFFFF0F
:10020000FFFFFFFFFFFFFFFFFFFFFFFFFFFFFFFFFE
:10021000FFFFFFFFFFFFFFFFFFFFFFFFFFFF0000EC
:1002200000000000000000000000000000000000CE
:1002300000000000000000000000000000000000BE
:1002400000000000000000000000000000000000AE
:10025000000000000000000000000000000000009E
:10026000001000000010000000000000000000006E
:10027000000000000000000000000000000000007E
:10028000000000000000000000000000000000006E
:10029000000000000000000000000000000000005E
:1002A000000000000000000000000000000000004E
:1002B000000000000000000000000000000000003E
:1002C000000000000000000000000000000000002E
:1002D000000000000000000000000000000000001E
:1002E000000000400001004000000000000000008D
:1002F00000000000000000000000000000000000FE
:1003000000000000000000000000000000000000ED
:1003100000000000000000000000000000000000DD
:1003200000000000000000000000000000000000CD
:1003300000000000000000000000000000000000BD
:1003400000000000000000000000000000000000AD
:10035000000000000000000000000000000000009D
:10036000000000000000000000000000000000008D
:10037000000000000000000000000000000000007D
:10038000000000000000000000000000000000006D
:10039000000000000000000000000000000000005D
:1003A000000000000000000000000000000000004D
:1003B000000000000000000000000000000000003D
:1003C000000000000000000000000000000000002D
:1003D000000000000000000000000000000000001D
:1003E000000000000000000000000081000000008C
:1003F00000000000000000000000000000000000FD
:1004000000000000000000000000000000000000EC
:1004100000000000000000000000000000000000DC
:1004200000000000000000000000000000000000CC
:1004300000000000000000000000000000000000BC
:1004400000000000000000000000000000000000AC
:10045000000000000000000000000000000000009C
:10046000000000000000000000000000000000008C
:10047000000000000000000000000000000000007C
:100480000000000000000300000000000000000069
:10049000000000000000000000000000000000005C
:1004A0000300000000000000000000000000000049
:1004B000000000000000000000000000000000003C
:1004C000000000000000000000000000000000002C
:1004D000000000000000000000000000000000001C
:1004E000000000000000000000000000000000000C
:1004F00000000000000000000000000000000000FC
:1005000000000000000000000000000000000000EB
:1005100000000000000000000000000000000000DB
:1005200000000000000000000000000000000000CB
:100530000210000000000000880000000000000021
:1005400000000000000000000300000000000200A6
:10055000000000C0000000000000000000000000DB
:100560000000002000200000000000000300000048
:10057000000000000000000000000000000000007B
:100580000000000000000000000008010000000062
:1005900000880000000000000000000000000000D3
:1005A000000000100000000000000000000000003B
:1005B0000000018000000000000003000000002097
:1005C000000000000000000000000000000000002B
:1005D0000200000000000000000000000000000019
:1005E000000000000000000000000000000000000B
:1005F00000000000000000000000000000000000FB
:1006000000000000000000000000000001400000A9
:1006100000000000000000000000000002000000D8
:10062000000000200080000000000000000000002A
:1006300009000904000004000000000000000000A0
:1006400000000000000000000000000000000000AA
:10065000000000000000000000000000000000009A
:100660000004000000040002000000000000000080
:10067000000000000000000000000000000000007A
:100680000000000000000000000400000000000066
:10069000000000000000000000000000000000005A
:1006A000000000000000000000000000000000004A
:1006B000000000000000000000000000000000003A
:1006C000000000000000000000000000000000002A
:1006D000000000000000000000000000000000001A
:1006E000000000000000000000000000000000000A
:1006F00000000000000000000000000000000000FA
:1007000000000000000000000000000000000000E9
:1007100000000000000000000000000000000000D9
:1007200000000000000000000000000000000000C9
:1007300000000000000000000000000000000000B9
:1007400000000000000000000000000000000000A9
:10075000000000000000000000840000000000C055
:100760000000000000000000000000000000000089
:100770000000000000000000000000000000000079
:100780000000000000000000002000000000000049
:100790000000000000000000000000000000000059
:1007A0000000000000000000000000010000000048
:1007B000000000000000A0000000A04100000000B8
:1007C00082000000000000410000820000000000E4
:1007D00000000000002000050000000000050000EF
:1007E0000000000000000000000000000000000009
:1007F000A000001000000000000000000800A000A1
:1008000000000000000000000000000000000000E8
:1008100000000000000000000000A0000800000030
:1008200000000000000000000000A000A040000048
:10083000A000A000A00000000000000020000904AB
:100840000000002000000000000000900000008870
:100850000000000000000000000000000000000098
:100860000000000000000000002000000000000068
:10087000000000000000000000000000000009006F
:100880000000000000000000000000000000000068
:100890000000200000000000000000000000000038
:1008A0000000000000000000000000000000000048
:1008B000000000000000000000090000000000002F
:1008C0000000000000000000000000000000000028
:1008D0000000000000000000000000000000000018
:1008E0000000000000000000000000000000000008
:1008F00000000000000000000000000000000000F8
:1009000000000000000000000000000000000000E7
:1009100000000000000000000000000000000000D7
:1009200000000000000000000000000000000000C7
:1009300000000000000000000000000000000000B7
:1009400000000000000000000000000000000000A7
:100950000000000000000000000000000000000097
:100960000000000000000000000000000000000087
:100970000000000000000000000000000000000077
:100980000000000000000000000000000000000067
:100990000000000000000000000000000000000057
:1009A0000000000000000000000000000000000047
:1009B0002100000000000000000000000000A04135
:1009C000820000110000A0000000A0410000000013
:1009D000000000000000000000000000000008000F
:1009E00000000000000000000000000000000800FF
:1009F00000000000000000000000000000000000F7
:100A0000000000000000080500008200080000004F
:100A1000000000100800000000000000000082003C
:100A200000000000000000000800000008000000B6
:100A30000000A0000800000000008400100000007A
:100A400000000000000000000000000000000000A6
:100A50000000000000000000000000000000000096
:100A60000000000000000000000000000000000086
:100A70000000000000000000000000000000000076
:100A80000000000000000000000000000000000066
:100A90000000000000000000000000000000000056
:100AA0000000000000000000000000000000000046
:100AB0000000000000000000000000000000000036
:100AC0000000000000000000000000000000000026
:100AD0000000000000000000000000000000000016
:100AE0000000000000000000000000000000000006
:100AF00000000000000000000000000000000000F6
:100B000000000000000000000000000000000000E5
:100B100000000000000000000000000000000000D5
:100B200000000000000000000000000000000000C5
:100B300000000000000000000000000000000000B5
:100B400000000000000000000000000000000000A5
:100B50000000000000000000000000000000000095
:100B60000000000000000000000000000000000085
:100B70000000000000000000000000000000000075
:100B80000000000000000000000000000000000065
:100B90000000000000000000000000000000000055
:100BA0000000000000000000000000000000000045
:100BB0000000000000000000000000000000000035
:100BC0000000000000000000000000000000000025
:100BD0000000000000000000000000000000000015
:100BE0000000000000000000000000000000000005
:100BF00000000000000000000000000000000000F5
:100C000000000000000000000000000000000000E4
:100C100000000000000000000000000000000000D4
:100C200000000000000000000000000000000000C4
:100C300000000000000000000000000000000000B4
:100C400000000000000000000000000000000000A4
:100C50000000000000000000000000000000000094
:100C60000000000000000000000000000000000084
:100C70000000000000000000000000000000000074
:100C80000000000000000000000000000000000064
:100C90000000000000000000000000000000000054
:100CA0000000000000000000000000000000000044
:100CB0000000000000000000000000000000000034
:100CC0000000000000000000000000000000000024
:100CD0000000000000000000000000000000000014
:100CE0000000000000000000000000000000000004
:100CF00000000000000000000000000000000000F4
:100D000000000000000000000000000000000000E3
:100D100000000000000000000000000000000000D3
:100D200000000000000000000000000000000000C3
:100D300000000000000000000000000000000000B3
:100D400000000000000000000000000000000000A3
:100D50000000000000000000000000000000000093
:100D60000000000000000000000000000000000083
:100D70000000000000000000000000000000000073
:100D80000000000000000000000000000000000063
:100D90000000000000000000000000000000000053
:100DA0000000000000000000000000000000000043
:100DB0000000000000000000000000000000000033
:100DC0000000000000000000000000000000000023
:100DD0000000000000000000000000000000000013
:100DE0000000000000000000000000000000000003
:100DF00000000000000000000000000000000000F3
:100E000000000000000000000000000000000000E2
:100E100000000000000000000000000000000000D2
:100E200000000000000000000000000000000000C2
:100E300000000000000000000000000000000000B2
:100E400000000000000000000000000000000000A2
:100E50000000000000000000000000000000000092
:100E60000000000000000000000000000000000082
:100E70000000000000000000000000000000000072
:100E80000000000000000000000000000000000062
:100E90000000000000000000000000000000000052
:100EA0000000000000000000000000000000000042
:100EB0000000000000000000000000000000000032
:100EC0000000000000000000000000000000000022
:100ED0000000000000000000000000000000000012
:100EE0000000000000000000000000000000000002
:100EF00000000000000000000000000000000000F2
:100F000000000000000000000000000000000000E1
:100F100000000000000000000000000000000000D1
:100F200000000000000000000000000000000000C1
:100F300000000000000000000000000000000000B1
:100F400000000000000000000000000000000000A1
:100F50000000000000000000000000000000000091
:100F60000000000000000000000000000000000081
:100F70000000000000000000000000000000000071
:100F80000000000000000000000000000000000061
:100F90000000000000000000000000000000000051
:100FA0000000000000000000000000000000000041
:100FB0000000000000000000000000000000000031
:100FC0000000000000000000000000000000000021
:100FD000000000004000000000000002400000008F
:100FE00000000002000000000000000000000000FF
:100FF00000000000000000000000000000000000F1
:1010000000000000000000000000000000000000E0
:1010100000000000000000000000000000000000D0
:101020000000000000000000000000000000400080
:1010300000000000000200000000000000000000AE
:10104000000000000000400000000000000200005E
:101050000000000000000000000000000000000090
:101060000000000000000000000000000000000080
:101070000000000000000000000000000000000070
:101080000000000000000000000000000000000060
:101090000000000000000000000000000000000050
:1010A0000000000000000000000000000000000040
:1010B0000000000000000000000000000000000030
:1010C0000000000000000000000000000000000020
:1010D0000000000000000000000000000000000010
:1010E0000000000000000000000000000000000000
:1010F00000000000000000000000000000000000F0
:1011000000000000000000000000000000000000DF
:1011100000000000000000000000000000000000CF
:1011200000000000000000000000000000000000BF
:1011300000000000000000000000000000000000AF
:10114000000000000000000000000000000000009F
:10115000000000000000000000000000000000008F
:10116000000000000000000000000000000000007F
:10117000000000000000000000000000000000006F
:10118000000000000000000000000000000000005F
:10119000000000000000000000000000000000004F
:1011A000000000000000000000000000000000003F
:1011B000000000000000000000000000000000002F
:1011C000000000000000000000000000000000001F
:1011D000000000000000000000000000000000000F
:1011E00000000000000000000000000000000000FF
:1011F00000000000000000000000000000000000EF
:1012000000000000000000000000000000000000DE
:1012100000000000000000000000000000000000CE
:1012200000000000000000000000000000000000BE
:1012300000000000000000000000000000000000AE
:10124000000000000000000000000000000000009E
:10125000000000000000000000000000000000008E
:10126000000000000000000000000000000000007E
:10127000000000000000000000000000000000006E
:10128000000000000000000000000000000000005E
:10129000000000000000000000000000000000004E
:1012A000000000000000000000000000000000003E
:1012B000000000000000000000000000000000002E
:1012C000000000000000000000000000000000001E
:1012D000000000000000000000000000000000000E
:1012E00000000090000000000000009000000000DE
:1012F00000000000000000000000000000000000EE
:1013000000000000000000000000000000000000DD
:1013100000000000000000000000000000000000CD
:1013200000000000000000000000000000000000BD
:10133000000000000000000000000000009000001D
:10134000000000000000000000000000000000009D
:1013500000000000009000000000000000000000FD
:10136000000020002000000000000000000000003D
:101370000200000000000200000002000000000067
:101380000000040002000000020000000000110044
:101390000000000000000200000004000000020045
:1013A000000000001100040003000000090000001C
:1013B00003000200000011001000080004000000FB
:1013C000000000000000000003000000000000001A
:1013D00004000400030000000900040000000200F3
:1013E00000000200010001000000000000000000F9
:1013F00000000100000000000100000000000000EB
:1014000000000000000000000000010000000000DB
:1014100000000000000000000000000000000000CC
:1014200000000000000000000000000000000000BC
:1014300000000000000000000000010000000000AB
:10144000000000000000000000000000000000009C
:10145000000000000000000000000000000000008C
:1014600000000000000000000000000000008000FC
:1014700000000000000040000000000000008000AC
:101480000000020000000040000082200020000058
:10149000001000000000400200000000009000006A
:1014A000000000000020000000210020218808101A
:1014B00005A00000054100000010000080000001B0
:1014C0000000000000000300020002400040001184
:1014D0000221020002A1000000A1000000000000A3
:1014E00040000000000000000000000000000200BA
:1014F00040000000900000000110000000210021C9
:1015000002410011012000000000000011210080B4
:10151000000008000000000000A000000000021011
:10152000000000000000008000C000A0008000005B
:1015300000000000002100C0001002210000102166
:1015400000400000000000000210012105C00080E2
:1015500000100140830001400011000200410041E1
:1015600082000500000000000041000000C00000F3
:1015700080C00090009000A0008400840000004023
:10158000001000A000A0004000A00302000200C064
:1015900000840002009000A0000000C0008400C091
:1015A000009000C0004000C0000000000010008457
:1015B00000840000001000000088000000000010FF
:1015C00020040000008400C000A00000000400000F
:1015D000004000000008008800000010009080001B
:1015E0000084808400C000A0008400A000002000CF
:1015F00000000200000000000000000900000000E0
:1016000000002000000000000000000000000000BA
:1016100000000000000000000000000000040000C6
:1016200082000000080000000000000000004000F0
:1016300000000000000000000000000000000000AA
:101640000000000008000000000010000000000082
:10165000000000800000008000004000880084003E
:10166000040010000800000000000000000021003D
:1016700002002000000100000000020000840500BC
:1016800041000500050010020000030000000300F7
:10169000800005000000800040000000100041C0F4
:1016A00000000000000020202000000103000000D6
:1016B000000021008001000004000084101040019F
:1016C00008002100210000080000000000002100A7
:1016D00010A00001900000400200000121C1004064
:1016E0000500100041000400210109000000000075
:1016F000C000C000C10084208411C00083410000EC
:10170000C000C000A0000000A0800005820500000D
:101710008410020500008400404109058200014157
:101720008400002100100000A18501000020840039
:101730000000000008000420100001050000010561
:1017400009400000A00000110080A000A0000000DF
:10175000C021C000000202020880110000400840C1
:10176000C080A0008200C041850082400000A0002F
:1017700000008084210140112000104004401084AA
:101780001020032004A0000003010084040000C016
:1017900003A0000010840020408400A000900810E6
:1017A00020C00200200000200082202004C000840D
:1017B00041100000101040100302032109004100F5
:1017C00000102100000000000088020000880500D1
:1017D0000040004021C00000000200A00200408440
:1017E0002140218405C011C0090008000084008444
:1017F00008100884040500200020010000000100FA
:101800000000000000000000000000404000000058
:101810000000000000000000008001000000000047
:101820000000000000000000000000000180010036
:1018300000000000000000000100008000A0000087
:101840000000000000000000000000000000000098
:101850000000008000000000000000000000010007
:101860000000000000000000000000000000000078
:1018700000000000000003004100C10080000400DF
:1018800000000490840000C0030041A008C021A013
:10189000408421A1214000C100840084008408000C
:1018A0000010088400A0091000C000840882008491
:1018B00000200000030000000000000003A0210041
:1018C0008401110003400000020021002184030074
:1018D000000000030001008400000000C10821A0F6
:1018E000828400A0219090400084038409C11000EC
:1018F000004000C0C140004100410000020010054E
:101900008309084009000300100008028200A000BB
:1019100000000000C040A000102084000041A00092
:1019200000210000A0001010840000001010A00092
:101930000000008000000000000000000000000027
:1019400000004120C00010A100000000080010109D
:1019500000020000848800080000004100001080A0
:10196000001111000000004010C00021A000C020A4
:1019700000000085080002000840100000800200FE
:101980001000080810409141034002080910410965
:101990000340911004090041039085208204A109AD
:1019A00010880800000000000000021110400041F3
:1019B000081182038000C080000000008203808044
:1019C000C000000080090582A185008040049020AD
:1019D00041040910109000400440048900000500F3
:1019E0004080008080008080800000000241021161
:1019F00020100940914089C0400903C01004040828
:101A0000A1820404A00184010801010005008400F2
:101A100001000100100500A000A1010988A10884AF
:101A2000C104018501000000000000000100000168
:101A3000000101008989C008109000020000898916
:101A4000C010119000A00801C1C0C105000801012B
:101A5000C001010001000008A0A001850108048860
:101A60000108001000C00404848410100010050157
:101A700011000101000110418485C10801A102A0EB
:101A8000840084028811C102A08311A010011000FB
:101A9000088288088201040040834001100010027F
:101AA0000800880384080000000000000000010016
:101AB00000410140000090010884A088034100001B
:101AC000900108840888A1A10801408511084008F8
:101AD000080088008800C00002008500A000A0095E
:101AE0000005840011009084400090908901894095
:101AF000010110110209A1000800A182A0099011A2
:101B00002010852188000840100090C10840400244
:101B1000C00084C010089110400004C11002884128
:101B2000000900200005800911004000090009009B
:101B300010001041204010118003000480800340F9
:101B40000000800380000080032089080502909136
:101B5000410200000804000000048209880082009D
:101B6000108509108200820085800905040020028A
:101B70002000200308C111411011020902891182BD
:101B8000C1C180400289210300048390208408049D
:101B90009008838800044121880803080004C004D9
:101BA00011080390400910914009001100410008FC
:101BB000000540100004402040090000808009001A
:101BC000C0030080000008008900C103000200007B
:101BD0000480088441A000C000A090092089004032
:101BE00080A040C000108002C010000800008000EB
:101BF0008080000011A00085100903400302000549
:101C00002108091102C104088210A0042109014120
:101C10000002410209910088004109C021014000F1
:101C2000A0008800010483848810031000000001D4
:101C3000000010010201000100010100A0088290D3
:101C4000C090890300800082C008089089C10010FC
:101C50000404A0840108001100090085908801088F
:101C60004040080901090001C09108090841000429
:101C7000C0008484404002C100C00002A189054028
:101C800004048988A08808C104410400C0820010AF
:101C900000200101000201040140010100080105CA
:101CA0000021010101A085409088110002820000FE
:101CB00000010000000000100010010100000209F6
:101CC0008410C00190820080831108889001908266
:101CD000108541008201A0100003009000000090D8
:101CE000A0054008C001C002828884008800100856
:101CF000409041849005C1C0821102900501A0016D
:101D00008310100510010010800500830040008042
:101D100040090440021040001008410802104089A8
:101D20001021101002101000A0111180080009806D
:101D30000000001000110000110002C00208110094
:101D40000003008000218000008003030080002148
:101D500080800983111105401180000300000011EB
:101D600000000005009080020000800400020009CD
:101D70008000080804090840C00089831108100287
:101D80000240A18811844110020000000083C100BC
:101D9000824800000083C100424800000000C100EA
:101DA000424800000000C1004248000000830000DB
:101DB0008148000000000000000000000000C10099
:101DC000000021840083C1004200000081000083E4
:101DD000000006482100008300004200008100004E
:101DE000C100210000000000000000000000000011
:101DF000000000000000000000000000110000834F
:101E0000C100068800000000C10042480000000038
:101E1000C8F9DAC24016D244003818DA00000000CF
:101E200000000000000000008098984BFC0C6666E3
:101E300038F934F6000000006766666600000000AE
:101E400000000000FFFFFFFF666600000000FFFFCC
:101E5000000066660000CB08CB083C3C0000000098
:101E60000000FFFFFFFF000000000401102B000036
:101E70000000FFFFFF3FFFFFFFFF0000000000002A
:101E80000000000000000000000000000000000052
:101E9000000089434879603ED336008189D900002B
:101EA0000000000000000000000080808010FC0C9A
:101EB0006666380034000000000067666666000051
:101EC0000000000000000000000066660000000046
:101ED0000000000066660000CB89CB083C3C000097
:101EE000000000003F3C7F7E000000007B900A4520
:101EF00000000000FFFFFF3FFFFFFF7F000000002A
:101F000000000000000000000000000000000000D1
:101F1000000000000000000000080400601108003C
:101F200000080400601108000008040060110800A7
:101F300000000000000000000000000000000000A1
:101F4000000804006011080000000000000000000C
:101F50000000000000000000000000000000000081
:101F60000000000000000000000000000000000071
:101F70000000000000000000000000000000000061
:101F8000000000080400601108000008040060114F
:101F9000080000000000C30F9900000000000000CE
:101FA00000000000000000004F6000000000000082
:101FB000000072723CFF0000000000000000000002
:101FC00000A0000000000000DFF0000066660000D6
:101FD000FFFF000000006666FFFF0000FFF6000044
:101FE000402458242A040126F0F0F0F0BDE4013F1B
:101FF0000100FFFF000000004461094100000000F3
:1020000021145805000000000000DFF0000000006F
:102010000000466500000000C30F99FF00000000AB
:1020200000000000000000000000FF0100000000B0
:1020300000000000727200C30000000000000000F9
:1020400000000005000000000000308D0000666602
:1020500000000000000000006666FFFFFFFFFFF6C3
:102060000000400058000028045100000000C92072
:1020700004A50000FFFF000000008040590D000093
:102080000000A224E168000000000000308D000084
:102090000000000065A5A08650F0A0B000050086F5
:1020A00000E008B300000086006008B3000000866E
:1020B000006008B3000000860CE000B000000000E3
:1020C0000000000800800000000008030000A2C615
:1020D000519401844940000002C7018001844140BD
:1020E00000860CC001B800800086027400B00000B9
:1020F0000086006000B000800086006000B00080B4
:102100000086006000B0000000820021098300000A
:102110000086006008B30000C3A0204012104009F0
:10212000000000000010000000000000FFFFFFFFA3
:102130000000000000000000FFAEFFAE09000969CA
:10214000000000000000000000000000000000008F
:10215000141414140F00070000000C040C0C0000F1
:10216000EF00F0F0F0F005FF00FF000000000505B3
:10217000AFAF22804000C353DBD3000500005FFFF8
:10218000FFFFFFFFFFFFFFFFFFFF01000008000050
:1021900000000A000000F0F0F0F03580601090318F
:1021A00044110000000000000000000000000000DA
:1021B00040000000000000000000FFFFFFAA0F0029
:1021C0000FFF000000000000000000000000000001
:1021D0000000041414140F000F0000000C0C0C0C71
:1021E0000000FF00F0F4F5F404FF00FF0000000021
:1021F00014BE14BE02828001C3C3C2CF0001000519
:102200005FFFFFFFFFFFFFFE00FF3CFF0100000834
:10221000800000000000A00070F0F0F041824382D6
:10222000BE8230300000000015AF22080000000020
:102230007D7D0040BEBEFA5000000100FAF0F4F4CB
:10224000555555550000000000000000000000003A
:1022500000000000505040500000000000000F0738
:1022600000002828202880008000000000020000D4
:10227000000000F0C3AA09011400FA504141FFFF19
:10228000FFFF0FFFA5A53C3C3C3CFFFFFFFF00000C
:102290000000F0000000FFFFAAAAAAAFAAAF1438FE
:1022A0001C28BE82F3F3000000002E0054B1000091
:1022B00000007D7D00001414FA5000000000F0F0D2
:1022C000F4F41055DF55000000000000000000008D
:1022D000000000000000505050503C3C3C340000D6
:1022E0000F0F000028282828000000000000000030
:1022F00000000000FFF0C3AA30854120FA50EBEB4C
:10230000FFFFFFFE00F0A5A53C783CF07FFFFFFF3C
:10231000000000000F0FFFFFFFFFABAA282DAAAFA0
:10232000040004000400000003000000110020006D
:10233000030002010200040004000400030008007E
:1023400004008040040000000400020004000300B8
:1023500002000000200000002100040004008400AE
:10236000000000000800000083004088004040009A
:1023700004000400400011000001040004000000FB
:1023800002001100020020012000210011001100B4
:1023900004000400000003002000210002002100CE
:1023A0000400000000000000000000000000000029
:1023B000010000009040050001000000010900003C
:1023C000010000000280000000000000000000008A
:1023D00000000009000000000400040000000000EC
:1023E000200000800000000000000200010000004A
:1023F0000100000000000100000002400000040095
:102400000000040000000000014003000000000084
:1024100000000000080000000800010000000400A7
:1024200000002000840004000020100000000000D4
:1024300000A0001100108040000000C080000000DB
:10244000000100008300001000012001800008004E
:102450001004800000000000050080000000000063
:10246000000000000000000040000000000000012B
:10247000800082020402004100020002000200000B
:102480000000000000010000000000000008000043
:102490000001000080002100000000000004000294
:1024A000000200000020040004100480011000213C
:1024B00000000000000800002040000000000210A2
:1024C000000000202000101082100240014010087F
:1024D000A04001C010100041000000114021002068
:1024E00000410000001000C0044001210411000060
:1024F000000240100380019082020080008000A052
:10250000002090000000900800000000000900205A
:102510000000000200000420900000000000009075
:1025200000800080000000900020008400C000882F
:10253000804000008000C002008400020010800281
:10254000001080200010801000850020008800828C
:1025500000C000080000808800C0000240000002A7
:10256000001000C0008200C00000000000880010C1
:102570000010002000200020000180000002004028
:1025800080000000000200000084001000820008AB
:102590001040000000080002001000108000000041
:1025A000004000000000000180000000000040002A
:1025B00000004000022104100320C040A04102039B
:1025C00020050085208382A01021004000001021FA
:1025D00000030005008000200200C0001000001170
:1025E00000000000040090001000000000400441C2
:1025F00090008400000010041000200240008400BD
:1026000000414010A02108001000A00090008400AC
:102610000880C1900202C080002190028810020050
:102620000210008010111009004004414182100086
:1026300010004100040004004100410008019084A2
:1026400088C00811054108100001880008A000009A
:10265000410011000004008200009001101005905C
:1026600000848210020002A0030003000000410069
:10267000410008000000219010C1102021400500F9
:102680000084C1000500210041004100410002001A
:1026900000890001104141004100410041002184B6
:1026A00021011000110102000290000003C0080087
:1026B000000500000000A100C100C00500000004EA
:1026C0000400200000020040100000080241101128
:1026D000100010008400108008001000024000006C
:1026E0000000100021110000010000001000000097
:1026F0000000000000000200100010021080C0095D
:1027000000008800400000000000080000001000E9
:102710000000084084041104C0400800C003000009
:10272000A000884000050002000088000000200092
:1027300005100084032003010240008521010901E6
:10274000050040C04002080004A00590820210105D
:10275000020110C004100300000284048020020162
:1027600005C00490418202A01100038811890288EB
:102770000000218203000382030021C0080400003E
:102780000300A084000141080082210041A041848F
:1027900041022100100000002184410000201000AF
:1027A00041202140100010400502410041404102FB
:1027B00041C08400000000000002C01010020008A8
:1027C0001008C000A10002808305880800032000D3
:1027D00040C11020C00511418420000003880283FD
:1027E00010200003001188090111000004000008F6
:1027F000002100008804040000410003402008007C
:102800002020C0000200004010000040C0009000E6
:10281000C000A080000502008220840200000800A1
:102820000000C0842000880420410009902188090C
:102830009021080402000000021010840200001021
:1028400009110484204008C088900590A082048467
:1028500085900804101004100090048202104100BA
:1028600000C0000000C0108408900800000003842D
:1028700000A041C10000214003C021844182030027
:1028800008000401030100000000410000000000F6
:1028900041000882211000C0098200104000100091
:1028A000080041002100000000000310200000008B
:1028B000118800842100C0000005000000000040D5
:1028C00000000040010001000000040000002100A1
:1028D000010008000980C0400100820001000809D1
:1028E00000000000001000000000020000000000D6
:1028F0000000000010400000008000000000000008
:10290000C00082410120102082000005100000005C
:1029100010000000000010000000A00000000100F6
:10292000000000000000100084038200820001000B
:10293000820000000000000080A08582080480C0A2
:10294000A1020404C0020802800009800291000074
:1029500005C109040802C00200000500C180008012
:10296000041000042020110908202000050008049C
:1029700040802000090040000000000080000200AC
:102980000000104089024120034020848911414009
:1029900011051104820902020309030309200941F8
:1029A000032000400005820540054100C0112010B1
:1029B0004109820080001100410082030503018269
:1029C00040C19102050409C0000290029104A04197
:1029D0000090118200080001C188101085C0110804
:1029E0000020A001400090000001080185000100C6
:1029F0000000010811C000900110000004C0848490
:102A000001C000C0000140008801010103101088CE
:102A100001910041020409C0000201040000A0016C
:102A20000001010110010401820001011000830076
:102A300001010100030002008200000088019008EB
:102A4000A0C1848340A084C0914089030989880083
:102A500008828404080082100989828910C1A1C1FA
:102A6000890009008909A00821C040A00300910144
:102A70009140080108011000A0001009000040006A
:102A8000A000A00041C109008508031105850400CC
:102A90000284100009C089008484A084C103C0019D
:102AA00009000200A0820400A1004100040202000B
:102AB0008501010040000200C000A10404000203DF
:102AC00040828940A090850289022082104111092C
:102AD00000100000804041000402828282209004A5
:102AE00021A0400309054089059002000241200011
:102AF00008082108021080100000000080C10000BA
:102B0000840409008000404040118282C020C0A09F
:102B1000084008030011030405049000C09141051A
:102B20000940C100030011C109020800850091009D
:102B300000048508050990000000000005800000E1
:102B400004800080A000A080411041110203830393
:102B50000080404083800000109080054190091162
:102B6000000000008480008003C01103042185055B
:102B7000110200100508030800C000C100C00008D1
:102B800000000000000005000000C0A000A0202000
:102B9000030920090040A1A04141050880208909BE
:102BA00004114040002008400320410300080504B0
:102BB000A00800A000080005082100050041080445
:102BC0000020000884100502111000030203020215
:102BD0004103C00821031102C002028588900091C0
:102BE00002410020202084080210034000880010C9
:102BF0000941008200910189C08900100409A08464
:102C000088A0000000C0848205040010830900052C
:102C10000008890203040885108590A000050802B9
:102C2000C0A0100401C100C101C101A10002000344
:102C300001100303000500A000C10889008200C044
:102C400001100041C1118200110009088205C10371
:102C5000050004A082912040830088888211894069
:102C60000801000209408908A00040000803080587
:102C70001001C1880140008500010082840908100C
:102C800010000482000004C004008201101008013A
:102C90004108030105C011A0C0C041000240C105A8
:102CA00003410401C010C0010240C000A08204081A
:102CB00002831001044004040503824011C0004057
:102CC0000002000000C0A0830408C04020804185AD
:102CD0004084C0048500800500801000000084113D
:102CE000C18209020980208804094100030011C043
:102CF00000848840050020844140002103808040FA
:102D00008080000000800000000400040002000039
:102D1000040840824020C100200489004100C18095
:102D20000205418403050380004000A000200080CC
:102D30000009004000028080C00041900982A0008C
:102D400000820040002000800000000B00002148AD
:102D500000410083C100006082410083C1000088FF
:102D600006000083C100000021004083C100000074
:102D700012420083C100820000880000C100008868
:102D800000810000C10000480000000000000000B9
:102D9000000000000083000041600000000000000F
:102DA0000000000000000000004800000000C1001A
:102DB0000060110000830000008100820000C1005B
:102DC00006008100008300000000000058000000A1
:102DD00000005500DFF70800D7EB0F0F00000F0FC2
:102DE0000000090081D0BEBE828230EB3028000096
:102DF00000000F0F03034FFFFFFF555500C3002DC9
:102E00002D2F000000000000010000000000000065
:102E10000000000000204040FD02BF4000502000A4
:102E200000204020FF00C3C3AA00F0C30000000040
:102E30001122040900000000033F033F3C3CA50FA2
:102E40000000000000000000F7F2A7A200148010AC
:102E5000000000000A004222000000140F0F0000D2
:102E60000F0F000014180A02F330F330F3EBF328CD
:102E70000000000000000C0C0000B000555500C31D
:102E8000030F2D0D000000000000000000000000F6
:102E9000000000000000FFDFBFBFFF00BF40FFAF2A
:102EA000DFFFFFDFBFDFAAAAF0F0AAFFF0C3000038
:102EB000000001804349000000000000FFFF3C3C8F
:102EC000A50F0080000000000000A8ADF8FD20085C
:102ED00008920030C8C8BEFD383C00000000000069
:102EE000F0F000003C3CAD3580C8282B00140000F9
:102EF00000005DDFA220000F0CAACCFF00002828F4
:102F00005555BFFFFFFF000000000000000000005B
:102F100000000000BEBEFFFF00FFC03F5555959565
:102F2000C3C3C3C9F0F03C3C0212883B7F757A7082
:102F3000108DB4A7FFFF0000C3C300FFBE82BE8296
:102F40003C363C36FF0FFF0A00000000AAFFAAFF34
:102F50001000880100300808C820000200010000AD
:102F60000000F0F000003C3C00802713820F2A4E46
:102F7000000000005DDFA22000000CAA88AA88AA39
:102F800028280000FFFFFFFF0000000000000000F5
:102F9000000000000000EFEFFFFF02FD00FF5555AD
:102FA0005955CCC3C3C3F0F03C3C104202222F253C
:102FB0002A20D2564121FEFA40500F0F5555F3F307
:102FC00030303C363C36FF05FF0000000000AAAA66
:102FD000AAAA00860C4100A0000000860CF400B9EB
:102FE0000085A88654F4A1B20015A0025230A1A019
:102FF0000005008600B001A00000A0A650F4A1F0DA
:10300000000500860C7400B000000086007400B05B
:10301000000500000086006000B00840028601E064
:1030200000A408400286016000B4424000860260AD
:1030300000B0000000860270A0B00000008600E032
:1030400001B0008000860C7400B00000008600E033
:1030500001980080F5A0F5A0AAFF2D2D0802110807
:103060005147A0023C000082FFFFFFFFF0F000008C
:1030700003553F553C3C3C50050505F5208010406C
:1030800000000200000000007D555555AAAAAAAA1A
:103090008082FFFF00007D703820FFFFFFFF555545
:1030A0007D7D1400C30C5555C3C35555555529C0D6
:1030B000A48041D19432B6482000D8A8C46484408A
:1030C000652182B528403C3C3C34D80E29DB000009
:1030D000000000FF00FF7D7D282800552D2D0300F6
:1030E00001041200142800000030000000DB000082
:1030F000F00003553F553C3C3C5005350535080272
:10310000040100000000000000005F555555AAFEB4
:10311000AAEA0002FFFF00003D30283C01008300C6
:1031200000002D281400000C00FF0F0F757555F5D9
:10313000828091C00824EC812EB500008C008801AB
:1031400030425662026288183C3C3C34800B80C995
:10315000000000000202FFFF004100EBAA822800ED
:1031600000002151E8E8C300BEBEFA502FFFEFFF78
:1031700000820041FF3C1E1EFAAABABA0000FFFFFF
:10318000000000004001100400000000303055FF36
:10319000FAFAC30028FC28E80000F0FDF020AA3C61
:1031A000AA0F000000003C3C3C3C0A0A41EB55D70A
:1031B000058741BA18045050D78200000000105013
:1031C0000089000000000000010000000000020271
:1031D00000000000000002410510054105EBEAC2B5
:1031E000684084400080E8E8FF3C1414FA500FFF68
:1031F000CFFF00820041003C1E1E50001010300026
:1032000030FF000000008002200800000000303085
:1032100055000A0AC30000D400C00000A0A8E0C006
:10322000003C000F000000005F0A0A0A5F5F41EBEC
:1032300000820587250481C2FAFAD78200000000C7
:103240004882830000000000000000000000000031
:1032500002020000000000003800800600000900A3
:10326000080003002000090000000300080002829B
:10327000000002000800020002000000110021000E
:10328000020004100500050000C00200022004A096
:10329000058804000308040000000800000008106E
:1032A000020011002000040004000200028202005B
:1032B00004000300050008000400200020000400B2
:1032C00000000400110011000400040004000000CC
:1032D000040000C0030008080440000004000000CF
:1032E000820000008800A000000000000000000034
:1032F0000400000000000200A000820000000000A6
:10330000000004000200080000008400000000002B
:10331000900000000000000000000000850000C0D8
:103320000400040000000800000000000000040089
:10333000000000000000A00000000000A10001004B
:10334000000000000000A0000000840090000200C7
:103350000000A0000000000090000000080008002D
:103360000000000000000020000000C00000040079
:10337000009000A0000000C0000000200000040435
:10338000000000000000000000000000000000003D
:103390000000000000A000C00088000000008400C1
:1033A00000000000000000200000000000000000FD
:1033B0000010000000000000000000000088A100D4
:1033C0008810000000000000000000000000030062
:1033D0000000000000000000000000000400800069
:1033E00082010010002000400021001000000010A9
:1033F0000200004000410020004088210020001011
:10340000018000200021000000000221A000002017
:1034100000400020002002210008000002090209EB
:1034200011410000000000000021004000000000E9
:1034300000000000001000080241004000080000E9
:103440000400108000080000900000000000000050
:103450000000001000409000820800000000000002
:10346000040021100910000000402120001021A0BC
:1034700005100310110409A0218200100000009023
:10348000212000000902028800900488202000000A
:103490000002000004002010000220400010004044
:1034A000008800000000000009040090030000C034
:1034B00009000000008400004140001021000300CA
:1034C000000040000582000000A000040000008809
:1034D000000208002140000003000000100000006E
:1034E0000000020108109000A010840084009000E9
:1034F000A005000084410041C000102100054041AA
:1035000020080400002188218441841084000005E3
:1035100010050005C0000008840800100020020803
:10352000C0210220C00000001011A0030000100301
:103530009041040000000441A009C0000008A0025E
:1035400010200441000310210800820084000800BC
:1035500082008200C000000000200000A000A00047
:10356000001000090010A040000021C00000210050
:103570000000000000000000100809000008000022
:10358000002000C0100009014108419000001040D7
:1035900021401040414009000020000020000008A8
:1035A000110021002140C10000001000080010009F
:1035B00003820000050000A000000200089010082F
:1035C000414010004100218209204100100000000C
:1035D00010201000410041000382009020401000A4
:1035E00041001000410000004109000000050000FA
:1035F000000000210021000004201010C021021052
:10360000C003000088118800001008009000000529
:103610008805900000090041A000A020A0112041D1
:103620000000C00000410000200000000810000061
:103630000021080300110800C02090000041000094
:1036400000090000000000008203828000200000CA
:103650001003100000000000000004040211A00983
:103660000200A000020802210000A0A00900020040
:10367000040040000388100000000500031008400B
:103680000340100403000840021000100320000053
:103690000000051002400200000000001000008839
:1036A000200000001000102041000040000003082E
:1036B000004000021000108800000300000010000D
:1036C0000300418410040000108411200082038252
:1036D0000200021041001000000041000000100034
:1036E00010002000000003000900412000008810A5
:1036F00010110005C021C000C000002140030011CE
:103700000000004102084009A00090400000002095
:1037100090008400100340210002022010080002E3
:1037200000084004041002050220020802050000FF
:103730008440880000004000C000080002008800AB
:103740009020A009000990088221A0039040000069
:10375000A00082000000020490110000C0002005BB
:103760000008900502050000000020040000202150
:103770000000030041000900200011000000008843
:103780000082001000C00004008403100204100135
:10379000000010000000084010841000000000002D
:1037A00000100000000800000800030010000000E6
:1037B00000000000038405000300000010000888DA
:1037C000000000000000410804000084020008001E
:1037D00080842004000000001010050010A01000DC
:1037E0000000000000400000000000000304000191
:1037F0000000820000009003000410038241820553
:103800000020100300000205004110040008001011
:1038100000080000A0000000880802040840020020
:1038200002400000080000000200002020000011FB
:10383000024100000000004184000040900004208C
:10384000C020000000000000000088000000000010
:103850008908020088000200200008000000000320
:103860000020040000000000000000110000000023
:10387000100488008000000000000080800010001C
:103880000080804100008000000300400000000034
:1038900000000000800000000000800080000000A8
:1038A0000000000500008000000300090000000087
:1038B0000080000000008000000000000000800088
:1038C00002000080804000008000000340080000EB
:1038D0004000000000008000020000000080800026
:1038E00000000000004000800000000340090000CC
:1038F00000000080000082000000008200088200BA
:10390000000000A0080100A0080000010001000064
:1039100000000040000082000000008208C0820019
:10392000000000C0C00002A008000001000000006C
:10393000000000A0000000008200000000820008DB
:103940008200000000A040010004400000010101CD
:103950000000010000A0000082000100008200C001
:103960008200000000C0A0010040900000010100A2
:103970000000000000A00000000040000000000067
:103980000000A100000010009000030100000800EA
:1039900000000000000100C00000C00000000000A6
:1039A0000000A1000000A000C00009010000C0004C
:1039B000000000000001018900000000A0000000DC
:1039C00000000000A1000000C0010200C1010000D1
:1039D000900001000000000101100000A0000002A2
:1039E00000000000030000002000A000050100000E
:1039F00010000100000000010111000000000000A3
:103A000000000000040000008002090020080041BE
:103A10008000040000000021404000000000000081
:103A200000000000840000000000090004080041BC
:103A300000000400000000214040000000000000E1
:103A40000000000000000400000080204100412030
:103A50000000000408000000002041800000000079
:103A60000000000000000400000000000200C1206F
:103A70000000800408000000002140C00000000099
:103A800000000000000000000000114100400000A4
:103A90000000000000000000000000000000000026
:103AA0000000000000000000000041A00010000025
:103AB0000000000000000000000000000000000006
:103AC00000000000000000000000008002800010E4
:103AD00000000000000000000000000000000000E6
:103AE0000000000000000000000000804100000411
:103AF00000000000000000000000000000000000C6
:103B00000000000000000000000000040091000020
:103B10000000000000000000000000400000000065
:103B20000000000000000000000000040108000088
:103B30000000000000000000000000C000000000C5
:103B4000000000000000000000000000000400046D
:103B500000010000A00000000000000000A0000024
:103B6000000000000000000000000000000400024F
:103B700000000000A00000000000000000C00000E5
:103B80000040010000830000008800088900000058
:103B9000008200000002000000000000000000821F
:103BA00000C0010000830000001000A0830000009E
:103BB0000082000000020000000000000000001071
:103BC0000000000001000004000000000000A00050
:103BD000000000820000004000000010008400008F
:103BE0001089000201000083000000000040C000B6
:103BF0000000008200000040000000000000000003
:103C00001089000004000002000000000280020091
:103C1000000000C1410000000000000000000000A2
:103C2000008000000400000200000080020010007C
:103C3000000000C141000000000000000000000082
:103C400000800000000020000004000000000400CC
:103C50000900000000824000008000000080000099
:103C600000008041000020000002000000000480ED
:103C7000C100000000824100008000000000000040
:103C80000000804000000000000012000000000062
:103C9000000012008148000BD0001200000000005C
:103CA00000000060000000000000120000000000A2
:103CB000000012008148000BD0001200000000003C
:103CC00000000000000000000000000012000000E2
:103CD0000000000012008148000BD000120000001C
:103CE00000000000000000000000000012000000C2
:103CF0000000000012008148000BD00012000000FC
:103D000000000000000000000000000000000000B3
:103D100000000000000000000000000000000000A3
:103D20000000000000000000000000000000000093
:103D30000000000000000000000000000000000083
:103D40000000000000000000000000000000000073
:103D50000000000000000000000000000000000063
:103D60000000000000000000000000000000000053
:103D70000000000000000000000000000000000043
:103D80000000000000000000000000000000000033
:103D90000000000000000000000000000000000023
:103DA0000000000000000000000000000000000013
:103DB0000000000000000000000000000000000003
:103DC00000000000000000000000000000000000F3
:103DD00000000000000000000000000000000000E3
:103DE00000000000000000000000000000000000D3
:103DF00000000000000000000000000000000000C3
:103E0000000000000000000000000EDE00000000C6
:103E100000000000000000000000000000000000A2
:103E200000000000000000007B700EDE00000000BB
:103E30000000000000000000000000000000000082
:103E400000000000000000007B7000000EDE00009B
:103E50000000000000000000000000000000000062
:103E6000000000000000000000007B700EDE00007B
:103E70000000000000000000000000000000000042
:103E8000000000000000000000007B700663C0021C
:103E9000000000000000408C07000000000000004F
:103EA00030020000000000004003C6600663C0024C
:103EB000000000000000408C07000000000000002F
:103EC00030020000000000004003C660000086646D
:103ED000C002000000000000408C0700000000004D
:103EE00000003002000000000000400326618664EC
:103EF000C002000000000000408C0700000000002D
:103F000000003002000000000000400326610300B2
:103F10008000880003000400008208002000840064
:103F200004881100000004000000040000400000AC
:103F300000A0840085100400110008C004000000E7
:103F4000030004000300049088000400080000003F
:103F50000200111004002120080284000400040063
:103F600000000200840084A004002000040004007B
:103F7000000011040400040804C00402040021002D
:103F800000000400080000040404000004400304CE
:103F9000820002000209200000049000000082005C
:103FA00040000100100000008200900000000000AE
:103FB00002000000100010000000000000000000DF
:103FC0000000004108000010000002000000010095
:103FD0000080000000000000048000804000040019
:103FE000020000009000040004000004040000002F
:103FF00000000000008000000000000004800000BD
:104000008400820000000200008000800000008028
:104010000080040800400001002000900000000023
:10402000000000A00209000182040001000000005D
:104030000000000000C0000100200000000000C0DF
:1040400000000401111080080011008400840000A9
:1040500000000000000280080008000800100001B5
:1040600000100000001100000041001004C00020FA
:104070000000000004000000910000000001049016
:104080000201A00080008000040000100400000075
:104090000005000005000090001004900010004191
:1040A00000414011000001040008059100200000BB
:1040B0000021044104410011000800A1001100107A
:1040C000040982100120000010A1C040002020033C
:1040D0000000000000C000000200001000410000CD
:1040E0000020000004100040002182A010080010F1
:1040F00000A100100000001000090221A010001013
:104100000000010410080421040000000011001048
:1041100000100084021000C10284002020402140D1
:104120000210004000A0021105210202001041000F
:1041300041A0210340A0A1C000082011008411006B
:10414000050400C002C000C0118480840089000002
:104150008420000004820000001000400084004021
:1041600004A089A00410094000A108840282000074
:1041700000A00810004000902041048400A02040CE
:1041800041000090C1001008058200C02004C10059
:1041900080040000800190040020050820008200B7
:1041A0000011001004100000100888200200000018
:1041B000000040050040010504000085114010008A
:1041C00090009000004000001010820004210004C4
:1041D000000405800005A1210000000000C11000BE
:1041E0000004111104050909100000400800A10491
:1041F0000000100000110040000000020000100448
:104200008580100010002000108000000000018058
:1042100020402080C000200420800000800010008A
:104220004000100010000000209004040000202036
:1042300041010000100191008008A1048282040065
:1042400004008504020002009000040004008000C5
:10425000882020002000A100A001000080088941E2
:1042600000002111820100004002008820008840E7
:10427000200083008500050020902120108405C1C6
:104280000200020100102040219020402100000087
:104290000821412102010000020082A1A0000200C9
:1042A000000084052000A000820082000900202177
:1042B000C0808240000900200400048010890405A9
:1042C0000940C1000200902189000300C11185044A
:1042D00002040290C00000101008401000004000CE
:1042E00040C000000020412000210589C0100021AD
:1042F0000200002104411041844100108482C0006A
:10430000104088000108C0900088020990880000D1
:1043100000411084008410048200002102044084C3
:10432000000200104108092010844082C020034090
:1043300004201108110040C0090040A000840020A2
:10434000A1A0050000050040008410A000A0080204
:104350009010411041404102030010020208000089
:104360004102410300000800C010020002A0C08406
:10437000009000000320C00010400400084002200C
:1043800041C02000410000A0410840012000001071
:10439000038400004104410020C00082200200008C
:1043A0000100000090042000881190009000020994
:1043B00084000120848004008410100000080000A4
:1043C00010002000080000C000800004100002005F
:1043D00084000200A000040000100000050001009D
:1043E0000000000000C000000010050001201100C6
:1043F000052002000800A080030001101110000039
:1044000000900000010000000000100001400000CA
:10441000C0008800000004800040011010100180DE
:104420000010041000C0000011001001119021C004
:104430000510108809001010094080A0041005A084
:1044400040A04140202140200010100002C0008206
:1044500000C0A0400082000800A0030084A0031058
:1044600084840000110280858883A02003820000DC
:104470004120020021A11020008305000008202017
:104480002002A10021042104080002004110410083
:10449000009000080500000008000040050400002E
:1044A00041A0002000008210100020000002000047
:1044B0000000A0000100200020008200040000098C
:1044C000A003880000800284C0C08400824088006D
:1044D0000041200002800000049002210011030529
:1044E00002400304000000C0024040024090C0208F
:1044F000000000A1C120004002000840C005C080AB
:1045000082A1C0804005C04188A0C0000000000515
:10451000000000000885000000000000100000807E
:10452000000008002000028908C0110808A08308C4
:104530001002024108104011A109119121A04082EE
:1045400002C1024120418983088405844191800091
:104550000400038040000800050089001080100856
:104560008041098508020000C020050408400020A1
:104570002040218488100080001184C084C00091F4
:104580008005C08809800010000009850241108262
:1045900000000000100003008888C040804183892B
:1045A000100008101021094001821184004100040C
:1045B00009002001000100010008C0C1C08900C13C
:1045C0000320A0401183840283A02109200501104B
:1045D0000890858882A0008800401190C188011051
:1045E000011108032005012000004101890000009D
:1045F000000100919084C1410084C08840110410E2
:1046000000080801C11000100000021089C10191CA
:104610000120020002000000000021111009080121
:1046200089110100C101000101010801049111C1BA
:104630008991040802849009400002911040892168
:10464000911008828403A18988038482C0010541F6
:10465000C10101044000A0008401C0119000094084
:104660000890A00002000201001100000900C184AE
:10467000C1C0100104041020A105A0208800400141
:104680000883C0048801840490A010C009008384BA
:104690001109848983001100A1088305030008C063
:1046A00011010901410041A0A09103014008084106
:1046B00010C10402A000102008031103C003110060
:1046C000058909A1C082882085021105038008039D
:1046D000850508051180830002008810908802007B
:1046E0008500A100400588400805001100009000E9
:1046F0004120208082038005A04010104105000960
:104700000003800880000002008080808090900577
:104710000589080591852010A000A000C0050509A5
:104720000280880209098200888005410909C103C5
:1047300000889090838809830004108810A14008A5
:1047400040889182C1094188049100118240C08251
:10475000850485080390804000C180C100C100C16C
:104760008421001180098291831109410005008094
:104770001010009003C0809120828905A19089C10A
:104780001080008041800800030080000580C08008
:1047900010028011402005030020000203828005E2
:1047A000210380084040109102080085090900A1FA
:1047B000212008C190858902A0040089008510117C
:1047C00001110809108503410020A040C0C0080362
:1047D000840411A11104851182051004A01188041C
:1047E000000811010090400909040340C091000332
:1047F000008001C100C00084889084051110A0854C
:104800002103000882A0A084A00401C0088209102E
:10481000898800051004C10301210008000500A0DB
:1048200008A1000810A10908891101110005011152
:10483000000220081021010002880111001101105E
:1048400001888509080240014188020140014000B9
:1048500040A0008800880001011000000020000036
:104860000041841090208400081082412089840136
:1048700003080080010089000100110002091103F2
:104880008300028385014104C000408884A0C002E7
:104890001000C0A08440C101C0010510A0C0882143
:1048A000A0019010090810200901101001A000219A
:1048B000000101400911C0400208A0082110084170
:1048C00002881000888221A0404108804105C11063
:1048D0008208C10000A1000840100880002100A04B
:1048E0000010000880A100850021000088058008D4
:1048F00088029000008010402000404008004120C5
:104900000940400580898820900080008880A000B0
:104910000000A000830090111102050240800000F9
:10492000000800020000108084401008C0800302CC
:104930002090090308800A000083C100008800005D
:104940000000C100218482410083C10042000600B2
:10495000000B0000060041880083C10021500000C8
:1049600000000000410041880083C10000000000F9
:104970000083000011000000410000830000004897
:10498000000000830000004100000083000042009E
:10499000810000830000210000600000C1000000D1
:1049A00082820083C100000081840083C1000084F2
:1049B00000810000C1000060000000000000000055
:1049C00000000000803818DA0F0F66667F673D250B
:1049D000008037597E3F423F6C6C6C6CFF003C3C62
:1049E000000000000C0C000000000000FC0CFC0C9F
:1049F0002B2B00003C3C240C0000FC03C33CBDF30B
:104A0000420C6699FF00355A353C4224660000008E
:104A10000000FFFFFFFF000000007ECF660F3F0F8A
:104A2000003C00000000FC0CFC0C90009000FDFD20
:104A30009D9DFF1E000024E7E4E40000000000004C
:104A4000000000000000008189D93C3CFF005B436E
:104A50001901F0104C007E0342036C6C6C6C6666AE
:104A60000F0F00000000F000F000000000006F6F6A
:104A700060602B2B00003C3C000C0000FC03FF009E
:104A8000BDF3420CF906F906355A353C422466005E
:104A900000000000FFFF3F3F000000007E7E6666D2
:104AA0003C000F3F00000000FCFC0C0C9303900046
:104AB000FDFC9D0CFF1EFF00E724E4E40008040059
:104AC00060110800000804006011080000000000E8
:104AD00000000000000000000000000000000000D6
:104AE00000000000000000000000000000000000C6
:104AF00000000000000000000000000000000000B6
:104B000000000000000000000000000000000000A5
:104B10000000000000000000000000000000000095
:104B20000000000000000000000000000000000085
:104B30000000000000000000000000000000000075
:104B4000000000004F60000000000000000000FFB7
:104B5000B1B100600F6F0909189904C70CCF3C7CF4
:104B60007E7C000DF4FF00000000F6FFF0FF000067
:104B700000000191099930CFF00F00000000000003
:104B80003C3C3333F033F03366696669FFF90FF963
:104B90003F395F59000000000042000000000000A3
:104BA000FCEDFCEDF0F0F0F000000000427E020EA3
:104BB0000000FAFAFFFF7EF0C30FC30F0FFF01F1F1
:104BC000000000000000FF010000000000000000E5
:104BD00000FF303010701F7F0C24000204C700C398
:104BE000004042400004E36600000000F6FFFCFFC6
:104BF000000000000090089830CF00FF0010001067
:104C000000003CCC3CCCF0F0CCCC6666969600061E
:104C1000F006303650560000000000000000000092
:104C200000003CA53CA5F0F0697100000000427E48
:104C300040700099F2FB3CF07EF0C3F0C3F00EFE32
:104C400000F000840040099300000086006008B373
:104C50000000018600E401B8000000860CE001B00D
:104C60000000A08600D4A18000050086006000B886
:104C70000000008600F401A0000000860CE0009017
:104C8000000000000286016001940840028601A035
:104C90000094004000860CE000B000000186022075
:104CA000019000000086706400B900800006007466
:104CB00001B0008000860294018000000586007427
:104CC00000B00000EBEBEB28414100FF00000000CA
:104CD00055555555C3F3003000FF4343C0204022D3
:104CE000700800910000000041550F0F0000000007
:104CF0003C3C1818C0C000003C3C3C3CBEBEFFFE23
:104D00001555D5550000FFC3FFC337BF73FBF0F047
:104D1000F0F0555555557D7038200E0F0DCFDDDD67
:104D2000DD883CD77DC3AA0CAAFF83C2AFFABCBC06
:104D3000BE3C00000000AAAAAAA80F0F0F0F000097
:104D400000000E0E4F4F2828EB280F0F0F0F00000A
:104D50000000757F5555C3EB002800FF02020100DB
:104D6000A1040A0810A00000000000140F0F0000AA
:104D7000000000FF005AEAC0AA00555500FFBEBE61
:104D800000FE0555F5550000FFC3FFC314BE41EBFF
:104D9000F1F3B03004F755553C702C2C0E4504450A
:104DA0007D7D7D280F5F5F0FAA00AAFF00002C38D1
:104DB00080808200B0000000AAAAAAA80C0F0F0FE2
:104DC00000000000040EEF4FFC0CAFAFC4C7F4F7B7
:104DD000000000000055FF55FAFA50505C5C5C5C26
:104DE000006D10004141F5A0E828E8E8555D55DF69
:104DF00000550000F0F50005000000400F1F4F5F58
:104E0000C34DFF4DE040E0400000000000000FF007
:104E10003FF3BCA0A0A0FFFFFFFFFA0AFCFC2CAEF2
:104E20006DEF5AAA5AAA0C5D30BA010351F35555D9
:104E300055550000000001010055FFFF00001C3C1B
:104E40003C3C00000000CA24C819FC0CA0A00407C8
:104E500034370000000003030303BE14BE1400F047
:104E60000FFF0000C300EBEBF5A0E828282800089E
:104E7000008A0C5D0C0CFAFF0A0F000000400010C5
:104E80004050FF4DFF4DEA4AEA4A00000000000092
:104E9000000033333C0000003C3EFCFEFA0A0C0CE0
:104EA000048645C7000000000C5D30BA55FF55FF71
:104EB0001055DF550000000001010055FFBE000045
:104EC0001C3C3C3C00000000454A202804410440B2
:104ED00004000800024004000800000002000090E6
:104EE00011200002040002000010200088002000B1
:104EF0008420410200000488A100000082402000BC
:104F00000400A1C01100A0100088080000000440A7
:104F10000488048204000000040002000000040071
:104F200000010288100011000300020004000400C8
:104F30000400200000024000200440000000200087
:104F4000410000000800000008102100840001401A
:104F5000098000008400090008008500000084002A
:104F60000000020484808300C100000004002002CD
:104F7000830020800000A0008800040300000409D2
:104F800009000000040000000400900004000080FC
:104F900090800200200000000000000001000000DE
:104FA0008200004000020500000000000800A00090
:104FB00000210020000000800000010001008200AC
:104FC000010000002000080000000180A000020095
:104FD00004010089004000010000000002000020E0
:104FE00000028010802080002005000404050004D9
:104FF000000000002100214000900000000000009F
:1050000080010020000100000004040000000000F6
:105010000000110000000003000100000404000073
:105020000000000000000000000000C000010000BF
:10503000008200850000000000000010C0001091F8
:1050400000900000000000000084000102100041F8
:1050500002000202C00200890020002000090100B5
:10506000901100A1042104904021058400A1A08496
:1050700004900221004140100088C0080000000098
:105080000211040400A100200010000001000240F1
:10509000002000C0004100000408000200000000E1
:1050A00000102041001002110410C0110000044043
:1050B000000002100040A000000900000090020063
:1050C0004120000090110000001104110040010077
:1050D0000090011080200204802080402000028483
:1050E0000040000800000002000003100082008859
:1050F000028404C000201020002000111084C0C0D1
:1051000002A0828200102000858241110420042028
:105110000490840000000040009000110000000096
:105120000090418200C100000200000008C0004061
:10513000404009201021800105000501090080017F
:1051400021000000000000202000050000000040B9
:1051500000031082100302889110020004880002EC
:10516000000800C000028210A040C00200411005EB
:1051700040418410010010900080000810200005BC
:105180000405101002000000000004082004018043
:10519000C1890104110200008210C02182080009A7
:1051A00084008408C0009004000201000000022175
:1051B0001080118000000040024010008440100068
:1051C00008100040820000000011000500002000CF
:1051D000C04000100002004000A0030004000000D6
:1051E0004100110090008200044000218200100064
:1051F00090040004824009040500000003009100AF
:10520000C10402041004C10490000410200182A112
:105210000400020004008208000000400082418275
:105220008404114020042002A0080910000002821A
:105230000210100010C14100211010820200100065
:105240000090850310002090A100100000C009000C
:10525000A100030000041000411008008800850030
:1052600010000000820304050400108000A040002C
:1052700000000280828021022080000000000041A6
:1052800020000484008300C1049120020110014029
:1052900002040140210001000500000088808421F3
:1052A00090000480900003880010210084410000D9
:1052B0008500080000110040C000000000028302C9
:1052C000820300001040080082001010000000005F
:1052D00000000800000210800000040041A10484C6
:1052E0000320200241840200090000100090000009
:1052F0001020030241002083412002000510048297
:10530000052004840000214041000900002003051D
:1053100041400001008802C0000102020000008834
:105320004000004041A041880020410002200000D0
:1053300003002120030000000000081002032140A8
:10534000030011114103000141A1400100000000D0
:105350000300108208000088100241100802042097
:105360002108009088102010202000000402040072
:10537000C01010C102210000002010A1C110C011F6
:105380000000008500058821000000008221828540
:1053900004C004900420900011100040410000005F
:1053A000000301000080842100000011100501C1EC
:1053B00000021002C0038221C0400400002002400D
:1053C0000282001100C004C000400004C1020000BD
:1053D000844190080041A10000000000028000000C
:1053E000101000000000088400C00082009000A19E
:1053F000408210010490821110000200410011103F
:105400000020000041880500002000A00282111049
:105410000008028202040410104020821040911003
:105420000000098941000390100040000004401072
:105430000083020003210000030003100340032047
:1054400000400840090003400000900000010440B3
:10545000000000200420410000009000200009000E
:10546000000100000000000000000000000000003B
:1054700000080000004000000402000000000000DE
:10548000080088000000000000000000820000000A
:105490000000048000000080000000000000010007
:1054A000044000000040000000004109001000809E
:1054B0000400002000218208002082201000A000AB
:1054C0000000000200000009008000404140C002CE
:1054D0000100A00400000180000000002000830003
:1054E00000000004400080000900400080800000AF
:1054F0008400000091832089008009090320C1A154
:1055000040414088020805A0C1C1C10282A1A1A1F9
:1055100005A1414100000000400000009000000093
:10552000030020000000001100000511090800051B
:105530008441110820401188008400A011A10000BE
:10554000008003000000808289A01120008909C129
:1055500000A02009094080030009410000000083E9
:1055600080090400000001A01090099001048882C5
:1055700004C0088200C08505000982C001C1110273
:10558000404009820010A1A0A005A11183C10820FC
:105590002020402001C0880088008300000005080A
:1055A000C04082040040000088098420002001419E
:1055B000C001110000000000A00900050041000228
:1055C00000000084000000020882C00900830084FB
:1055D0000002080341200021400110018800000062
:1055E000C08304A100C000020304050089080491DF
:1055F000A008C0000388030140014088400541091C
:1056000020004008C00088C00801A1084111C10362
:10561000200020098201A1C0028488110491041194
:1056200008210200A10484080000020001824091C8
:1056300003010000900203A101010300820009029E
:10564000C0C0A00003009000098440018405C0038D
:1056500084889000C0002090830504001000410061
:10566000918588011000404091084082C10020804F
:1056700004401000C1001000100500080080002147
:105680000909840291800909208088202080C18234
:105690004008A105A1A121204000808300850008C9
:1056A00080830240850085808440000091002008AE
:1056B000800303050800080085A00920910520004B
:1056C000C0802100090588000900A0808008000230
:1056D0008020802111049100408083050009000092
:1056E000A10083891102800080800380000804A14A
:1056F0008320800400808800800080800400C10036
:105700000509A1830404000580C11010100200A047
:10571000044010848209C1022102408900000080F7
:10572000100080808091808480900020000020887C
:1057300000804180A08941A00040000505020403CB
:105740008011002102410000000000800000208044
:1057500000000880840002C080C000214003008057
:105760000000098900830000000080090083000315
:10577000820504830804000888C084C01008000063
:1057800004008301918900A00402A002C0A001A12D
:10579000A02183C1014082840383A08385A090401F
:1057A000000401408288A0084003C02100090000D5
:1057B00001110804A1408441000200C0004000889B
:1057C0000000020090000000000802200084002079
:1057D00001048420080208200002101082834189FD
:1057E00000100082001100090004880208A1008353
:1057F00004882089040110C000410000000100A0BD
:1058000083418910A18888104109A0840400048282
:105810000404A108C1019003A02120088282400253
:105820009040A08489009102840902A1A00000C0D8
:105830000000008200910100009000A000400001E3
:105840000000840190004000C00804C1100504015C
:10585000C01011C111C0900009C0049040828201A3
:1058600000208303840084000008858891000400E0
:105870000004801080880041800000900020000219
:1058800000040385A1808980918088101104414122
:105890004180850520A140100840A182A1052184F6
:1058A0008208218391000400209180088008000272
:1058B000000000004180038808000400400040C050
:1058C000204111008040000580040080801080A0ED
:1058D00080028000A002A080040041000089808234
:1058E0000221008089020000800000008380040003
:1058F000000000000600000B000000000000000B8C
:10590000000000000684000BD000000000000083AF
:10591000D00082500642000BC1000050126000838C
:10592000D000216012420083C100005000000083BB
:1059300000000000000021810083C100214141815D
:105940000042C10000000000000000000000000054
:1059500000000000000000000000000000000688B9
:105960000083C100820011600083C100000000823A
:105970000000C10000000000000028000A00000034
:105980000000000000003C380004AAAA55AA10BA82
:1059900010BA5555CF00707D7D701410D7D000001F
:1059A000700000000000013D417D0000000000008B
:1059B0000000C3FF95950000252F757FC3C3FFFF2F
:1059C0000F0A3F3A0FFC3FF00000000040100104B6
:1059D00000000000000000000F2D0D2F000000004F
:1059E000F0F0F0F055550FF00000FFFF000000FF51
:1059F000000000FF000000FF0000000000000000A9
:105A000000000000000000003C3C0000555500FF75
:105A100000AA50FA55550C00202828201404D70756
:105A20000000400000200070003C407C00000000AE
:105A300000000000003C95950000202A707A0000CC
:105A40003C3C000530350C0C30300000000080205C
:105A5000020800000000000000001B002D000000F4
:105A60000000F0F0F0F015550F0F0000FFFF0000F0
:105A700000FF000000FF000000FF0000000000C069
:105A8000008000000000F5E1B4A0D7282800000045
:105A9000FFFF1E141E1400AA00AA0C300AA00EB0AC
:105AA000BEBE000A0000000C00080000000000005C
:105AB000000000000000A00A20080000EBEBE8E86E
:105AC0000D0D7070CFFF8EBE5F547F780000000018
:105AD000FFFFFFFF000000000F0F4E27AEA8FFAC36
:105AE0000000000050A0F0F00F0FAAAAFF00000075
:105AF000FF000000FF0000003C3C00000000000030
:105B00000000008000000000A0A0A0A0FF00000096
:105B10000000FFFF1E1E1414FCAAC0AA3C3CAAAA47
:105B200002808282000C00000000000800000000DB
:105B300000000000000000008002000000002B2B8D
:105B400028280D0D7070F3C3B282BFB4AFA8000057
:105B5000400020000800000000000F0F0F27ACAA33
:105B6000FF9A0000000014283C3CF0F0AAA8FF00B7
:105B70000000FF000000FF0000003C3C0000008629
:105B800000E001B80080008600E000B0000005865B
:105B90000AFC03920000008600910080000000864D
:105BA00000940180000000860094018000000086BF
:105BB00050B4A1B00005008600A0009000000000D5
:105BC00000860C64019804A50086006505B00000FD
:105BD0000086006000B800000086006000B0008011
:105BE00000860C6000B00000011600F401A2001055
:105BF000C0C2C0A431B04903C0C7C06430B04903BB
:105C00001414BE1EC3F3D3D300000000C0AAFFFFCC
:105C1000FFFF4000FFFF0000F5F5A0A00A5F0A5F4C
:105C2000000000B0000000005FAF000041407D7048
:105C3000FAAABABA003CC3FFAAAAAAAA5DFFFFFF4C
:105C4000000000000000CFDBCFDB000000002400DC
:105C50000024FF41FF0000000000BEFC3CFC040FDC
:105C60000000C33CC37CFFFFFFFFFAFA5050C03F67
:105C70000CF3AA55AAAAFF00FF000505AFAF4D4DD2
:105C8000C3FF1414B4140030101000000000000012
:105C90003F55FFFF0000FFFF00007D287D28141402
:105CA000BEBE000000100002002A1C2C1C2C41016A
:105CB0007D0D500010104D4D4D4D000F000000A205
:105CC00000000000000000000C18CFDB0000000006
:105CD00081000081FF40FF40000000000000000044
:105CE000040F0000FF00FF500F5F0F4FFFAA550089
:105CF00055550CF30FF05555505F10DF5500FFAAB6
:105D00004D4D003CFFB2FF00C3F3D3D3BE82FCFC79
:105D1000C3FF4D4D00001014400000003CF0FFAAEE
:105D2000FC05FCF500140010000000000BE0EBEB9C
:105D300000A251F30000000028282F28C3F1C3F06F
:105D40000C0C0C5D0000FFFFFFBC0014554100006F
:105D5000000000F000F03C3C0A0A00FF555596AAEE
:105D600096AA141EBEBEFEFF500000800000FFFF7A
:105D7000FFFF0FFF553C000000000000FFFF000088
:105D800000000AC3FAC300B2000000301010BE8247
:105D9000C0C0003C4D4D00001000500000003CF021
:105DA00000AA0C050CF5000000100000207008206F
:105DB0002828008A45CF0000000000000F0000F1F5
:105DC00000F00000005500000000001C00145541C8
:105DD0000000000000F000F0FF000A0A55550C0C0E
:105DE00096AA96AA141E141EFFFF000000000000D1
:105DF000FFFFFFFE0F00553C0000000000D02FFF0A
:105E0000280020200AC3FAC300000400200040003C
:105E10002010000000A0210004000408410021001F
:105E20000000021000A00400410000901110400882
:105E30000408000811A02100040003000300020070
:105E400000000900000020000000114008002000B0
:105E50001100009011000410040000A011001100B6
:105E600004001100040000002100020004002000D2
:105E700003000000410000000000210011000300A9
:105E800020000000000000000000040000000000EE
:105E900000000000000000000000080000400800B2
:105EA0000000000000000000000090000000000062
:105EB00020000000002000200000A0000000900052
:105EC000C0000000000020000400000000400800A6
:105ED0002000000000000841A04000400004000035
:105EE00004000000000000000000A000000000000E
:105EF00002000000000000009000C003000000034A
:105F0000000000000000000000000004002000006D
:105F100000900000000000200000000000002100B0
:105F200000C000202100000000C000C000A0000050
:105F30000020002000000000030000880000000096
:105F40000000410000C000C0000000000000000090
:105F5000000000000000000000000400000000003D
:105F60000000000000000000000000000000000031
:105F7000000000000090000000000082000000000F
:105F80000000000000000000000000000088000089
:105F9000004100100020000020110010002100002E
:105FA0000000001100000020002100080003004054
:105FB000002000110010002100110020002100101D
:105FC00000100000040000000011000000050000A7
:105FD0000000000000410040020000080000002115
:105FE000A040204000000040000000110000002000
:105FF000001100000010001000000000000300006D
:10600000000000000000001000000000004100003F
:1060100000100908050409100002048204000300AE
:1060200004000900040000000000000002900010BD
:10603000000010C000002004008400A009820904B0
:10604000050204900000000005C0000000A003024B
:1060500000000000000041000000100000000900E6
:106060000000040005000000000000000000000027
:1060700009A01188020004000000050000000300D0
:106080000900090000C0000000080000050005002C
:10609000410000088402404100408800C009C0005F
:1060A0000010A000040540408408C00082110003D5
:1060B000C00000028805002088030003001088400B
:1060C0000010000800418200C011000200410008D9
:1060D000081000001010000000210021900900119C
:1060E000C000C0110005C0030000821084008400BD
:1060F0000000C000082082000000A0000400000092
:106100000011104082080011100010001000000063
:106110008400C04000C0000000402040100000404B
:10612000000010A0200000000290410000000000CC
:10613000109020000200000010404100000000000C
:10614000000220002000000010000200000005C036
:1061500009004100000000000800100002040500D2
:106160000088401040000090200000900000119036
:10617000000003201004002021200300210811202A
:10618000028804004100400003004140000000007C
:1061900000000300059040004003004110008240D1
:1061A000004000000000840900000011820000414E
:1061B0000000000000050002020000008800A0119D
:1061C000000282001000000008418402000000214B
:1061D00000000000104100008400400988100808F9
:1061E00002098840C0418400900910098221000002
:1061F000A003A003080008200809000002091000FD
:10620000821102090220C000A040A000A02082202C
:10621000C000100000008200090020C000024108F8
:106220000410001000000002000000001000000038
:1062300000000000000000000000002000000888AE
:1062400000C00040000005004100000000000010F8
:1062500000C000000000000000000008000000086E
:106260000002100000000500090000000088000086
:1062700008000000000009002102000041000300A6
:106280001000050003C0100009002182000000007A
:1062900021000010000000001000900910001009FB
:1062A0000040002190008421A000A02100100021C6
:1062B00000008404042100410020880304080041F8
:1062C000842188000000A000C003000300400008F3
:1062D000000884080410000004110000C00000033E
:1062E0000040004010080000C011880900418209E8
:1062F0000011C00000008400C011C0000810C040A0
:106300001040A009C0001011880884118821A01134
:10631000820002214000C00990000000000000003F
:1063200021000000111000000000040021100000F6
:10633000008800840084000000404100000000202C
:1063400000001000040000000800001020001008E9
:1063500000000000020000C0000000000000082053
:106360000000200810100000200000100020100085
:1063700004000000110000000000001002001000E6
:106380000000000010840000000000000000000079
:106390001000410002000088000000000440A0211D
:1063A000A01082008200C00000008240C0000020D7
:1063B00000000003100400000000000004000000C2
:1063C000A000000802000411001000000000A0005E
:1063D0000021A000880000091000A0000221000098
:1063E0009010022088030400000388080400044081
:1063F0000003020090000040A04000080203841146
:106400001000A00500418404A00004409011A011D8
:106410000000A0408204C00000110008C00020005D
:10642000000000000000000000000000000000006C
:10643000000000000000000000000000000000005C
:10644000000000000000000000000000000000004C
:10645000000000000000000000000000000000003C
:10646000000000000000000000000000000000002C
:10647000000000000000000000000000000000001C
:10648000000000000000000000000000000000000C
:1064900000000000000000000000000000000000FC
:1064A00000000000000000000000000000000000EC
:1064B00000000000000000000000000000000000DC
:1064C00000000000000000000000000000000000CC
:1064D00000000000000000000000000000000000BC
:1064E00000000000000000000000000000000000AC
:1064F000000000000000000000000000000000009C
:10650000000000000000000000000000000000008B
:10651000000000000000000000000000000000007B
:10652000000000000000000000000000000000006B
:10653000000000000000000000000000000000005B
:10654000000000000000000000000000000000004B
:10655000000000000000000000000000000000003B
:10656000000000000000000000000000000000002B
:10657000000000000000000000000000000000001B
:10658000000000000000000000000000000000000B
:1065900000000000000000000000000000000000FB
:1065A00000000000000000000000000000000000EB
:1065B00000000000000000000000000000000000DB
:1065C00000000000000000000000000000000000CB
:1065D00000000000000000000000000000000000BB
:1065E00000000000000000000000000000000000AB
:1065F000000000000000000000000000000000009B
:10660000000000000000000000000000000000008A
:10661000000000000000000000000000000000007A
:10662000000000000000000000000000000000006A
:10663000000000000000000000000000000000005A
:10664000000000000000000000000000000000004A
:10665000000000000000000000000000000000003A
:10666000000000000000000000000000000000002A
:10667000000000000000000000000000000000001A
:10668000000000000000000000000000000000000A
:1066900000000000000000000000000000000000FA
:1066A00000000000000000000000000000000000EA
:1066B00000000000000000000000000000000000DA
:1066C00000000000000000000000000000000000CA
:1066D00000000000000000000000000000000000BA
:1066E00000000000000000000000000000000000AA
:1066F000000000000000000000000000000000009A
:106700000000000000000000000000000000000089
:106710000000000000000000000000000000000079
:106720000000000000000000000000000000000069
:106730000000000000000000000000000000000059
:106740000000000000000000000000000000000049
:106750000000000000000000000000000000000039
:106760000000000000000000000000000000000029
:106770000000000000000000000000000000000019
:106780000000000000000000000000000000000009
:1067900000000000000000000000000000000000F9
:1067A00000000000000000000000000000000000E9
:1067B00000000000000000000000000000000000D9
:1067C00000000000000000000000000000000000C9
:1067D00000000000000000000000000000000000B9
:1067E00000000000000000000000000000000000A9
:1067F0000000000000000000000000000000000099
:106800000000000000000000000000000000000088
:106810000000000000000000000000000000000078
:106820000000000000000000000000000000000068
:106830000000000000000000000000000000000058
:106840000000000000000000000000000000000048
:106850000000000000000000000000000000000038
:106860000000000000000000000000000000000028
:106870000000000000000000000000000000000018
:106880000000000000000000000000000000000008
:1068900000000000000000000000000000000000F8
:1068A00000000000000000000000000000000000E8
:1068B00000000000000000000000000000000000D8
:1068C00000000000000000000000000000000000C8
:1068D00000000000000000000000000000000000B8
:1068E00000000000000000000000000000000000A8
:1068F0000000000000000000000000000000000098
:106900000000000000000000000000000000000087
:106910000000000000000000000000000000000077
:106920000000000000000000000000000000000067
:106930000000000000000000000000000000000057
:106940000000000000000000000000000000000047
:106950000000000000000000000000000000000037
:106960000000000000000000000000000000000027
:106970000000000000000000000000000000000017
:106980000000000000000000000000000000000007
:1069900000000000000000000000000000000000F7
:1069A00000000000000000000000000000000000E7
:1069B00000000000000000000000000000000000D7
:1069C00000000000000000000000000000000000C7
:1069D00000000000000000000000000000000000B7
:1069E00000000000000000000000000000000000A7
:1069F0000000000000000000000000000000000097
:106A00000000000000000000000000000000000086
:106A10000000000000000000000000000000000076
:106A20000000000000000000000000000000000066
:106A30000000000000000000910002418589022052
:106A4000000011001190020104010500110011A0C5
:106A500002A00400020004A00400020411A000200F
:106A600020080000000004010400040004000400E9
:106A7000004011000000400100000200840191016B
:106A80008201000005008020042091001000000019
:106A900004010000040040002000044020400001E8
:106AA000040104000000040004200003800400002E
:106AB000100100000000000000000800014002403A
:106AC00001800000000000000402204020000000BF
:106AD000004082110000000020000400008000003F
:106AE0000005000000000400004000219109002181
:106AF0000000000000000000004000800000024094
:106B00001008114000000000048090801000010077
:106B10000000012000000200000000000080008052
:106B200000400040010000000103208000844089F3
:106B300000000108820500050005000000C080C0BB
:106B4000804100000000102100C010000000000083
:106B5000020000C000840082804002882020009053
:106B6000001000A00020008800A0000080A1020109
:106B70000001000000000201080180000000000187
:106B800000000000004100008040002104210000BE
:106B90008000000000000000020000400000000033
:106BA0000001000104000000000040080000000295
:106BB00020200004900000C0000200040090842106
:106BC00002100288000000100108042001000203E6
:106BD000002100090010001004100290911005809F
:106BE0000008020000100090004002008241402096
:106BF000002000200010002105080140021000C004
:106C0000000200100010A088001040800220A08226
:106C1000000010000021001100210000001082403F
:106C2000000000200020020000109000C0000000C2
:106C3000008001800080110000000003201000107F
:106C40000010040840000288410420102084004005
:106C500040C00020001008024101002002C0008452
:106C6000200100108001400500A000A0020002C029
:106C700000400984809000040010000000A00290F1
:106C8000000000C1008510400000001000900421A9
:106C900000090000800800000201000880000000D8
:106CA00002101120000000A0040800C0800100892B
:106CB00000210000030000C00021008400001040FB
:106CC00000000080018801020200C000008800006E
:106CD0000005002100400000000900020405012118
:106CE00000008504000004040184C0051000C100F8
:106CF0000100000000020408000000050008000078
:106D000001000000004000400191000000800000F0
:106D100001880020820010A1000011400000020044
:106D20000000C100C08000000000110084000420A9
:106D3000822020200000000000000040C00004006D
:106D400000001000090000001000054008021008B3
:106D500008080408414000000801118210404184E5
:106D600010C00484000090010500100000004141A3
:106D70002000210110010001200105000000000099
:106D8000000020000000040009C085404000900081
:106D90000201030084000300100003040500410009
:106DA00008000301000009400504109010000500D0
:106DB0008500052085004101000205000200410018
:106DC00005010000C10000418800A000108000A162
:106DD00010100041094102900810000200210440F7
:106DE00004008200040208002004820000008421C4
:106DF000C0202021C010002088200020002010008A
:106E00000040000010000080100000001089850084
:106E1000080008028400050010408211080082006A
:106E200082000409002000029000C000C040000061
:106E30000420040884000400100482A10008C0009B
:106E400000008420C0000802C10000828808801071
:106E50001082048441004110210000020010030848
:106E600000100000410408842011008510844111A5
:106E7000050404821104030408000900058441820A
:106E800000A04182001008000000002000020290D3
:106E90004100880403820420900941848900034052
:106EA00040410508040011011000410010A041827A
:106EB0008200418400C00400089109A04100002024
:106EC0000340410041C04140004004080008040064
:106ED00010100200840000000000000000410000CB
:106EE0000000000800000041001101200020000007
:106EF0000020008001000090A0900003000000101E
:106F000000000010000000000000000000000080F1
:106F10000100000009080000019141820000020008
:106F20000080C188000000000020000990000000DF
:106F30000000020000410000011088200000000055
:106F40000021000000001000008000801084020278
:106F500005840290000000A0008220400220002052
:106F6000000000000884080004000320A084A0059D
:106F7000208520102020102010212021208521850F
:106F800088C090102000000041C041000000204057
:106F90000400034021A0048904A0029010A0032053
:106FA000108210200220400902100308030841004B
:106FB00003824190059003031004418521908000D5
:106FC00010050501900041020004C1840040044105
:106FD0001080100085050008100400084040820958
:106FE000100088000000004100210421044121001C
:106FF00020840004000000008200104000400020B7
:10700000102004400440080082001000000000002E
:107010000080A00510800041001000090004050553
:107020000008A140C0400140854010008400C0001D
:107030000440A04082042040C0A082040020081028
:1070400020108204C0200800008084000208C08351
:107050000009A00502040008022000418009034045
:10706000008004000000008009110840050203416F
:107070000303001000100802008020A1212021C17C
:1070800091080940C008039180A00404412002092E
:107090000000208004100205118320900810009049
:1070A00041108321A041A005211082A0C0A0C0C131
:1070B0000304900240C10882109104A00002002045
:1070C00003918389C08841C1058504029020C002D4
:1070D000414010000900840000010001000104008B
:1070E000000102080110000400C04000020000017D
:1070F00001010101000104010101008889C0A1C151
:10710000014110A1C082C1040104848309820041AD
:1071100000C00000A120212101820010A0410185B2
:10712000200301A14020028391A101911141410559
:10713000024101A190A0850891100020204188897A
:107140000021010241040505414101C10000400147
:10715000100001010340852041C08383001001001D
:1071600001000001000000200000000089000483ED
:1071700008000400000401000003010002001101E6
:10718000A1022190A0018283C0030205090040A052
:1071900011059000000083002020900821C000010C
:1071A00008058840820490010200219183C04000BC
:1071B00021830108849191C091112103038940002A
:1071C000898340020303090105C010009185C100B5
:1071D0000911C102210008851000088983050400F7
:1071E00040102000102000000000000000001000EF
:1071F00040C1C011410800000800000310008011C8
:10720000A009A0842085400240C14002C0080804B3
:1072100003008583210000000805A10521000880E6
:107220000810118285809100212000008508908837
:10723000110940C140898540404002C12041C02021
:10724000A10840C18209C0A0A00320808400A091B1
:10725000100082412009900204002104050390845B
:10726000834100C100828988000080000000000086
:1072700083080084218811C002002000080503084B
:10728000028200208421A0208308008890084021E9
:1072900003C08002A02105200080008580848085B5
:1072A000C18540050008002188910285202005A0A5
:1072B000881003088004900811859108001185202A
:1072C000039083A18004A18208850588808002A1A3
:1072D00083039090001110A04010000001C000C076
:1072E00005081188000400A188820000C000820007
:1072F0008800C10000210121900801000100010067
:10730000A101011104010208219141A0C020050240
:1073100001A1010502C1840541A0008000209091D7
:10732000848591110000880082009189019082205B
:107330008385C02105020291058800200421902048
:107340000841110905020801021021400105884089
:1073500090050205A0C1000801050105C008110340
:10736000820084820002000000000000014000C092
:10737000018201000041008801010002012001009A
:10738000010100008200C1208501C101A140A08847
:10739000C140200804848403C000C008008021216B
:1073A0009103840110098591A101820189888521B9
:1073B000A190A001002003C003042100890320C084
:1073C00020A1A000400241C09005A10102028285D7
:1073D0008421A0889011820421020200A0400211A1
:1073E000058304410880000000040005000040807F
:1073F0000300418020001120401102100500100000
:10740000080508080000A1082004A0212008210583
:107410004009021191808980400890040280008018
:10742000908390C18510A1089091902003218880BD
:107430008384040021052180A0022009021140C19B
:107440004108418482101180A00502A0A003918010
:10745000808202C091831188C105A089894104807E
:107460000084000BD00042820000000B000082006C
:10747000000000000000009000000000C100424831
:107480000681000BD000425082880083D0000000AB
:107490000000000BC10082410000000000004141DB
:1074A00000000000000000008200000000830000D7
:1074B0000000110000830000000011000083C100E3
:1074C000824100000083C100008811000083C100D8
:1074D000066011820083C100410081000083C10069
:1074E00000007E7E7E7E0000F000000000000000B4
:1074F00000000F0F3C3C00000000000000000000F6
:1075000000000009000000000066FFEF0000FF001F
:10751000FF000000000080242858EF6ECF0CFFC34E
:107520003C0000000FFF0F0000000000FF0FFF3FB6
:10753000000004007F7FFF7FFF6C006C00000000F4
:1075400000000000000000000000000000F1FC0549
:1075500000A1A9CACC3CCC3CA55A00FF0000000009
:10756000000000007F7E7E7E0000F0000000000032
:1075700030102000FF003C3C000000000000000034
:10758000000000000009000000000000FFEF000004
:107590003F00FF0000000000008880C16666000018
:1075A000CFCF0C0C00000F3C0F3C80818181000F7D
:1075B0003C3F000000007F7FFF7F0F6C006C0000ED
:1075C000000000000000000000000000000040FC7F
:1075D0003F36009991B1C333C3333C3CFF000000F8
:1075E000000000000000000000000000000000009B
:1075F0000000000000000000000000000000000883
:1076000004006011080000000000000000000000FD
:1076100000000000000000080400601108000000E5
:10762000000000000000000000000000000000005A
:10763000000000000000000000000000000000004A
:107640000008040060110800000804006011080030
:1076500000080400601108000000000000000000A5
:10766000000804006011080000000020FFFED4D4D0
:1076700000C000C03D3CBD3C000000000000000018
:10768000000000000000CFF8F0FF008100000909B1
:1076900000FF00FFFFFFF6FF0000000000000000F9
:1076A00030FF30FF90F690F60000353C353C6666C2
:1076B00066666666FFFFF6FFFEFF66F366F0C3FFD1
:1076C00000FF00000000000040310000000000004A
:1076D00050270000000000000000F0F40F0BC080F5
:1076E0000000000000000000C6F0000000000000E4
:1076F000D4D4004000C0343C243C00000000000012
:107700000000000000000000FE1CF0FF0000000070
:10771000000000FD00FD000000000000000000006F
:107720000000004220662424BDBD0000353C353CED
:1077300060646F676666FCFF9000800066F066F02C
:1077400000FF00FF000000000000430400000000F4
:10775000000001830000000000000000E0F01F0FA7
:10776000000000000000000000002701018600F476
:1077700000B00010008602E0009800000186006062
:1077800000B000000086006008B3000000860AE434
:1077900001B000000082001401B0000000860080EB
:1077A000088300000086006000B000000000008632
:1077B0000C6000B8008000060CE0008000800586A8
:1077C000026001B00000008600E009A3000000860E
:1077D0000081088300000086000009830000008605
:1077E00000B401A20080008600A009B300000000E0
:1077F0002000F0F0F0F500000000C0C03CC3000025
:1078000000000000000000000000F0AAF0AA000044
:10781000000000000000AA3CF0FF3C7DBEFF5F0FAF
:107820001F1FABAABFAA02F20EFE0000000000005C
:1078300001414141040000000BFF0B00FFFF00006D
:10784000FFFF0A0A1EFFBEFFEB28E8E83438F5FA0E
:107850003CF0AAFFC4F4C7F7000000000000C3001A
:10786000ED1245577D7D7DFDC000C03C3C3C3C3C5D
:10787000000000000000000500000000C0C03CC384
:1078800000000000000000000000000000AAFFAAA5
:107890000000000000000000AA3CF000004182C38C
:1078A000500010100100150002F20EFE0103030348
:1078B0000000000000000000000008FF0800FFFFBB
:1078C0000000FFFF0F0014FFB4FF28282828000045
:1078D000C1C23CF0AA0004340737080000000000D1
:1078E0000000FF0055557D7D7D7DC000C03C0CFC37
:1078F0002C7C0000000000100004000000000000CC
:107900000000000000200000000000000000000156
:10791000000000000000000000002FEF20E00CFC41
:10792000FCFC507850FA553055F0ACACFFF05C0CD4
:107930005CFC00000100010020007FFFE8E8E8E8AF
:10794000F5AF5AA5F00000003C3C0000000002002A
:107950005D5DDFDFFBD3BA9250FC5FFC00000000EE
:1079600000000000AAAAE8E85FA04BB400000000F5
:107970000F0F0F0F000000000000000000000000CB
:1079800000000000000000300000000000000000C7
:107990000005000000000000000000002F2F202044
:1079A0000C0CFC0C50785050550055C0ACAC0F007E
:1079B0005C0C5CFC00000300010030003FFFFFC3D3
:1079C0003C000A505AA5F0820082143C02000000DC
:1079D000000008088A8A79513810500C5F0C0800A2
:1079E000000000040000AAAAAAE81EE10AF50000AF
:1079F00000000014551400000410020102000300EE
:107A0000042011080490040811100410824021C0C1
:107A10000010410004200000020204001140212057
:107A2000040041000400800280C004040404040037
:107A300008200420020000000020000004000400D0
:107A4000048408000000048802000200040100040D
:107A500020000000020041010000000004010000BD
:107A600004000001210004080400040004002100B7
:107A700000000000040000000000000201400000BF
:107A8000000084030000000000000000000041002E
:107A900000000000020000100000A08000000800AC
:107AA00000000002000090002080200400808280FE
:107AB000904000000000000000C000000000000036
:107AC0002009000000008200A000A00000000408BF
:107AD00000800000000000000040000000000040A6
:107AE00000000000000200000080A000000404006C
:107AF00000000000000000000000000000008241C3
:107B000000000040000002000001002000004001D1
:107B1000210100200000802002A0001000000020B1
:107B2000000000000000000000004004A0018001EF
:107B300082C0000000000000000000000000009073
:107B40000000040000000000000000000000000031
:107B50000000020200000088000900080020000068
:107B6000000004000000800000000000008400000D
:107B70000000000040000000008804000002A02176
:107B800003C0A010008002100100004088100020F7
:107B900001400040002100210210012000210011BD
:107BA0008210001100090008A010001001A021049B
:107BB0002002210000090003001004090040A01069
:107BC0000000002000000000001000410040000004
:107BD0000000041100800000820002C0C0C100113A
:107BE00000200421041000000211002000080005FC
:107BF0000000000002000011000000000000001062
:107C00000001000200A1008200000010009000822C
:107C1000001000008002000000001084000840C036
:107C20000090400440A000C0001080C080A0080464
:107C300000040004000000000000008200000000BA
:107C4000000000880040004000008090000000001C
:107C500000200020000000000000000800000001DB
:107C600000040884001000C000820010001000A072
:107C7000000000820002408200C0000000000000FE
:107C8000A0000002C010000208410021900000087E
:107C9000A002A0000010020502000021100000094F
:107CA00001108400C10303000000100040004000E8
:107CB00002C1108082901005002108210021882136
:107CC00000000021000000008200000020050000EC
:107CD0000041C02100038400100000001080000853
:107CE0000002A08301000041C0000010C00082809B
:107CF0008210A000C000000083008400000000008B
:107D0000000541A00900039000000000008210005F
:107D100000004000400004001000400040004040CF
:107D20002100410041000400090011000000000092
:107D300011001000400080001000000002A00800A8
:107D400000000000029041900500020000001000B9
:107D5000410002000200110010001000090005405F
:107D600010000020208820A0000000A004001102C4
:107D7000400000020200020000000000400040003D
:107D800000001000820500218808A0000003000305
:107D900008210000012101101005A021091009404F
:107DA000A18508008403104100030800880000003A
:107DB000000010000011090040050800880084053B
:107DC0008441000000000005881000100000000041
:107DD0008400001001000000C0009000100040214D
:107DE0008800021188200000002190001021A011BD
:107DF00000020240A0000240000900020040404092
:107E0000010000110800000002000008008400408A
:107E10000000000000024110040402028040001033
:107E200000400000400008000084030000024108F8
:107E3000C100050003C08500000240024004054067
:107E40000000000441A000004100000203044100C2
:107E5000000003201000030803000091414000824D
:107E6000100002000000100041900004000083A0F8
:107E7000040010880082100000C14100100180C180
:107E8000030003001040044008008520100010008B
:107E900000000240880004200080000000000280F2
:107EA0000040A011C0118900002100000000000066
:107EB0000000402100050000402104C1008001A114
:107EC00040210000841182090000004100000000F0
:107ED00008210000000200110090001000200000A6
:107EE000000000099121000082402003901104212C
:107EF000021184219000840001080002000000406B
:107F000010081000900084A101A10900410005089B
:107F100000081010801000100010008402020008F9
:107F2000400810C0208200C0008400C000C011843E
:107F3000110040880300410005824000100221909A
:107F4000000200A0000003000010000011101082C9
:107F5000008800200040000002000010080003829A
:107F600010840008401021000484040440900004A0
:107F7000400000014088410210404002024002409F
:107F80000200028802000000410011000000000011
:107F900008100003000002000000C0410000C00003
:107FA000C00010409000000900000009A010A000CF
:107FB000020010001100A011100008000011A0051F
:107FC000000010C100008211000088410000000084
:107FD00000050041C0101000A00000000040030098
:107FE0000000000002008802104000110491A0006F
:107FF000900988001008A12100000311A000024090
:10800000000002008400841188000000020080410A
:10801000100508A1A0110988108320402008000045
:1080200000100800000500000020051000000000FE
:108030000041000300000000002000200000C103F8
:10804000840208022041000000000000000000003F
:1080500000000000000000000000080040000000D8
:1080600000050040001080402103114108054140F7
:1080700000000000210003000880110000000380C0
:108080008505000500054100000082002100000078
:108090002082848800C0214000A089840000000163
:1080A00000004001000000000000A00000010000EE
:1080B00000000000000000000000000000010000BF
:1080C00090014100000001000000000000000000DD
:1080D000000000000000000000000000050001009A
:1080E000000000000000C00108000001880001003D
:1080F00001000000020001000100088200200002CF
:108100000008040000000000000000004000010022
:108110000000900110000208840504012009C0013C
:108120000241A0000401020083010400400110008C
:108130000800000000000000000000000001012015
:1081400001010100008201A0010100000000000007
:10815000000000000000000000000000830021017A
:1081600004A0C0000001000088888290A000830065
:1081700040020221A1009000030090002000910025
:10818000838810C002004085C18440009000200018
:10819000C000820108208300C000A083A020A0832B
:1081A000C1108283000080038000901000008003D3
:1081B0000000C040000000410000414100000002FA
:1081C00010000305400005002103034000000000EB
:1081D000000000000000000000000000000020007F
:1081E0009040A18083410002400580C1808085418C
:1081F00040009100004010000500050021058302A9
:108200004100200083858200C1020280C10000007D
:108210000000800080202009000500A121038311B7
:10822000004103A190880000001010108000004061
:1082300000A00200000080050000212100000000D5
:1082400000412020000002C000A0008302030000C3
:10825000000000000000000000000000000000001E
:1082600000800000050000000321804100211083F0
:10827000400500050008C180808300A000A000C068
:108280000040001091210005200200414021050519
:1082900000000000000080000088840490C104C138
:1082A00082020008010503C000900089018904C012
:1082B0009000000401C000A0400000000000000089
:1082C0002000000000A000000003000300400001A7
:1082D000000000000000000000000000000000009E
:1082E0000000000200820190009000008800000061
:1082F0000188A008000900A190204020004000C192
:10830000008200008201850190010101000000004F
:108310000100000200A00082204008092083100014
:1083200090100388A088A0820402000101A100002F
:108330000021014100A000C0001000C00000008228
:10834000000000C000000183000001C00082008224
:10835000000000C00000008200000000C00000001B
:10836000000000000020002000010002828588003B
:1083700084108988C0020402820110C0000000211C
:10838000000000A0844140000001C0020001010182
:10839000010000020090000000010002800500883A
:1083A00080080000100010201110A1C000411090A2
:1083B0004000004110402080008300804180000088
:1083C000030300002080000020200000038020859F
:1083D0000202030000800000000000000000800096
:1083E00000000000000000000003000800808091F1
:1083F000800002008980800500C00021000000117B
:1084000000A000020000808880210002008000029D
:108410002002200300800083000000210080000073
:108420000000000041420000000000001242000075
:1084300000000000210000000000000042000000D9
:10844000000000000000000000000000000000002C
:108450000000D0004100000000000000000000000B
:10846000000000000000000000810000C1000000CA
:108470000081000BD000000000420000C10000009D
:1084800000000000D00000604100008300000000F8
:108490000000000000000000000000830000000059
:1084A0000000000000000003440000440000884475
:1084B000F00FF00FF00FF00FFF0000FFCCCCCCCC92
:1084C000F0F00F0FC33CC33CF0F00F0F0FF00FF0B4
:1084D000F5F5303FFFFF0A5F0000000000000000DC
:1084E000000000000000000000000000000000008C
:1084F00000000D0D0D0DFFFFFCFF00000000F0F06F
:10850000F0F000000000033F033F0000000000FF08
:1085100000FFF000F00055758AAA0000000000007E
:10852000000000000000000000008800008888446F
:108530000000F00FF00FF00FF00FFF0000FFCCCCA9
:10854000CCCCF0F00F0FC33CC33CF0F00F0F0FF09A
:108550000FF00505303F7D7D0A5F00000000000040
:10856000000000000000000000000000000000000B
:10857000000000000D0D0D0DFFFFFCFF00000000CE
:1085800028EB28EB000000000000FFFF00000000C7
:10859000004FB0FFFFF0FFF055F50AAA0000000001
:1085A000000000000101000122110000600009002C
:1085B000200880023CC33CC3AAAA5555F00FF00F17
:1085C000FFFF0000F00FF00FFFFF0000F00FF00FB3
:1085D000FF00FF00F5F57D28F0F0AAAA00000000DA
:1085E000000000000000000000000000000000008B
:1085F00000000D7D0FFF6666665A0F0F0F0F0020FB
:1086000000A0008E008E00000000BE14BE1400000A
:108610000000153F3F150000A0F500FD00FC000024
:1086200000000000000001010101000022110060B3
:108630000009100440013CC33CC3AAAA5555F00FE1
:10864000F00F0000FFFFF00FF00F0000FFFFF00F32
:10865000F00F00FFFF00A0A07D28FF003C3C0000C1
:10866000000000000000000000000000000000000A
:10867000000000000FFF0FFFA6A6A69A0F0F0F0F16
:1086800000200000FF8EFF8E00000000F5F5A0A086
:108690000000000010303010A0F5FFFFFF08FF0CB5
:1086A00000000000FFFFFFFF0086096000B00960C6
:1086B0000086006000B010000286016000B408402F
:1086C0000286016000B40840020001000004084076
:1086D0000286016000B442400886047000B90010B0
:1086E000000000000000000000000000000000008A
:1086F00000000086507400B0000000020CAC008046
:10870000000000860A7400B00005A086006000B07A
:1087100000000084006003B8008000860C6000B890
:1087200000000086006000B00080AA3CAAF00200B1
:108730008200200000000101C1C1000000000DFD09
:108740000FFF00000000AFAFA0A00000000000007D
:10875000000000000000FF00FF0000000000F0AA81
:10876000F0AA00000000000000000000000000006F
:10877000000000000000000005AF05AFDF20DFDFD4
:10878000FFFF0000FFFFB010B600A960000000006E
:1087900000003C7D0000FFFF000000000000000022
:1087A000000000000000000000000000AA3CAA0039
:1087B00000008200000000000003C0C300000000B1
:1087C00001F103F3000000000FFF00F000000000C3
:1087D0000000000000000000FF00FF00000000009B
:1087E0003CAA3CAA000000000000000000000000BD
:1087F000000000000000000000001414BEBEFF00D6
:108800002020FFFF0000B010B010082690E7000005
:10881000000003023C7D14BE14BE000000000000F6
:108820000000000000000000000000008000AA3FDF
:10883000AA303A3F3A3FFFFFFF002F20EFE0000051
:10884000000000FF3C3C00000000FFFFFFEF0000C5
:108850000000000000000000000000000000000018
:108860000000000000000000000000000000000008
:108870000000000000000000000000000115ABBF78
:1088800055555555AAAA55AA000000005555FF7D1B
:1088900000000000A58258C0FCC0FFFFFFFFFFFFE3
:1088A0000000000029E929E900000000FFFF7FFF28
:1088B000AA30AA3030353A3FFFFFFF002F20EFE00B
:1088C000000000000F0F555500000000FFFFFFFFE4
:1088D0000000000000000000000000000000000098
:1088E0000000000000000000000000000000000088
:1088F0000000000000000000000000000000011562
:10890000ABBF55555555555500FF000000000005FB
:10891000000D00000000F2808D2AFCC0AAAA7FFF93
:10892000FFFF0000000029E96969000000007FFFE7
:108930007FFF0000000000000000000000000000B9
:108940000000000000000000000000000000000027
:108950000000000000000000000000000000000017
:108960000000000000000000000000000000000007
:1089700000000000000000000000000000000000F7
:1089800000000000000000000000000000000000E7
:1089900000000000000000000000000000000000D7
:1089A00000000000000000000000000000000000C7
:1089B00000000000040104090008A00111000200E9
:1089C000110011900400820020900400000102A018
:1089D0002040004004000408400004080000040097
:1089E000200004008401040004010210200004009F
:1089F00021011100000004000404410004000000F3
:108A00000400040000000200040000002000040034
:108A100004012020100004000000000004000000F9
:108A2000400040000000000000008201040011002E
:108A3000040004000000204004A020894008200316
:108A4000210020002000900003000200000000022E
:108A500000004080000220000280820000800400AC
:108A60000000000020000240000000400000010063
:108A7000400004080000008000000000A00000008A
:108A800000002000000000000000000000000400C2
:108A90000000004000002100000000000000000075
:108AA000000000000000000000040000034000007F
:108AB0000000000000000000040004088008C00856
:108AC00080828011021002111082001104009100B6
:108AD00040000000410041100020800003102002EF
:108AE00000A00001000000000004800080100020B1
:108AF00000002000200020200000400004000000B2
:108B00000200000000000000200000C0000004007F
:108B100008008000800210400200050000010900EA
:108B200000000000100041840000000000820009E5
:108B30000000000040000000400000210490208957
:108B40000580081008404120910890102040001036
:108B500040000010001000100000008820100000ED
:108B60000320004100088221021020C1202102417F
:108B70000400001001210121010900C02021001082
:108B80000020010000200000000000100010000084
:108B900082100020022040A100800100000000405F
:108BA00000100441000000000420A0410041002109
:108BB00000400008044100410200001002020000D1
:108BC00088000488410482400000059000A082A132
:108BD0002120108800010009210200A009400005A1
:108BE00000400040001000020402002000000020AD
:108BF0000208000800020000000802040000000053
:108C000041080010000000081040000800C000A04B
:108C10000040800200408010000000A0001005907D
:108C200000400000820140080090008200A04082C5
:108C300000A002C0030040880300000000000900FB
:108C40000041100001110402038200031002101100
:108C50000340C00841201040844010000000001074
:108C6000C0840000000000008400C10008800000F3
:108C70000000018000800021000800800141000008
:108C80000005C080C000000000800000001000024D
:108C900000001080022000000200000000400000E0
:108CA000841000030000034085000003000000035F
:108CB00001000000010000000900000084008400A1
:108CC0001040002190204108020810200020084098
:108CD00010000500108288000088100021820040EA
:108CE0004100A004A100A085004008402100100020
:108CF000214190002008A0080502820000004104E4
:108D0000000000400010059000880300004002842D
:108D100000001000080000200800110000011100F0
:108D200010080990008200000200050009000400FC
:108D300000001000000009000000410000000000D9
:108D4000000000808488108304090000000382086A
:108D5000C02000118408004002051005C000000971
:108D600084000010218004412104888004A00000B8
:108D7000100000C04000018403008490020008211C
:108D8000A0210000A0001080000000100000404062
:108D90008505101108008400002120038411900231
:108DA00000111080C0401004000802000000000004
:108DB00000110000000008008800A000A0000804C6
:108DC0000000100041100002000220C008A0800432
:108DD00040A041000900200200840002100200208F
:108DE00000204188041004884000A090090200205F
:108DF0002120100202080920000804900004000449
:108E0000004041020000008810880084008800C0F3
:108E1000209021024189100000880890000491A050
:108E2000000200C0030010090008100002C005087D
:108E30000000030841004102100005000300008209
:108E4000058200000000402100410000C1104002E6
:108E500002080009A003000000000000000000203C
:108E6000000084080011010001000011050000004D
:108E70000000008000000080000000800000000072
:108E80000000000000080000000010000000C0000A
:108E9000000000000020004000000000A0030000CF
:108EA000020000000005000008020004002101008B
:108EB00084008400C00300080000000000000000DF
:108EC000C00000000000000040118084050083A065
:108ED0000090208221400008208210C003C00308B7
:108EE000410800204040028400C0A0890010040511
:108EF000000010900000100010100000009100C150
:108F0000008400101108004000000884100002C016
:108F1000211000884100210041840800001003C096
:108F200009020240201041A08282054020A000904A
:108F30000200418210020990204041A01108054022
:108F400002900090008808040000A0042011004056
:108F50000400844100000805C021080082000000D0
:108F60000000400000000002000084002120C01129
:108F7000858400002040100088000841C0000008DF
:108F8000C0080000080000040000000000001041BC
:108F9000020000008411840008000821080000403D
:108FA000C011209101800003100540110040000312
:108FB0008800840000000008A00082C010000000AB
:108FC00082111004080008000000000002090904D2
:108FD000800089410300C0000800410040030404F0
:108FE000000521410220082100820540048500106F
:108FF000000220208085000211A1034102000880A8
:10900000108010000509C110204041100000C1026D
:10901000844108040003000000001000000000105C
:1090200000020008002000108003119000A020859D
:109030008040082005112002852011410310C10243
:1090400010100041410502200203004120050100EB
:10905000119082908811000082000000050002003B
:109060000100000000012191010800C100050089F4
:10907000024188400101C00900A1828901A000903D
:10908000108401C000040100100000000000000076
:109090008401210000000000000090000100000099
:1090A00010000001000100000040C090004100904D
:1090B000A108040401C00190A10008010001010100
:1090C000400001010000000000010000000101005B
:1090D0001000A0090120010005A18200A110824119
:1090E0000800C1028901081008010803408940886E
:1090F000830010C04089414188012088010388C055
:109100008200A103050340890001008801000110CD
:10911000000010000810C1400900100008100401F0
:10912000020108019084A090A00800018583091025
:1091300005A1000100820041000901000083000335
:1091400001010300A0C00903A000000000C100014C
:109150000101000403030400204011900000A0005E
:1091600084851040218505020980040820C121085A
:1091700021201100098002C020204140A0000508E4
:10918000200902084083C08883100840092041401C
:10919000408300008800038005C09000800000002C
:1091A0000021000800400020001100000208C082D9
:1091B000A003C011400220C040820382020005C10A
:1091C0004182200282000520C1820220410002412A
:1091D000034040102000000088908021000200C160
:1091E0000809008210880040002040108304900885
:1091F00083211121054183054102058240020204B9
:109200000321059180410040890300098311090869
:1092100021080805008003100002209105888000C5
:1092200000000800000010000000000010002000F6
:1092300000804000048003900020214085410320ED
:109240000005214105204004030510081102C0411A
:1092500000020210030400A00000A10988410011CF
:1092600000090010888200090041008901412001A5
:10927000C1001000100000004040004000890105BE
:1092800000010089418804C10891104002A0030830
:10929000002101034103008001030011000201834A
:1092A0000482001000040002000000000000010021
:1092B000010084400840000405C10291A0C0048858
:1092C00091400088000400039101000001010000AA
:1092D000050100000001010009A18510008840403F
:1092E000200010908801C00408208408850011C067
:1092F000118984219000111000004001A001C000DC
:109300000490C0090508898809001120C000820462
:109310000204840508010800008001040100010125
:1093200000400004010000000110C008C14083009B
:1093300011C0838988000308020802844021028347
:10934000A00001A001910101010001400189000577
:1093500001C00102000501010100A020408000843D
:10936000400000088005004080008408052090002F
:10937000C080A00821080905020004000202024082
:1093800041000900088341909000C041C0022010B4
:109390000500090041859110900000800810040527
:1093A00005040200094004000400208010C00800E9
:1093B00010009080A00220049009A000A180C0C1EC
:1093C0002010910040002004100310002091100490
:1093D00041A02100200003C0022040000660000BD5
:1093E000D000828100000000000082000000000028
:1093F0000000000000000000C10000000000000BA1
:10940000D00000000000000B0000425000000000EF
:10941000D000210000000000D00006000000000085
:1094200000000000410000000000000000000000FB
:109430000000000000000000000000000A00000022
:109440000000C100420000000000C1000A500000FE
:109450000000C100000000000000C10000603C3CB2
:10946000FF0066FF66FF000000000FFF3C6600047F
:1094700012806F3F6F300000000080BDB143663C3A
:10948000663C0F660F663F0F3C00FF3CC300FF0FBA
:10949000663C000000046CFC6C0CCFFF4EFF00002B
:1094A000FFFF4E00BF269B027E3F7E3C0000000077
:1094B0008048807000000000035B882000000000EE
:1094C000000000000000000000000000803C38C9DF
:1094D0000000000000000000C0FE3C08003C38C94D
:1094E0000000FF0066FF6600000000000F003C6601
:1094F00000294241603F603000000000C000004091
:109500000FFF0F00FF3C003C3E063E06CF0CCF0C89
:10951000000F663C000000006C0C6C0CCF004E008D
:1095200000004E004E00BF269B0242034200000096
:1095300000000119490800000000114082410000AC
:10954000000000000000000000000000000040805B
:1095500080D00000000000000000B0D3BC99408023
:1095600080D00000000000000000000000000000AB
:10957000000000000000000000000008040060116E
:1095800008000000000000000000000000000000D3
:1095900000000000000000000000000000000000CB
:1095A00000000000000000000000000000000000BB
:1095B00000000000000000000000000000000000AB
:1095C000000000000008040060110800000804000A
:1095D0006011080000080400601108000008040081
:1095E000601108003CFFFFFFFFFFF0F000000000EB
:1095F00018180000000040000008010900000000E9
:109600000000000002669BFF66F0F0F06624FFFF9A
:1096100016761F7F00000000DFFFFFFF24F0FFF041
:1096200002000300000000FFF0FF90F690F600003B
:10963000000000000000344116C2000000000000DD
:1096400000A0FFFFFFDF000000000000403100002D
:10965000000000000000000000000000C6F0000054
:109660000000000000003CFF000000FFF0F00000E0
:1096700000000099000010004020000801090000CF
:10968000000000000000006499FD3C3C3C3C0020D0
:1096900000F01070197900000000FFFFFFFF24F0B8
:1096A00000F00200020000000066202418187E7EF0
:1096B0000000000000000000AD416E01000000004D
:1096C00040502018FFFFFFFF00000000000043048F
:1096D0000000000000000000000000000000270162
:1096E0000000000000000000008652B4A1800005C8
:1096F0000086006000B8000000860C6000B000002A
:109700000086006008B3000000860080008800002A
:10971000008600E000800000A0865070A0B00085A8
:10972000A0865070A0B8000500000086006000B060
:1097300000000086006000B0000000860C6000B0F1
:10974000000000860C6000B000800086006008B356
:1097500000000086006008B300000086006008B3C7
:10976000000000000000080300003CAA00AA00C39B
:109770003CFFFFFFF7FFFFFF00003CAA3CAAC0032D
:10978000300CFFFFF02800000000FCF0FCF000FFB0
:109790000FFF24810000141414FF010101003CFF9D
:1097A0004D4D3C3C3C3C3CFF0F5500000000000090
:1097B000AAAA000000000000FF3C550FAA3CFFF0E1
:1097C0000000000008080C005500F000FDA83C282F
:1097D0001FFFFFFF000000000F55FF3C00000000CE
:1097E0000000000000000000000000003CAA00AAE9
:1097F00000C300C300000000FFBF0040FFAAF0AAA2
:10980000C003300C0000F028000000003C003C00C9
:1098100000000F0F00002481141414FF0100010048
:1098200000C34D4DAAF0AA003C000F5500000000F7
:109830000000FFC3030300000000003C550FAA3CDA
:1098400000F0000000000000000055FFF0FFFD00E8
:109850003C0000E00000000000000F55003C00004C
:109860000000000000000000000000000000FF0FEA
:10987000FF0F1414141400000000EFFF0014000088
:109880000000008080800000000000000000FFA0B9
:10989000A0A0003C0F3F300CC00305053D3DB4B413
:1098A000B4B400000004000000000000000000004C
:1098B000000000003C55FF0F000000000F553CFF6A
:1098C00000000000FF553C0FF0F0F0B4F0F0F0F0B5
:1098D000FEAAFC00000000000000000000000000E4
:1098E0000000000000000A0200000000000000006C
:1098F000FC0CFC0C0F0F0F0F00000000CFDF00145A
:109900000000000000008080050504000002828243
:10991000FFA0A0A0003C0F3F300CC00305053D3D5B
:10992000BEBEBE14000000000000000000000000E9
:109930000000000000003C55000F000000000F5523
:109940003C000000000000553C0FF0B4F0B4555549
:10995000FF00AEAA0C0000000000000000000000A4
:1099600000000000000000000000000000000000F7
:109970000000040800000410114010401100040011
:109980000411840002001082040004000404840016
:109990000410000811040420841103C0830004C0D3
:1099A0000411090021000010214011C0040004002E
:1099B0000400000082418020040000A1080100088A
:1099C0009109040004211111031000010400214039
:1099D000020004000400000011000000000021004B
:1099E0000000050000400010000020008000800002
:1099F00000C00000000400000040008004000400DB
:109A000090009040200020030000040000400080EF
:109A100010008400202084800082200800002000A4
:109A200004000420000000000000400000000000CE
:109A30000000000000C003C002000000204000023F
:109A40000080108800050010002000800010000039
:109A50000080000000000000000000000200000084
:109A600000000000020000000000000000004000B4
:109A700010000000000000000400030000010000CE
:109A8000008221A00241900800000900000080012E
:109A90002120040008040088200400A020000020E9
:109AA00020080384200804000000002000010400B6
:109AB0000083840180010000004100000004800850
:109AC0008003000010A11001000000010020000030
:109AD00004000900084000400400000000000040AD
:109AE00000000000000100008000000000000000F5
:109AF0000000000000201000A01004000011040865
:109B000000100000021005882010040082100221BD
:109B1000400400C101100090001003A000410108A2
:109B200000110185001001A1A02100100091000288
:109B30000010000210081008000000400000008023
:109B4000202010A00041900800200041040282A0C3
:109B500000109041004004A190800010000000001F
:109B6000008000100000004004000220004000219E
:109B7000002100002000049005000000C0112120F9
:109B80000000204021409188050220400040410013
:109B90000000030200001010004000A08008002018
:109BA0008884001020040001800140C0000800C02B
:109BB000001000021100000080830000024000003D
:109BC0000005000040040020030000900404080287
:109BD00040001008000200041004000840C000000B
:109BE00000000002000000C000108000008400029D
:109BF00000080002000000200000848240020202EF
:109C00001002C00088050800020000C0898400A07E
:109C1000100202210805824110400010904020856A
:109C200010002000904101800020200484210810B1
:109C300000000221200410411002100800000191D0
:109C4000C000102002400105000482000000011045
:109C500001A0C01085C184111000000900A00100FE
:109C60000000100500850000001000001020840096
:109C70000000000084100021008010001100090085
:109C8000914010880040050010000040800008004E
:109C90004000030420204001044004080089888813
:109CA000A0041000A0052101A0112104000411004E
:109CB0000800000010004100000010051001000025
:109CC0000205080410001000C00000401008200029
:109CD0001104000041901000008800000000050001
:109CE0001008090010820000100002411000000955
:109CF0000300020010040804210000001082020189
:109D0000200002001000C00000211010000002001E
:109D10008408C000020000801020014010808420D0
:109D200002050380100921848440214082020080C2
:109D300008000840A0058800A0001021112001089B
:109D4000000085C00821100900414100100910825F
:109D500008001021004182110100000002210011C1
:109D6000C00910000000C0000200000000028400D2
:109D700008880000890000008800000300000241FC
:109D8000080802C004021004001000C041001008BE
:109D900003828004211085028810200020C0090061
:109DA0000520052020000000C1C021020020210262
:109DB000A1002100100005110220209000040000E5
:109DC00008210000028810050000410008900008EA
:109DD000058905020084008841008085008200001A
:109DE00000C0C102004000100810000000400284C2
:109DF0000500000204C0000008002000908200005E
:109E0000050010A0900889008484A021022182000E
:109E1000C1052020408300050280040201030110D7
:109E200040009010102021000000040410211000B8
:109E3000100020218809C002C0080084C0050091DC
:109E40000410A08800004110902010000409101098
:109E50000000002004000208400000031020000061
:109E60008400C0000884000800058400C000900041
:109E70000000000800900009100300000000050029
:109E80000000000001004120414004400200410860
:109E90000000200000C04108000000080900041074
:109EA0002040008304100200090109C02000098439
:109EB0000001210020050211000110041088082073
:109EC000101010C000080000000002042004A1824D
:109ED000030000200310208420C003820000100231
:109EE000004000A04188002000841190210400104F
:109EF000028804042000020410A009004101089017
:109F0000108210000300A1830800000388042011C0
:109F10000000021184110008000000000000000091
:109F20008500C0050020030300210004100001008B
:109F3000820002040200038400400240C0000309C2
:109F400082800005080084A10000C0000483008016
:109F50000405000000C0000300038400020082002A
:109F600082C0000000000000000000000809A009F5
:109F7000040000000200A0090000C000C000880822
:109F8000201110111040C040040808204111A10206
:109F9000C1090921854008104108110008009100FD
:109FA0001180008004111080C10302C1008500915E
:109FB00003411085A0A002A041902082001180885A
:109FC0002041008289410041000300008589840905
:109FD0002009080802908091090504408090809033
:109FE00080080091002085100910000289410003BB
:109FF0000508082100030420002000211110022080
:10A0000009410590838402C1052140050101020038
:10A01000C10040000001C101010001000420001046
:10A02000C002004000880002112089000004C0A086
:10A030008889A19000A1C141088901880005C088D4
:10A04000088800A0008941041003A000000088A037
:10A050000505890401C10589080808010001088374
:10A0600004C1020100080000C1010001000120003C
:10A070009000000101000000000100010000000349
:10A08000A003000100850589C11005010182A1001E
:10A0900008080100A0C082010011A08900A04001B1
:10A0A000C00802004082C000830290880100830142
:10A0B000C0A020890088010183A0118900A00101AE
:10A0C000409089030189000040908902010000004E
:10A0D0004020A02041419120000090828941A08829
:10A0E0000500908488A18201010005080801C121B2
:10A0F0008800844010001000900020A00400C000E0
:10A100000800A11109080510090011031089C100F8
:10A1100011008002080802020308202020102041BC
:10A1200000108080000880400000081111800900A4
:10A130001140050005C00480204020000590200447
:10A1400008109009A108401005008200910040000D
:10A1500000008591408020A0090002000480820553
:10A16000050002048020C110C1111003C0844010FA
:10A17000A011000000A18004000041008521840599
:10A18000840089024082888590802009841082A002
:10A19000A010104040000988882004911120000878
:10A1A00004C00005000290080090080000C021894A
:10A1B0004085038400050002058920020002200377
:10A1C000899011880041081111890000800209203E
:10A1D000008500008509C090858990A10341000594
:10A1E00000411085090080800400908041800000BB
:10A1F00000004180101100C10082104140000000A9
:10A2000000001000090980888089858303408090C0
:10A210000090850301410140008490A101C0000528
:10A2200000030005C000829109090889410000412E
:10A2300090200188010800080000C088010000117A
:10A2400001004088000200C10000048800A0400115
:10A2500000030089000088820910A1104009000055
:10A26000909010010389000408C000008982000258
:10A270000000001090020110000900840904010090
:10A28000000000000100009090C18404040201025B
:10A2900008C10010890500000241040520C0C10268
:10A2A00002028211A0C04189031085004008838901
:10A2B0008810910002000240C040C101888802005D
:10A2C000C002C10188C003C00484030088C000012B
:10A2D000011001000140000089A10008918900825D
:10A2E000091089A100010800829085880000C10042
:10A2F00082002101080102020040010001000082E9
:10A3000000C101000100004003031101A1009002FF
:10A31000080011890001C102100082A01121410032
:10A3200040808504108483800388418002008280FD
:10A33000088291410200800085808584410283006B
:10A340000511890520208280020382031040C1800C
:10A350001040400010080441000009210909028250
:10A360000580880988411102020091800880050259
:10A370009000A00390080321218005804000020086
:10A38000218003400441200221009010C1200205D9
:10A3900083808409A0C0090891000000000BD00050
:10A3A000000000000000000000000082000BD00050
:10A3B00000000000000BD00000000000000BD000E7
:10A3C0000A500000000BD00000000000000B00004D
:10A3D00000000000000BD000000000000000000B97
:10A3E000D00000880000000B00000A002100C20B12
:10A3F0000044000000000000000000000000000019
:10A40000000000410000000000000000000000000B
:10A41000000000000000000B000006003C4DFF4D56
:10A4200000FF3C3C0FFF553C003C5F7F0055F0F0C7
:10A430003C550F0F00FF0FFFF0F0FFFF55FF3C0FE3
:10A4400030303F3F50505F5F0CFC0CFCC34DFF4D64
:10A450000CFC5C5C0003000CF0000000000000013C
:10A46000FFFF0004FFEFBA38921014D7D7D7327429
:10A47000209D000000004067022C000000000054F6
:10A4800011C53C550FFF084044D8000000001040A3
:10A49000C0040A9084003F3F3F3A00000000004D96
:10A4A000C34D555555550F00553C003C507C3C3C28
:10A4B000FFFF00550F0F00000F0F00F00FFF5500BA
:10A4C0003C0F05F505F50CFC0CFC0505F5F5004DFC
:10A4D0003C4D0C0C5C5C03000C00F0000000000024
:10A4E0000000FFFE0000FFFFFB79D3510F0F0F0F9D
:10A4F000C0CA7001000000001001802800000000A8
:10A50000E09540043C550F00100000E400000000FE
:10A5100008220700300080043F3F3F3F2000080032
:10A52000AFAFFC0C3C3CFF55AAFFF03CF8F8F8F844
:10A530000000000000000000BEAABEAAFAF0AA00B7
:10A54000AAAAF0F0FFFA000A3C3A3C3AEB28EB28C2
:10A55000BEBEFCC0AA3FAA30FC3CF00030000000A8
:10A560000000FF00FF00F7FF200001C10DCD010139
:10A57000010020D961700000C3008A2B0A3AFF0F46
:10A580003A3A432A78800000000085D045A0FFFFBA
:10A59000FFFF8409002C00000000FFFFFFFF5500B3
:10A5A0005500A0A0FC0C3C3CAA00AA00F03CF8001E
:10A5B000500000000000000000003C003C00FAF0E9
:10A5C000AA00AA3CF0F03C3C3C3CFFFF0000EF2C12
:10A5D000E3208282FCC0AA30AA30FC3CF0000C00D0
:10A5E00000000000EF20FF00FFFF000031F13DFD03
:10A5F000010100000451804C00000000C66B0720E0
:10A60000F0003A3A00040100000000004112024349
:10A61000DFFFFFFF4802C10000000118F7FFFFFF46
:10A620005500540000860CF0A0B8008000860C6035
:10A6300000B00000058600F400980000008600903D
:10A6400000880000018600E000880000008600E02D
:10A650000080000000860CE000800000018600D031
:10A66000008000800000008600F000B0000000863E
:10A6700000800088000000200C80014004800086DB
:10A680000C6000B0000000860C6000B8000000867E
:10A690000C6000B0008000860C6000B00080008676
:10A6A0000280008900003F3F3F3F00550A5FFF00E6
:10A6B000F0F0000070F0B2FFB2C3050505FFFF30F7
:10A6C0003030050505FF200880023C3C3F3F2481D7
:10A6D00000000F0F5F5F208010400F0F3F3F000012
:10A6E0000000003CFFFF0000AAAAFFFF14153C3F3A
:10A6F000FFFF3C0055555F5FFF557D7DCFCFFFFFCE
:10A70000002000287D410000000000000055AAFF45
:10A71000000000000000000040E04AEA14636050BE
:10A72000BE3CAA000F5F3F7F3F303F300055287D81
:10A73000AAAA3C3C00000000B23CB200050505FF9F
:10A74000FF303030050505FF1004400100000F0FF9
:10A7500000002481000055550802040100003C3C23
:10A7600000000000003C003C0000AFAFAFAF0000B5
:10A770003CFF3C003C0000000F0FFF557D7DCFCF1C
:10A78000C3C3002000007D41FFFF000000001E1E2B
:10A790001E1E000000000000000045E54FEF1642BD
:10A7A0000010BE3CAA0000553C7D00000000414165
:10A7B0004D4D000000007DFF7DFFFB3BF838FF0F93
:10A7C0003C55FFF0FF000F3F0F3F30C00C03141F3C
:10A7D000141F300CC00305FF05FF30C00C0305FF3C
:10A7E00005FFFAAAF000555F555F0000F7F7F7750F
:10A7F00003570F5FFFAAFF00000FFFFFFF557D7D8E
:10A80000C3FFCFCF00000000F5F5A0A000000000BE
:10A810001015BABF0000000067D6B96355FFC3002A
:10A8200002800068BEAA3C00C0D5FFFF0000000007
:10A8300041414D4D000000007DFF7DFFCB0BC8085E
:10A84000000F3C55F0F00000003C003C30C00C0311
:10A85000141F141F300CC0030505050530C00C0380
:10A8600005050505FAAAF000000F000F0000A2A2DE
:10A87000A22000550C5DAAAA0000000F000FFF5592
:10A880007D7DC3FFCFCF0000000055FF00AA000070
:10A8900000001015BABF00000000B8679DB955FF51
:10A8A000C3FF2801316ABEAA3C00C0D5C0D50290C2
:10A8B000040104002000041180112000211004086C
:10A8C00021A004A021C12108824004901120200071
:10A8D0000302219011C00208900111900400C100F0
:10A8E00004042100044102210090040891080000A2
:10A8F0000000040021000520042004002100402065
:10A9000004002100118804002104000004891105BD
:10A9100000000300020411040920000411A000003B
:10A920000000000091000400000000000488000006
:10A93000050000200200040000400240000000006A
:10A940000200040000002040000003800004040016
:10A950002000008000002000008003088800000024
:10A96000020000000000008401400000A080408040
:10A9700000C0040020008400C080008400000000AB
:10A980000080200000000000000000800000002087
:10A9900000A0000082000180008088800480900375
:10A9A000000088000000100000000000000000000F
:10A9B000000521000010000080000010808500418B
:10A9C0002000009000110000002020000040000046
:10A9D0004000040100A00010000010110000000061
:10A9E00000090000009109000082084000000020DA
:10A9F0000001000000010001002000100000001113
:10AA00001000040080200001800189000001000482
:10AA10000004000000000001000800002000040104
:10AA200000090040000000200401000000010001B6
:10AA300000010208C008000800030441821002401F
:10AA400090C003000010202000000400C01004C1CA
:10AA500000008210A02004109008A0080508001033
:10AA6000A01000089003000402000200C1A14021D0
:10AA70004090004000002020040888C100000441EC
:10AA800000200010000040A1002020202000042011
:10AA90004090009000000000000402040221000029
:10AAA000022000A00490001000A10120000000047A
:10AAB00000040004A1904000402000200400000495
:10AAC00004008484838410A1412000C00482050016
:10AAD00010C004C0048303108290808900008001AC
:10AAE000004040858800051140901084034100100B
:10AAF000C10000880500000021200420038500001B
:10AB00000084048409111040411002100011040057
:10AB1000021000201040001000050000000000009E
:10AB20000000008400000041000000000000002040
:10AB30000000000200040009011083C184A141103B
:10AB40008282020202094011002002210021000835
:10AB5000C0110020A1110202820040090202C0219E
:10AB6000020800110420400090041040011184C02C
:10AB700000050210884008000000C0C18489002040
:10AB80008200C0000140202001100000A0410020F0
:10AB9000012100090080100008000084824110415A
:10ABA0001000002100000000000404209000A0001C
:10ABB00004831000A080080010C0200002000010D4
:10ABC0000000080080000040200210102002050054
:10ABD0001041082002042000040041020404020085
:10ABE00010010000100003001000052000C010003C
:10ABF00041001021000000001000000010040000BF
:10AC000011042000100000000201410041409004A6
:10AC10004102C102000000001008000041200008AD
:10AC20000800000200000000000305891001100068
:10AC3000000000001000824008000500A00008216C
:10AC4000020500210400200210C12004100020840D
:10AC5000400810821000010000202000C000C12028
:10AC600002051008C0090121A040C100C000101059
:10AC7000A010200000100000200000000000880448
:10AC80000000020310000041000000200002C00983
:10AC90004080028004C10200000000001005A011E5
:10ACA0000203C0000000A0040000C0080240002011
:10ACB000820008032002000040C020000811A0000C
:10ACC00041820090C100000202C0000280000484A2
:10ACD00020C00004100400820210000080880008D8
:10ACE000052010000840038541400400900803043B
:10ACF00008044100024188400800021005A000003D
:10AD0000400210001090002120000585200200095B
:10AD100000C0100000000020410404001004058859
:10AD20000000212009040900101004A010001040A8
:10AD300008000200100005010900020003000040A5
:10AD40002004A0204041401100838805A01002404B
:10AD5000C10240090002001100000921020904009B
:10AD6000000000800800C0800008820311001180EC
:10AD700010910482820901C0098310400020000064
:10AD8000000084001005C0100208882002028421FF
:10AD90000882842010031000840084000321208096
:10ADA00000004000001000A00402000001000000AC
:10ADB00008008400022000119002040000202002FC
:10ADC000080441000084090011C0C1008002200273
:10ADD000410810C10482A003210009891085801058
:10ADE0002000040021C00288000010001008008824
:10ADF000102005C002841000020408002110048401
:10AE0000200000000008100005C0052041000000DF
:10AE1000100840844101000000820500000000008D
:10AE20000200002000001004410010A0204020007B
:10AE30000800218410C009020300218200000000E4
:10AE4000084020040400000000100405020002C0B5
:10AE500001C00400100203000402000000021002FE
:10AE60004000C000C1408400024010008300018007
:10AE70000040018000402102C011C1800100820019
:10AE8000210010000000000004100204C080100027
:10AE9000000802C000001004100000000000C00004
:10AEA0000000C000C00504000080A0048200000073
:10AEB000100002400221000982008200000084008C
:10AEC000000010801009008000A110000080000325
:10AED00080020980200008830090008000008083A9
:10AEE000000000000005800020000900028080C1F1
:10AEF00021412011100902838904000503C1900932
:10AF00000088090402410000A1880004104100A14A
:10AF100088821008118940918083000900214180B6
:10AF200089400911801100410800090203C100A0F5
:10AF3000C0058920C14110200583001009400391FC
:10AF400080800911028040C1A010100404C00008D4
:10AF5000C00182880020010211898440081000008D
:10AF6000820300844090002088A000A00482011089
:10AF70000204A09041820182001041A000C101851D
:10AF800009821084008400100000848804010804F1
:10AF900000048841C085080201C08809088488002F
:10AFA000000888050540088200890102111000058B
:10AFB00000028904058508C101090088A0A00401D8
:10AFC000004002048940010801051001A000820030
:10AFD000A1104000020101000302C000000088002F
:10AFE00011100000080088001102020002824103D3
:10AFF000A100C001A000A100834008014101081187
:10B00000108510000809A10582020000C040050853
:10B01000888411104001208289210382080082085F
:10B020000189010104008200408891009000858818
:10B03000A000054110008288C18909098200A02072
:10B04000A1894000C100A008A100404000200500E7
:10B0500000000380800080102000038400090000AD
:10B0600080008380000000008000838003002000B7
:10B070008588410021200511050041808002414062
:10B080008085888908208208408282800000409163
:10B090000280918510008440C120A021A0A08009D9
:10B0A000098021A0034000040400918409000502E6
:10B0B0008800A010098585000585218520090204E6
:10B0C000200540C089001000048021008409000090
:10B0D000800080A1800300000080108000830000B9
:10B0E0000000808080030000000000A080830088B2
:10B0F00000829188000802040888038880080010F4
:10B100000085A08280C003918002029008A0000008
:10B1100010C000A1C18241880391000800C10382D0
:10B1200005800909808500030002001109410080A3
:10B13000080880A080A0000040910091009182103A
:10B14000200204911040908540808011808905057F
:10B1500040A0C0A0021088A1109010100140000370
:10B1600000A00000A02010A10008A0C0C011888984
:10B1700000080409401100820111000900A188049F
:10B1800000829002A00208A101401082848501057E
:10B190000000A00800C10241C1890040A0A18202B4
:10B1A000008800080100A010080900050040010007
:10B1B000008801030420020500100104000800A01B
:10B1C00041A0000100C1C100894001088220100394
:10B1D00001A10203A0100400A004054121C0000049
:10B1E000880001008800A000011089840408820002
:10B1F000C0A0414089A1850020C091000500040045
:10B200008905A100A00890848800A000A041C0008A
:10B21000C120000004C188024100C0C041C184882F
:10B22000020004C085000004A000C009A10040087D
:10B230000000C000C101C008020002080000C009EF
:10B24000A000C0000002A088C100400005840204E4
:10B2500082900920800300808000008083A0840009
:10B260000000000003008000801040800380C18047
:10B2700000418000880590038200C080081085008E
:10B280008003858589020410218200000300048860
:10B290001120882100000302C1209021090088406C
:10B2A0000984A140110003050000850200408900C7
:10B2B00011801111000009052080800080800000AD
:10B2C00000A0000400001080059082419100899048
:10B2D0009141000205008100000BD0008200008235
:10B2E0000000D00082000000000B00000000000001
:10B2F000000B000021000000000B000042000000D5
:10B30000000B0000000000000000D00000500A0008
:10B31000000B0000820000000000000B0000000095
:10B320000000000B000000810060000BD000000056
:10B330000000000BD000000000000000D000000062
:10B340000000000BD00000000000000B0000000017
:10B3500000000000D0000A0000000000FF00000014
:10B36000FF000000FFFF00003C3C0000666600009C
:10B37000FF000000FF00000066FF660C0C030000E9
:10B38000000000C3CC0000CC6F660F00FFFFDFFFA2
:10B390002062E2453F303F3000007E663C00BF2621
:10B3A000B92021D949993CFF0F660F0F66660F0F30
:10B3B0000F006F0F66002F242F24FF6666663E067F
:10B3C0003E06FFFFFFFFFFFFFFFF0282C08042DB60
:10B3D0009090FF3C3C3CFFFF0F0000000000FF008E
:10B3E0000000FF000000000000003C3C000066661A
:10B3F0000000FF000000FF0000006600660C30C087
:10B400000000000000C3000000006F660F00FFFF97
:10B41000FFFF0F0911236F600F0000006F660F0020
:10B42000BF26B920981001883C000F66000000007C
:10B4300000000F006F0F66002F242F24FF00000074
:10B440003E063E0699999999FFFFF9D910101022EE
:10B4500042DBF6F6FF0000000F000F0000000000C6
:10B4600000000000000000000000000000000000DC
:10B4700000000000000000000000000000000000CC
:10B4800000000000000000000000000000000000BC
:10B4900000000000000000000000000000000000AC
:10B4A000000000000000000000000000000000009C
:10B4B000000000000000000000000000000000008C
:10B4C000000000000000000000000000000000007C
:10B4D000000000000000000000000000000000FF6D
:10B4E00000FF0000F0F0000000FF000000FF00007F
:10B4F00000FF0000FFFF00003C3CFFFF00000000D9
:10B500000000000000A000000030000000303030DB
:10B5100030FF6060FFFF291090A4303F36360000F6
:10B5200000F634F66060F9F988000100242424262E
:10B5300000FF00F0F0F000F0303030FF00F0FFFFCF
:10B5400030FF30FF303030FFF0F0F0E400FF20FF3C
:10B550000A08004388421A11667E667E0000008059
:10B5600000FF00FF0000F0F0000000FF000000FFFF
:10B57000000000FF0000000000003C3CFFFFFFFF58
:10B5800000000000000000A0000000C00000000C4F
:10B59000303030FF60606060AA14101930303636E9
:10B5A000000000666666187E187E94A007320000D0
:10B5B0000006000000F0000000F0303030FF00F026
:10B5C00000F030303030303030FFF3F3F3E700FF7D
:10B5D00000DF00003E18904212C0003C003C00001A
:10B5E0000000A08601B001844940A2C75174A0B4F4
:10B5F000494502C7018000A4494002C701E0008418
:10B6000041400186008000B00080008602E000809A
:10B6100000000086007000B0000000060C6001A071
:10B6200000000000008600800080000000860C8082
:10B63000008000800886049400820010008600903C
:10B64000008000000086007000B00000008670904E
:10B6500000A0000000860C80008000800086007042
:10B6600000B00080D3C3100055550003FF00FFFF5A
:10B6700055FF0F3CFFA0FFA0FFFF00FF30000000C0
:10B680000C0C0CFFFCF03C0020100804248100008E
:10B6900000FE01FF3CF03CAA0000000C010101008B
:10B6A000F000F0000000FF00EF200000FFFF7FFF30
:10B6B000FFFF0004FFF7F8F828283C3C3CFFFF2878
:10B6C00028280F0F3F3F0082020320008940FC3CE6
:10B6D000FC3C00000008F828F8280F0F5F5FFCFF13
:10B6E000F0F0FFFDFFFFC3C3000055550000FF0051
:10B6F0003C3C55000F3CA0A0A0A03C3C00FFC0007B
:10B7000000000C0C0CFFFCF03C00201008040000B2
:10B71000248100FF00FF3CF03C000000000301001A
:10B7200001007000F0000000FF00FF000004FFFEB9
:10B73000200000000000FFFFF8F82828000000FFAC
:10B74000FF28282800003C3C8448081000085002CC
:10B75000F000F00000000000F828F828000055551F
:10B76000FCF0F0F0FFFFFFFF3C3D3C3855550C006E
:10B77000F3B2F3B2FFFF0F0FFFF0FF00141414FF3A
:10B7800060000060050505FFF2F070F00010000099
:10B79000300CC0030000FFFFAAFCAAF00000300C30
:10B7A000EBEBEB28002000AA0000FCFCF0F000FF0F
:10B7B00010BF7F20FF0000FF04EFFF3CFF003D3D76
:10B7C0003D3DFCF03C000C0C0CFF0600C081E9A8DC
:10B7D000C180FCF03C00003C0F3FFF3C3C3C0C0CAB
:10B7E0000CFFF0FFF02800204C00FCFD0C08555524
:10B7F0000000F3B2F3B23C3C0F0FF0F00000141461
:10B8000014FF09000009050505FFF0F0F0F0000045
:10B810000000300CC0030004FFF7AA0CAA000000CF
:10B82000C003F0F0F0F0002000AA00003C3C000053
:10B8300000FF00FFFF00FF0000FF00FF3C3C000096
:10B8400005050505FCF03C000C0C0CFF021C213C1E
:10B85000FDBCD594FCF03C00003C0F3FFF00000015
:10B860000C0C0CFFF000F0282D1002030400200047
:10B870000000118404A005101010042004082120E9
:10B880002120A008110003002000000000008440D7
:10B89000000804202184040804001100000840204E
:10B8A00004000400801003001040910200002000FA
:10B8B00004100300030011040400050400911100AA
:10B8C00004044100042020000400040000200004BF
:10B8D0000420000410001190040000000200000089
:10B8E00040000000040004000400000040002000AC
:10B8F00004000000200020000000010000002000E3
:10B900002090000020A00000000000000000A00027
:10B91000028000090021900000008400C0000000A7
:10B920002080000000004009000001A0108000C03D
:10B930000000000000080000008500009080000466
:10B9400000008280C0008880000001000000900993
:10B95000008000900280A1000000000000000300B1
:10B960000000010000000000830000000000020051
:10B970000000000100000000004000024000000143
:10B9800000000000002000018001000000204000B5
:10B9900000018000001000000001001000000020E5
:10B9A0000000000100001011000000200000000055
:10B9B00000000000000000A000400000000141085D
:10B9C0001000000000000000000100200000201016
:10B9D00080A00000002100C0001104000000000051
:10B9E0000004000000010001000000000000000150
:10B9F00000200000880800028200008904880003FB
:10BA00000204A010000000080004102000200080A4
:10BA10000411200402102000200020048211821151
:10BA2000A0210011000800084020004100A00000F3
:10BA3000822000000003002100100090000082041A
:10BA4000202120219000041004100004A08900107F
:10BA5000010002000000008400104020020090005D
:10BA600000080003000000200420C0100400002192
:10BA7000000420804100400000A00288400404022D
:10BA80000402048502400408029009000002000834
:10BA900004080510400302820000040005010008AC
:10BAA0001084080110A041C10000200500200520DD
:10BAB000044000200000000000004100090421C0F3
:10BAC000040404C1080220A10020048400088004AA
:10BAD000002000040584040021020084108400007A
:10BAE000100000001085040000000009000900009B
:10BAF000000800000841A008001002008300008038
:10BB000000000080022000A000118400101000003E
:10BB1000C040042000080082010284108500000457
:10BB20008400850000040000C004020001844090ED
:10BB3000C0C00891008200008203001084030085C9
:10BB4000840509A0092000414120A0C18300001004
:10BB500020831080848010051100008000200800E0
:10BB60001000100010410340010084000288C0C092
:10BB7000000008000004C0C00000000041000300F5
:10BB800008000240000000830000048800020588CD
:10BB90000940098404C00200054002A021A0000061
:10BBA0000240024008001000009100040940000516
:10BBB0001000104005008040000020900000004070
:10BBC0001000100104010204020505001004000425
:10BBD0000000C1201041A09180410082200220205D
:10BBE0000390820084C02040A00440001000210087
:10BBF0000008110008400091C000820020030400EA
:10BC00008800000001000005880200000111C0004A
:10BC10000000000000091120010400901141824140
:10BC2000C0000000A0408210000000200080000042
:10BC30000088000801008808100000000000104182
:10BC400000090800C020082000099140040000807D
:10BC50008480200004410004042004840400108433
:10BC60000080080909000200008040030100000074
:10BC700084000483000088000020020400200010DB
:10BC800040C0080000000910828205080000210061
:10BC900010000000040840C0400008018084A0207B
:10BCA0008820A1882184080508001111052090042E
:10BCB0000000A004411021000000008400000500E5
:10BCC00000000000104000202084100008404100C7
:10BCD0002084000405844120410041048041040087
:10BCE000000000001120100041002100000105208B
:10BCF00003104100030103000000100402000010C3
:10BD00000009A020002000104005042100100005BB
:10BD100004000000102101008540030000082011EC
:10BD2000210004C02005C0000084C0050040008040
:10BD3000209004102085902110050408082100009F
:10BD4000844102000002108300890902001010A043
:10BD500088000100828008210400020000A002C0C7
:10BD60000109080000034083C000A0210020844096
:10BD70008420C0001000000284008800C0208421BC
:10BD800002004182002002204100C1001008090089
:10BD900000000904001020901010001002A00208FA
:10BDA0001082110005A002881000024000A00901C5
:10BDB000410220200840082041C0411010400000EE
:10BDC00000002004002000900002418200001000CA
:10BDD0000910059100000584400020890410090124
:10BDE0008340020041001000400241000400204056
:10BDF000048810002108040008824102809000900D
:10BE000000020000000000809009880020040489DE
:10BE1000000000000000040341000000100090003A
:10BE20000880000020000004001020210080000095
:10BE30000020000001A100800080000000000080C0
:10BE400000210000200000000041900908000000CF
:10BE500010000000000490210400001101200100E6
:10BE6000882004210000840004000203080400214B
:10BE7000000000000000C0000400000040020411A7
:10BE800000400802004080A0211100C120030209E7
:10BE900011850441000000000000008000802100A6
:10BEA00020004180059102838082058002111009E3
:10BEB0008821031104C00003001141090483020416
:10BEC000408508090000000080004100000088084B
:10BED00080004190008000A040080011410008034C
:10BEE00089200500004100800009C01080408005C5
:10BEF0008580028200C0A090200520C141904000B2
:10BF000000008500050000A08411110300100585C4
:10BF10000403824100A1000800408802004000881C
:10BF2000880008900120C021002082C1002000016B
:10BF3000010111000000008900C088910000C08943
:10BF4000008908410000000000000400000000001B
:10BF500088A00484100300840089054188C0014042
:10BF6000A1000500000000010088000108414020F8
:10BF70000402A104010400098941A18411A00185E2
:10BF800000000200A0000000880200020040A04063
:10BF900082009103881111910300A100C00008885C
:10BFA000C0008300108841008801018490111100B5
:10BFB00000000182008500C11100A0C01000A00097
:10BFC000050104C00502C1000000000000000100DE
:10BFD00001010400C08289000385000083004188BC
:10BFE00002010008000000820100010005C0890074
:10BFF000410108009121A101828504000090880080
:10C0000084850188000000C0000080C00080000519
:10C01000004100204105A091830990051000020015
:10C0200041020500400005801000000208001105D3
:10C0300089000000410000A041891111048083099A
:10C0400041098502A080C004C00400000000400037
:10C0500021001009000080809000898500050800FB
:10C060002180000920801100200009004002C080CA
:10C07000A000102011082021A002848503000410D4
:10C08000A00382A0100004000900094190808000F4
:10C090000080000000C10041008211820000800089
:10C0A0000500800000020088099000800011808552
:10C0B0000020C0410041004100418020411100C0EA
:10C0C0008083C10902200089202185200000000012
:10C0D000000000000080100200C0091040000008AD
:10C0E00009020991C0002003402000A080800002C6
:10C0F0000011898285400000808080001100088541
:10C1000000040020914100020911200880C0088429
:10C11000C084088488A00010A09004040188000056
:10C12000C0008500200082C1881101050008004080
:10C13000C0C0C09089A0008800400088109100888D
:10C1400000C140048808014000C0829089010000BD
:10C15000009000A000C000080121002101C10104DD
:10C160000001014101A08940010201020041A00833
:10C17000A009000105A1892000A020408220009094
:10C180000004000400912002002100A101C010C0A1
:10C19000091102201000202001880109010002C0BD
:10C1A0000011888290010040014000080101010057
:10C1B000C1849040830010004188842088004000A2
:10C1C000900088008584000201C089008401100469
:10C1D000000000000008000000004100881003007B
:10C1E000000085884188000041400010008400A0C4
:10C1F0000100010889084001202002A090C01141DF
:10C20000C008C0900189C101A1A000000002000087
:10C21000000008090280A000210003844091021060
:10C22000800000A0800800020080108020410902E8
:10C23000080009C0000520008000090000882108CE
:10C24000000009058402C089418020C19009902026
:10C250004100000000000085000000008900800906
:10C2600090114100088004081111200003002000F3
:10C27000050004000980918400404000C103024091
:10C2800002C11180850004A0A12010000000001050
:10C29000002100000000000BD00000000660000B31
:10C2A000D00000000060000BD00000000000000B78
:10C2B000D00000000000000BD00000810600000B41
:10C2C000D00000000000000BD00000000000000BB8
:10C2D00000000000000000000000D000000000008E
:10C2E000000BD00082000000000BD0000000000016
:10C2F000000BD00000000000000BD0000000000088
:10C300000000000000880000000B00000000060094
:10C31000000BD0000000143FD73F0000000000FFDA
:10C320000F0F5F3050300000000000000000C030F0
:10C33000030C0F3F0F3F0505FFFF000000005555A0
:10C340005F5F0000001014D714D73C3C0F0F50550E
:10C350005F551414D7D70000000000000000000053
:10C360003C3C3F3F053D053D0C0C0CFF0CFF0CFF1A
:10C37000003C0F3F053D053D00FF3CFF000F3C3FEB
:10C38000FF4BFF410000000010102000FFFFFFFEE8
:10C3900000000000A8A880801403D703000000005C
:10C3A000555500FF503050300000000000000000E4
:10C3B000C030030C003C003C0505050500000001F1
:10C3C00000000F0F0000000003033F3F00FF555522
:10C3D0001015DFD50CCF0CCF0000000000000000CE
:10C3E000000000000F0F053D053D0C0C0CFF0C0C70
:10C3F0000C0C003C0F3F053D053D00003C3C000F90
:10C400003C3FFFEBFFE10000000040000182FFFF26
:10C41000FFFF00000000E9A8C18000C000C00000CC
:10C420000000FCC0B2B2F0FFFFAA00000000AA3C6E
:10C43000FFF000000000FFFFFFFFFFA0A0A0FAF048
:10C44000AA00FC3CF000FAFAF0F0FFF041F0AA3C40
:10C45000AA3C0F0F55553F3F303000000000000050
:10C46000FFA0A0A0FFFFA0A0FFAAAAAAFAF0AA001E
:10C47000FAAAFAAAFFFF3C00FF303030BCA0BCA0F3
:10C48000000000005F5FCFCFFFF5FFB400409000D9
:10C49000FFFFFFDF00000000FFACF0AC00C30000B6
:10C4A00000000000FCC0B2B2F00000AA00000000D2
:10C4B000AA3C00F000000000EFFFFFFFFFA0A0A0DB
:10C4C000FAF0AA00FC3CF000AAAA0000BEF000F0BE
:10C4D000AA3CF03C00FFC3C3FA0AFA0A00000000BD
:10C4E0000000FFA0A0A0A0A0A0A0FF000000FAF004
:10C4F000AA00F000F0003C003C00FF303030BCA04F
:10C50000BCA0002000005F5FCFCF0A004B0000827C
:10C510000080FFFFFFFF000000000FAC00ACA18611
:10C5200000F000B00000088604F4018000100086CE
:10C5300000B400B00005018600D000A00080008695
:10C5400000F000880000008600F001B800000186BD
:10C5500000800098000000860A800098000000001B
:10C560000086007000B000000086009000A000006F
:10C5700000860090008000000086007000B000007F
:10C58000008600900080008000860C6000B00000F3
:10C5900000860C8000A80080008600E009B00080C2
:10C5A000FCBEFC8200552A7F0000000055555575E1
:10C5B000FAAAFAAA00000000000000000CD7CFD7AA
:10C5C00060000000000F3C3F30000C000000884479
:10C5D000FAAAF0000C0C0CFFF828F8280C5D0C5D92
:10C5E00000000000000000004000FFFFF00000001D
:10C5F0000004BE3CAA000F0F0FFF00000000FFFF69
:10C60000FFFFF828F82800553C7DD7D7FFFF0F0F14
:10C61000FFFFFFFF30300000040000000000FFFFBC
:10C62000FBFFC0BEC082005520758282828200005E
:10C630000030F000F00000000000000000000C14CA
:10C64000CF1460000000000F3C3F0030000C0000E1
:10C650008844FAAAF0000C0C0CFFF828F8280C5DAE
:10C660000C5D00000000000000000000F000F00081
:10C6700000000000BE3CAA00000000FF0000000017
:10C68000FFFFFFFDF828F82800553C7DD7D3FFFFBA
:10C690002FAFFFFF303030300000000000000000FE
:10C6A000FFFFFFFFFCFCAFA0AAAABEBEFFFFFFFF7B
:10C6B000101010FFEFE3ECE000000000F8F828286D
:10C6C000003C0F3F20081004003CFFFF000000006A
:10C6D00000000000FFF0FF00FFFFFF7FFFFFF00002
:10C6E000EFFFFFFF00000000000000000000FC3C26
:10C6F000F0000C0C0CFFFC3CF000050505FF0000F1
:10C70000000000000000FCFC3C3C050505FFFFF7B5
:10C71000FFFF00000082FC3CF00000553C7D000063
:10C720000000000000000C0CAFA00000141400205A
:10C730000000101010102F232C2000000080F8F8AB
:10C740002828003C0F3F80024001003C003C0000D4
:10C75000000000000000F0F00000FFFFFFFFF0000D
:10C76000F000FFFFFFFF00000000000000000000DD
:10C77000FC3CF0000C0C0CFFFC3CF000050505FF38
:10C780000000000000000000F0F00000050505FFBB
:10C790003C343C3CBC3C0082FC3CF00000553C7D01
:10C7A00000000000000000001108030811C040084C
:10C7B00004000408040011C0200004A04008200068
:10C7C000049000902090A000001011002182112000
:10C7D0000400040021000490040000002100040073
:10C7E000000040C000008001000005A00090200073
:10C7F00004002020020000004020209000000200E1
:10C8000000002000110000100000210003000400BF
:10C81000040004000000410021A0110011000400E8
:10C8200020901100040003001100820000000000AD
:10C830000000A020204100000000000500000400CE
:10C840004000200000000000080500002000040057
:10C8500004000000040000002000000000000000B0
:10C860000000002100110000021000C000000000C4
:10C870000000000000210000000004000000000093
:10C880002000901100000400A080A000820000039E
:10C89000A0000000000000000200A0000000A000B6
:10C8A0000200200000000000000000000000000066
:10C8B00000000090000000000000000000000000E8
:10C8C00000000000000000000000800000000000E8
:10C8D0000000000000000004000000000000000054
:10C8E0000000000000000000002000000000000028
:10C8F0000000000000000000000000000000000038
:10C90000000400000000000400008002000200009B
:10C91000000800000000000000000000000000000F
:10C92000000000900000000000020000000800105D
:10C9300090000000200000100000400000050000F2
:10C9400000009011C0050010001000002010002110
:10C95000000800210010000890100008004100218C
:10C960000010001100082003002140110009000000
:10C97000000800410400401000000008000890007A
:10C98000A0000011001100112000000004000008A8
:10C99000000000080000000500000400000000087E
:10C9A0000000000090000000000000000000008077
:10C9B000051010000500008200A0101003100000F8
:10C9C0000200020002A0028400A000001184910075
:10C9D000008405C0000000840008050000A00000DD
:10C9E0000082058409100010410005008800A100A4
:10C9F0000000008203101182038421901090000037
:10CA00000010008421000082098403400900000016
:10CA1000020900C04188410005102100000000000B
:10CA20000000110011001100000000002100410071
:10CA300008208821A000A005C003000510000040C8
:10CA4000000000418408001000400008002110028E
:10CA5000040010008210C00000008400A000A0109C
:10CA600000000800C04108051000820000082100F5
:10CA700004050000C011824000098200000010007F
:10CA8000000000050000000000000000000082031C
:10CA9000902001100000A0008200C0008421080046
:10CAA0008210000910000400000000008421000032
:10CAB000C0000380000041001000000000001000D2
:10CAC00002000300400009200300020009002020AA
:10CAD00041001008090010000500110011000000BD
:10CAE0004100200020000400000041000000000080
:10CAF000C10410020000002041000300204020007B
:10CB000020000000000000000904030810020504D2
:10CB10000090000880821100030021900200410073
:10CB200040040800100010A0410020000000000098
:10CB30002020090040900041400020000800000033
:10CB40000003000590000000000000009020400558
:10CB5000C000400040800021840402022010000038
:10CB600020090000C000A00000000000200000001C
:10CB700000000400C1000000200040000000401040
:10CB8000100000001000001020400003C04102000F
:10CB90000200840004211000040488000000000446
:10CBA0002040100404020003A041840000000000A3
:10CBB0000000900990000204100000100010058889
:10CBC0000000040021000310000000000000050028
:10CBD0000000100005000008000041000084050866
:10CBE0004182000003000000000005004120000019
:10CBF00003C0008810002020000002001000008404
:10CC00001082000008000000210000002100100038
:10CC10000000050000822100050010000000000057
:10CC200002000000100000001010000000000000D2
:10CC3000000041004100000000040040820000119B
:10CC40009005000040090010401000000010001185
:10CC500000100000000088210000001100030011F6
:10CC600000090021000010000402C000100910217A
:10CC70000000A000820084001110000000000400E9
:10CC800090000011A0091000000000050000000045
:10CC9000000000400000000390000200A009A00076
:10CCA00084000000000900000800000000050000EA
:10CCB0000000A00010208420080000800002000076
:10CCC00041002010009041000000104000100000C2
:10CCD00009820040001041000310411003882084A5
:10CCE0001082100003042000000000000004200057
:10CCF000200800000088000000040000000000027E
:10CD0000210020002088030005000000030010001F
:10CD100011004000100000880000200004012100E4
:10CD20000300100410001000110000000300029026
:10CD30000500030041040988118800000900200053
:10CD400000000003020000000000000004020000D8
:10CD500000030000000004418800020010020020CF
:10CD6000000000000002000000040000C000A0005D
:10CD70000000002100001000000000000000000082
:10CD800000044000004000110000001120000010CD
:10CD90008800040904040440000000000100850428
:10CDA00040208811400204000200000982090000AE
:10CDB00088000000000002000009900002008800C6
:10CDC00080000000000000008000000000008010D3
:10CDD00000000000000300080000000000800000C8
:10CDE000800000000000008080000000008000043F
:10CDF00080800800000340080000040000000000DC
:10CE000000008000000000000000800000000080A2
:10CE100000410080040000034009000002000000FF
:10CE20000000800000000000000080000000000002
:10CE30008020000000000003000900000000000046
:10CE4000000082000000008200908200000000A02C
:10CE500002010004020000010000000000000004C4
:10CE6000000082000000008200028200000000A09A
:10CE7000A0008210C10000010000900001000082AB
:10CE8000000000008200000000820002820000001A
:10CE90000010A00000104000000100000000010090
:10CEA00000A0000082000000008200C0820000009C
:10CEB00000A0200100909000000100000000000090
:10CEC00000A000000000020000000000000083003D
:10CED00000200200C10005000000900000000000DA
:10CEE00000000010000020000000000000004100D1
:10CEF00000000800910040000000C0000000000099
:10CF0000000101100000000002000000000000000D
:10CF1000410000000800910040000000A000000057
:10CF2000000000A1018200002000000000000000BD
:10CF3000A10000009000110008010000A000000006
:10CF40000000000100A000008000000000000000C0
:10CF50000400008080001000404000090000200014
:10CF600000000005048000008000000000000000B8
:10CF70008400000080102000892100008000210032
:10CF8000000000024180000000008000000000005E
:10CF900000008400000080002000850200000000E6
:10CFA000020000000020418000008000000000001E
:10CFB0000000040000000000A000C02000090000E4
:10CFC000200000000020020000000000000000001F
:10CFD00000000000008005A000210000000000000B
:10CFE00000000000008000000000000000000000C1
:10CFF0000000000000004100002000008800000048
:10D000000000000000000000000000000000000020
:10D0100000000000000000000380002100008000EC
:10D020000000000000000000000000000000000000
:10D03000000000000000008040C100080000000067
:10D0400000000000000000000000000000000000E0
:10D05000000000000000004000C1000000000000CF
:10D0600000000000000000040000000000000000BC
:10D0700000000000000000A0008800000000030085
:10D08000000000000000008200000000000000001E
:10D09000000000000000000000A0C1C0000000006F
:10D0A000020000000000000000A0000000000000DE
:10D0B0000000200000000000002001090000000026
:10D0C000000000000000000000A0000000000000C0
:10D0D0000020000000040084900000000082010095
:10D0E0000082000000000000000000880000002016
:10D0F00000C10000000200008200000000000100EA
:10D1000000C0000000900000000010890000000036
:10D1100000000020000000000010A00000000082BD
:10D12000010000820000000000020000C0020000B8
:10D13000000000A1000000000010040000000082B8
:10D14000000000400000000000000000000200009D
:10D15000050000A1000000804100110000000085D2
:10D1600040000080000000000000000000000000FF
:10D17000218000C100000000020005000000002125
:10D18000020000000000000000000000801000000D
:10D190000000050000A10000000002008500000062
:10D1A00000832000008000000000008000008085D7
:10D1B0000000210000A100000000410084000000E8
:10D1C0000085020000000000000000000000008058
:10D1D000000000000000120000000000000012002B
:10D1E0008148000BD0001250000000000000000039
:10D1F000000000000000120000000000000012000B
:10D200001148000BD00012000000000000000000D8
:10D2100000000000000000001200000000000000FC
:10D2200012608148000BD00012880000000000004E
:10D23000005000000000000012000000000000008C
:10D2400012008148000BD000120000000000000016
:10D2500000000000000000000000000000000000CE
:10D2600000000000000000000000000000000000BE
:10D2700000000000000000000000000000000000AE
:10D28000000000000000000000000000000000009E
:10D29000000000000000000000000000000000008E
:10D2A000000000000000000000000000000000007E
:10D2B000000000000000000000000000000000006E
:10D2C000000000000000000000000000000000005E
:10D2D000000000000000000000000000000000004E
:10D2E000000000000000000000000000000000003E
:10D2F000000000000000000000000000000000002E
:10D30000000000000000000000000000000000001D
:10D31000000000000000000000000000000000000D
:10D3200000000000000000000000000000000000FD
:10D3300000000000000000000000000000000000ED
:10D3400000000000000000000000000000000000DD
:10D350000000000000000EDE0000000000000000E1
:10D3600000000000000000000000000000000000BD
:10D37000000000007B700EDE0000000000000000D6
:10D38000000000000000000000000000000000009D
:10D39000000000007B7000000EDE000000000000B6
:10D3A000000000000000000000000000000000007D
:10D3B0000000000000007B700EDE00000000000096
:10D3C000000000000000000000000000000000005D
:10D3D0000000000000007B700663C0020000000037
:10D3E0000000408C07000000000000003002000038
:10D3F000000000004003C6608664C0020000000018
:10D400000000408C07000000000000003002000017
:10D41000000000004003266100008664C002000096
:10D4200000000000408C07000000000000003002F7
:10D43000000000000000400326610663C0020000F7
:10D4400000000000408C07000000000000003002D7
:10D450000000000000004003C660000021404000C2
:10D46000040011012000400210080411048204008D
:10D47000042000A111208000000803001100041006
:10D48000040404A004A004000420110004042000EB
:10D49000044120000400A00020C00000000104019D
:10D4A000210182052001040503A0000400000400FE
:10D4B000A1081100000011C1000184114000040006
:10D4C00004000200000000000200204021012101B0
:10D4D00003040000200000000000000000000080A5
:10D4E00000200021000200000090418000020000A6
:10D4F0008200008000022080020020000010000056
:10D5000004008288000000004000208000000080AD
:10D51000000090C0201020000200900000C00020F9
:10D520000020002003C001040084000000800004EB
:10D530008800020004000400002000200202000015
:10D5400000000000900000000400000090809004A3
:10D550000404A0840000200020000000000000005F
:10D560000000000100040000000000000000800036
:10D570008000000100000000000000020000000028
:10D580000000000100000000000000050000000194
:10D5900000000000000100010000000800C10000C0
:10D5A0000011000000C12001000000000003000283
:10D5B00000010000000000000083040000000000E3
:10D5C000000000000000000000000000000000005B
:10D5D0000000000000000005000000000000000145
:10D5E00000000000004000000000001000000411D6
:10D5F0004011400000082021000000080010001029
:10D6000000210000002000080000000882A00000A7
:10D61000000400000000204000100000004100084D
:10D6200000C00004000000042140000000000404C9
:10D6300004000002000000000021002000000000A3
:10D64000000300030000000382000000000000004F
:10D65000000090000011000800040000000000001D
:10D66000004000884120030005C0100410C02101C3
:10D670001002089004910402001000000000020053
:10D680008800001000000490200480C000001110E9
:10D6900000040510000011C0800800041004000000
:10D6A0000510000005000401001000000008004003
:10D6B0000400008441000008000000000088110000
:10D6C00000C00241400000820000024000820000D1
:10D6D000004041080000050041000000000000C0BB
:10D6E00010000200000000008408000084A1110066
:10D6F0000004008001030110018884100000000074
:10D7000001100305000010008300C180020000002A
:10D710000000008010000000000502100080108052
:10D7200000400000000082000104000084000005A9
:10D730001040000000000000000010000000840005
:10D740009000100001C0831000000000A180840040
:10D7500000000080C0000000840010000000840869
:10D76000000085001100000000000000000041885A
:10D770001000100020018500A0008401820000003C
:10D78000840121000000400003000000410010005F
:10D7900041004100020020000200040002000000DD
:10D7A0000000404000000000050041001000410062
:10D7B0000200020041880200100000000400410045
:10D7C00041010001090020000300040021001000B5
:10D7D000410010001100040000010500000041009C
:10D7E0000000020000004100100000210040200065
:10D7F000C00000008400044008000400042004006D
:10D80000841005200000C000010000000040080056
:10D8100010000400C0000000000420000400030009
:10D8200000000000008004000000001182090000D8
:10D83000000010000011900011218400C0000000C1
:10D840000008400200022002200040008204840000
:10D850000000000410000400001182040000001108
:10D8600010030000C009C0110000001000002110CA
:10D8700020404100000009040088004040002110C1
:10D8800004010000800010001000000205000020CC
:10D890000000100000002000200000020200100024
:10D8A0000004000010844100008400001001040006
:10D8B00000004188218420000800000000A00384AB
:10D8C000002008A00082100110004182000000101A
:10D8D0000500410000041084000000C000000004A6
:10D8E0000004008208001000000005000080000015
:10D8F000840000900000A0000080880300008400E5
:10D900000080000800000400C005000300000021A2
:10D91000008000100100000011000900A080C10972
:10D920000008008000051000000000030000002037
:10D93000C105100000001000011110080041000096
:10D940000010840000100000840800000000900017
:10D950008200000000001021010008000000C0004B
:10D96000848084801000000000000000000010107F
:10D97000000220040084410420A0000940004084EB
:10D9800000A0C00980020000C02004004000110473
:10D9900040000040404004044002040040004002B7
:10D9A00000A010C02088400204844002410400000E
:10D9B00004000000000000400200020021010308F2
:10D9C000410041204100A188000240201020201089
:10D9D00003042000200000000040104010C0009010
:10D9E0000240000041000900020041000000410027
:10D9F0000000000000000000C0000040840400009F
:10DA000000000421108810A0C0000480A000C00005
:10DA100000000000000000000000000001000800FD
:10DA200000800000A12000000000C0000000840071
:10DA300000000000000010001000100000000004B2
:10DA400000040040C000001002000000C004C0003C
:10DA5000000840000000C020C00084411000000009
:10DA60000020C0008400000020030000000400002B
:10DA70000002000000004000008011090021102178
:10DA80000341898380020309118440032111044169
:10DA900005112100100000004100108000000080EE
:10DAA0000000A01040094105030580000009042082
:10DAB00000100000858502892020414103032008D1
:10DAC00040000080110511052110110589030991FD
:10DAD000820520C0A10285A080C1A1100000000025
:10DAE000204000020010090200410921058880A0A1
:10DAF0002185110800A08240000200020100900070
:10DB0000000191008983C085400101900100080057
:10DB1000C00100000000010040000100012000825F
:10DB2000900200909101010101010000400082017A
:10DB3000000100010000880202C1898301910000F8
:10DB4000049100C000200000400000000000889107
:10DB500002C0C0830120200184410209410300006A
:10DB600088000101000000000100000100000140E8
:10DB700004020004008991009100044082048200A4
:10DB8000020090A11000A1000108898383002100F8
:10DB900004212101210088004000200000009100A4
:10DBA00001408840100184002185A100210103006B
:10DBB0000284A00282010000A000C010890100853B
:10DBC000A00009022000C1000800A18990010901FC
:10DBD000A10000028901848502008491C00310A085
:10DBE000A000040002000400000000080100000181
:10DBF0000000010201000100080008008280C180CD
:10DC00000400A1004111C104080021808285910413
:10DC1000A005A141100810414100800083000000D0
:10DC20004000410080C0000940008809A1219009FE
:10DC3000200010008900C105000005009180C1414D
:10DC4000418520008880800089000900404110083B
:10DC5000412005004080A040848508108541418214
:10DC6000A10580008000000000000000028021006B
:10DC7000210905000800100508000000000005004B
:10DC80000080020000414189820311400005041117
:10DC90000984202000A1201008100010002100207D
:10DCA00000200085804180898080000800410510A7
:10DCB000004141800080008000000080119100A0A0
:10DCC00000A020A12088C1020983408003C00090E9
:10DCD000409140092108000220C005C185200005AF
:10DCE00020C191A10000008000000380000200021A
:10DCF000090000210205009002A182110090088213
:10DD000091080010010800C00085840901050091F8
:10DD1000C0C10182900300880109000300010000D6
:10DD2000000100010085208804A18840008200A035
:10DD300001C100C0000800080010000800800004B5
:10DD400000030021C103008510898984012001415D
:10DD5000002001020102010200A10120014140084E
:10DD600020000884020800C00020000800200001F4
:10DD700000000100000001038421910984C1840096
:10DD8000A0000200841001880008010001108290A8
:10DD90008989820102888282880309000282000048
:10DDA00000200000004001850191010101002101D6
:10DDB000C090A000A00001C100410100000200804D
:10DDC00001000289A18991900188010800000040AA
:10DDD0000108011000010102004088850800202090
:10DDE0000585850589002182000000A0000000C093
:10DDF0000088010200000000000200000101010093
:10DE000080400020002080800380410502091180AD
:10DE10008880908911020880839191888205118001
:10DE200000000002000000002085200821022000E0
:10DE300089090000050000000908210420050000F0
:10DE4000008009000403A0A0020008910400002043
:10DE50001180408310092002410311808504C11004
:10DE600089801088208821031080000900000000AC
:10DE70000080028004000005210041000320080208
:10DE80001000000000000000000000600000D00052
:10DE900000842100C20B000400810600400BC10079
:10DEA00041500000000BD00000000000000BD0002B
:10DEB000000000000000D000000000000000D000C2
:10DEC000000000000000000BD000820000000000F5
:10DED000D00000000000000000000A000000000B5D
:10DEE0000000000000000000C10000480000000029
:10DEF0000000000000000000D00000000000000052
:10DF00000000000000000000000000003C0F663C24
:10DF1000FF0FF6F6FFFF00CF00000000C0EE6E6FAF
:10DF2000C0BDB14300000000FFFFFBFF0500A000E3
:10DF30006E0C6E0CFFFF0606FFFFFFFFFF0FFF00DA
:10DF4000000000000000FFFB0400DFFF0400FF3CB6
:10DF50003C3C6E0C6E0C3F03E7E7EF2FEC2CFF7F91
:10DF60009F1F6F603F3F40E66DA6002428580000C9
:10DF7000000000000000FFFF3C003F3F0F0F1203B6
:10DF80000A03000FF0FF00000000000000003C0F3B
:10DF9000663CF0000606FFFF004F00000001F0F7AE
:10DFA000EEFFC000004000000000FFFFFFFB000587
:10DFB00000A06E0C6E0C06060606FFFFFEFF0F0F9C
:10DFC0000000000000000000FFFF0000FFFF000055
:10DFD000FF0000006E0C6E0C3F032424E323E020BE
:10DFE000000106076F60303060E6AE66008880C1D1
:10DFF00000000000000000003C003C003C3C000031
:10E000000220048893939393000000000000000016
:10E010000000000000000000000000000000000000
:10E02000000804006011080000000000000000006B
:10E0300000000000000000000000000000000000E0
:10E0400000000000000000000000000000000000D0
:10E0500000000000000000000000000000000000C0
:10E060000000000000000000000000080400601133
:10E070000800000000000000000000000000000098
:10E080000000000000000000000000000000F03C64
:10E09000FF66F000F0003F060F06202000000000A1
:10E0A0000020000000000000000000000000663CAE
:10E0B000663C000000007C7C7C7C00F03CFC003C6A
:10E0C000F0FC3CFC3CFC0101F7F7000000FF20EFF6
:10E0D000664666760066FFFF3C3CFCFC16761F7FBA
:10E0E000360F36FF99990F0FF624F6BD0000000099
:10E0F000000000000E0E0E0E00000000303030FF59
:10E10000F0F0F0FF811A2002640101080000000015
:10E11000F03C0066660066C33006000620209900C9
:10E1200000000000000000000000000000000000EF
:10E13000663C663C000000006060606000F03CFCF3
:10E14000003CF0FC00F000F00100F7FF000000FFD1
:10E1500000FF66666666006600660000F0F01070FC
:10E160001979360036F0C3C3FF00902490BD00003B
:10E170000000000000000E0E0E0E00000000303007
:10E1800030FF000000FF02211400918892120086E7
:10E19000006000B000000886027400B20000012098
:10E1A0000A8001C80480008600A009B30000008630
:10E1B00000F000A80000008600F00080000000864B
:10E1C000007000B800000086007000B00000000081
:10E1D0000086009000A000000086007000B00000E3
:10E1E0000086006000B3000000860A8000A800805E
:10E1F0000086006008B300000086006000B00000E8
:10E2000000000010000000000086026000B0000066
:10E21000000F00000F0F2F0F000000000000000093
:10E22000F3F3FFC33C05FFFFC3FFE8C03C3CFFFF27
:10E23000000000000000000000000000000F3C3F54
:10E2400030C00C030000002400000000AF82AF00CB
:10E250000000FF30FF300000001000000000003C14
:10E26000003C000000000000FCF8FCF0FCF00100A5
:10E27000000000550055C3FFFFFF00000000BFF77E
:10E28000C300000000000000000000000000FFFFCD
:10E29000FFDF000C000C2F0F0F0F0000000000002C
:10E2A0000100F3F3FFC33C05FF00C3FFE8C0000417
:10E2B000C3C7000000000000000000000000000FC5
:10E2C0003C3F30C00C030000002400000000FFC3EE
:10E2D000FF0000003030303000000000000000007F
:10E2E0000038003C000000000000FF283C003C001B
:10E2F0000000000000FF00CF00FFFFFF0000000053
:10E30000FBBFE30000000000000000000000000070
:10E31000FFFFFFFFACACFF0F00C300C30000000015
:10E32000C7EFFFFF3C3CFF00C3FFD7D70000000052
:10E330000000200000000000053D053D0000000039
:10E34000003CFFFF000000000003000C0000000084
:10E35000C3F3D7D70000FF3030300C5D0C5D07D71A
:10E3600007D7FF30FF20000000003C3CFFF5FF30E6
:10E37000303000553C7D3E0A3E0A0CBE3CBE0000DB
:10E3800000001414BEBE00000000000000000142A6
:10E39000680400000000ACACF00038FB30F3000073
:10E3A0000000C7EFFFFFFFFFFFFFC3FFD7D700004D
:10E3B00000000000000000000000053D053D0000D9
:10E3C0004000003C003C0000000000C000300000A5
:10E3D0000000003014140000FF3030300C5D0C5D84
:10E3E00000000000FF3CFF28000000003C3CFFFF55
:10E3F000FF30303000553C7DFFFFFFFF0CBEFFFFBC
:10E40000000000000C3CFC3C00000000000000008C
:10E4100048A14981000000000000000020A0400049
:10E420002100000004000000000120002101200163
:10E43000401004000008000011000000000021004E
:10E440004000000004102100000000000000001047
:10E4500000002100210011400000000000008000A9
:10E460002101000000001102000000000000210056
:10E47000000000092101820000040000000080006B
:10E4800000001100000091000000000000000000EA
:10E490000000000000000001410100210000010017
:10E4A0000100000000000000000000040000000463
:10E4B0000004000000000080000040000000200078
:10E4C000000000000000000000000000000000004C
:10E4D0000080000020000000008000C0000000005C
:10E4E0001000000800000004008000000000000090
:10E4F000000000000088A00403000080000000006D
:10E5000002000000000000001000000000000000F9
:10E5100000000000000020040404A0080000000027
:10E5200005000000000000010000000000000000E5
:10E5300000000000000000000000000000000000DB
:10E5400000000000000000000000000000000001CA
:10E5500000000000000000000000000000000000BB
:10E5600000000000000000010000000000000000AA
:10E57000000000000000000100000000000000009A
:10E58000000000000000400000000000000000004B
:10E59000000000000000000000000000000000007B
:10E5A0000021000000110000002000000000000019
:10E5B000000000000000001000000000000000212A
:10E5C000000000000000000000100000200000001B
:10E5D00000200002000000100000000000210000E8
:10E5E00000000000000000210008001000210008C9
:10E5F000000000000000000000100000000000000B
:10E600000000000000000000000000080000000002
:10E6100000000000000000000000000000000002F8
:10E620000002008400050000000400000002000059
:10E6300020A12010854020000011000000010000F2
:10E64000000000000000008400100000809005A081
:10E6500000A00000000010A00000000000000084E6
:10E660000000100000008001000000000000418454
:10E67000000400000000000000080001008280414A
:10E680000500000000000000100000000000100065
:10E69000000000000002008200000000038220044D
:10E6A000100084908400848210218480001110A1C5
:10E6B00082000140014102800121C01000000040A1
:10E6C000A0100021000010410011100000002000E7
:10E6D0000000000000001000000000030000C00067
:10E6E0000000000011008400400200410000000012
:10E6F00000081080000000410000A0A100081000E8
:10E7000040C0A0000041001100008403000300008D
:10E7100010030000000000800003000000008200E1
:10E72000A180010340000000200140000300000020
:10E73000100003004100000000000000080000007D
:10E740000001040000002000030020000000000081
:10E75000090041042100000005000000030003003F
:10E76000030005000000050000000000100020006C
:10E77000000000004000000011000900200010000F
:10E780000000820002000000000000000000000005
:10E7900004004100410005000000090009000000DC
:10E7A000000000000400010000000104010000005E
:10E7B0000010000020000000000002000000010026
:10E7C00000002002400000000140000001000000A5
:10E7D00000008200849000000000000000000000A3
:10E7E0000000000000000000000000000000000029
:10E7F0001000000000029002000000000000000075
:10E8000001000000410001000004000000000000C1
:10E8100000000000200000000020000000020000B6
:10E82000000000000000000010C0200005040002ED
:10E8300041A00400100000A080820001050000013A
:10E8400000100000410010002000000005C010C0B2
:10E850004100004010080800000810A0100010003F
:10E860000010000005000000000000000000410052
:10E8700010000000418410044100800180018001EB
:10E880008001800805002000200005000000000035
:10E8900000C1000000A00084000800000082108277
:10E8A00000000000000000000000C04101000080E6
:10E8B0000080002101008403A0210200004000101C
:10E8C00004400021000810030000010000000000C7
:10E8D0000010000082800000010000801100000094
:10E8E0000000100010000000840500000000000877
:10E8F000000000041008002100A18400041004108E
:10E900000410082010800003102111000021C00015
:10E91000C00010089000000000000000840000000B
:10E9200010000000000310000000000040842004DC
:10E9300010A14002800441C010A0028802A1020080
:10E9400009A0118400100090418400900040000054
:10E9500080002040208220C0100003000000000042
:10E9600041000308090202020900048400000000BB
:10E9700000000000100000880000200420A00940D2
:10E98000040820A0020211009000000420100000E2
:10E990000000000800002002000200C000820020E9
:10E9A0000040028200840000000000000482000099
:10E9B000018000040180208000000000000200109F
:10E9C00001000000000000800000000000000000C6
:10E9D0000000200000000100010000000000000015
:10E9E0000000000000800000008000000000000027
:10E9F0000000000000000000000000000100010015
:10EA00000000000000000000000020000080000066
:10EA100000000000000000000000000000000000F6
:10EA200000000000000000000000000000000000E6
:10EA300000030009000200000000000000000000C8
:10EA40000541002041800040C0000000200040003F
:10EA5000000300090000090900030009000009097A
:10EA60000000000000000040000000002100000045
:10EA7000000004100504002020080204040900110D
:10EA80000341408000000080008085214109212051
:10EA900011418809001040210903050500030041C8
:10EAA000100500000000000000000300000000004E
:10EAB00002008801000100010000009000A0889081
:10EAC0000090C000900000040001040088000100D4
:10EAD0000000000100010000000000010001000032
:10EAE000000000000000880000010000200000007D
:10EAF0000000000000010000000100010100000012
:10EB000000010101018200000420002004008801AE
:10EB100000010001842008C1009000900100000065
:10EB200000000100000000000000000000000000E4
:10EB30000000000000000184000000000000000050
:10EB4000000100A00201C00282008284A0000082B5
:10EB5000A00182010000000001000101000000008E
:10EB6000000001090100008201C0009000000100C6
:10EB7000000000000000000001C0010100010100D0
:10EB80000002019101014000080001008200030021
:10EB90002004A10083008201850241A104410000FC
:10EBA0000040010101000000000001000100000020
:10EBB00000000000000003000800084040000009B9
:10EBC0000000001100004110808000008982410097
:10EBD0004180C102C10500000000210003090002BC
:10EBE00000000000038820000500050402800000EA
:10EBF000400000000000000021004080412004206F
:10EC00001000040011A10909C120000005008000C6
:10EC100020008580020489004120840005C0C105D0
:10EC20000500418010104000050003002100100580
:10EC300008000200020041004141001100091103D7
:10EC40000000800080000000004100A0020341009D
:10EC50000091009100400020000000020900000324
:10EC600000000002090000030300000200099020D8
:10EC70000000008000000080000002080020002149
:10EC8000C11002020005090902050002004000202F
:10EC900000A005A0000503894040000400050841CC
:10ECA0000002104100400041080500000000000083
:10ECB00000000041000000200005000000010001EC
:10ECC000010100000400A000C00000900009909025
:10ECD000004000910021004002A10000000101005D
:10ECE000000100000001010000010100000000001F
:10ECF0008501002000C00040084000000000000026
:10ED00000001840101000001010100000020002138
:10ED100082830083000500A0008503A100C08285D6
:10ED20004188009001000000000101010000000086
:10ED3000000000000000000000010001010000913F
:10ED400000010100854088840400020004858410CD
:10ED50000200410200010101000101900100009048
:10ED60000000000083880188100040008200418973
:10ED7000C0000200000000000000000000000100D0
:10ED800001010101000001000000000100008240BB
:10ED90008400200000020001011100000020C021B9
:10EDA00084118801908200000084000000000000AF
:10EDB000000000000000000000040000000010003F
:10EDC0000208411011008300820083000900C18203
:10EDD00000A183032000051120410520080009003F
:10EDE0000000090900008380041189090000C100A6
:10EDF00091A0C10485000000000000000000000098
:10EE00000300110510032100030041040003020068
:10EE10008080000000020080410241A0030921809F
:10EE2000050505A000414180030003830505050099
:10EE3000000000200020000000000021000300006E
:10EE400000600000D00000000660000BD000000051
:10EE500000600000D00000000600000B00000A0067
:10EE600000600000D000000000600000D000000042
:10EE70000600000B00002100000000000000000060
:10EE80000000000000000000005000600000D00002
:10EE900000600600000B0000000000000000D00031
:10EEA0000000000000000000004100000000000021
:10EEB0000000000000000000000000000000D00082
:10EEC000000000C33CFF0C0CFFC3505F0CFC0000B3
:10EED00000003C3C0F0F03170317FAF0FEF055DF5C
:10EEE000555D0F0F0000FFFFF0F0FFFF0F00FFFF69
:10EEF000F0F0000000000FFFFFFF00000000000026
:10EF0000000000001E1EAAFFFF3CF0F0FF3CFF7D4A
:10EF100000002F0F000000000041800055515555A2
:10EF200000FF04FFEBEBEB00FF0BFF0088C44CE09D
:10EF3000B3B083800000000000000000000000006B
:10EF4000FFFFFFFF171717170C0CFFC3505F0CFCD8
:10EF5000000000003C3C0000031703170A000E00ED
:10EF60007DDF7D5D0F0F0000FFFF0000FFFF0F0042
:10EF7000FFFF0000000003020FFFFFFF0000000082
:10EF80000000000000001E1E0055BEBEF0F0FFFF96
:10EF9000FF7D00FF2F0F000000000041800055554D
:10EFA000555500FF00FB00000000FF0BFF0B006049
:10EFB0000688BFBC8F8C000000000000000000002D
:10EFC000000000002800FA05A5A53000FF000000A1
:10EFD000000000000000AA003C3CEBEB28280000E9
:10EFE0000000FFFFFFFF003CFFFF00FFFFFF003CB2
:10EFF000FFFF5555FFFF7D7D7D7D00000000000077
:10F0000000000F0F0F0F0000FFC0FFC5EBF3EB3048
:10F01000F8FAFDFF3C3C000800000000FFC3FFC3FE
:10F02000FF20DF00FFFF200000CFFFCFF000E00057
:10F030000130F00D800C1924000000004000024057
:10F040000000000000FC00FAFFFFFFFF3B0BFF0089
:10F050000000000000000000AA003C3CC3C3000008
:10F0600000000000FFFFFDFF003CFFFF0000FFFF6E
:10F07000003CFFFF0000FFFF414141410000000153
:10F08000000000000F0F0F0F00003F003A0028F3B0
:10F09000283000000000FFFF0008000000003C00D6
:10F0A0003C00FF00FF00DFFF000000CFFFCFF000BB
:10F0B000F0000004572050280450000000002004F5
:10F0C0000020000000000000000001000414000205
:10F0D0000080088600B401B000000086007400B013
:10F0E00000000106006001B00080C040C014300084
:10F0F0004903C0C7C07430B04303008200A001B010
:10F1000000800086006000B0008000000500000064
:10F1100000000080050000040000000000000080E6
:10F12000010000000186007000B000000086006051
:10F1300000B000000000000000000000000000001F
:10F14000000000800000001000000000000000002F
:10F1500000000000F000F000000000000F0F0F0F93
:10F16000AEAEBEFF000000003C3C3C3C0000000096
:10F17000000000000202FDFD00000000F03C3CFF2A
:10F18000000000000000000000000000000000007F
:10F190000000000000000000000000000000F0007F
:10F1A000AA00003C000F0000000055F355FF58482E
:10F1B00023C0210802400000000000000000000001
:10F1C000000000000000000000000000000000003F
:10F1D000000000000000F040B0000000000003014B
:10F1E0000300FFFFFFFF000000003C1C3CDF0000AD
:10F1F0000000000000000000FDFD00000000F03CE9
:10F200003C000000000000000000000800000000BA
:10F2100000000000000000000000000000000000EE
:10F22000F000AA00003C000F000000000000000CED
:10F23000489126486880502400000000000000002B
:10F2400000000000000000000000000000000000BE
:10F250000000000000000000FF00FF0000000000B0
:10F26000F0F0F0F03C3C00000000000082BE7D7D2C
:10F27000000000000000000000000000000000008E
:10F28000000000000000000000000000000000007E
:10F29000000000000000000000000000000000006E
:10F2A00000003C3CF0F00C0C1414000000000404BE
:10F2B0000055201864005050D78200000000000064
:10F2C000000000000000000000000000000000003E
:10F2D00000000000000000000000002800290000DD
:10F2E0000000FFFFFFFF9C9C800000000000003C2E
:10F2F0007D7D000000000000000000000000000014
:10F3000000000000000000000000000000000000FD
:10F3100000000000000000000000000000000000ED
:10F3200000000000000000000C0C1414000000009D
:10F330000000000012418049FAFAD7820000000064
:10F3400000000000000000000000000000000000BD
:10F35000000000000000000011000000410000005B
:10F360004000110000001100009004001100000096
:10F370001100040020A02000210020000400000053
:10F38000040011000008000021002100000000001E
:10F39000000002000000000000000000200000004B
:10F3A000000040000000000000000000000000001D
:10F3B000000000002000000000000000000000002D
:10F3C0000000040000000000000000002000000019
:10F3D000000000000000000000000000000000002D
:10F3E000000000000000000000000000A00000007D
:10F3F00000000000200000000000000000000000ED
:10F4000000000000000000000000000400000000F8
:10F4100000002000000000000000000000002000AC
:10F4200000000000000000000000000000002000BC
:10F4300000000000200000000000000000000000AC
:10F44000400000000000000000000000A0000000DC
:10F4500000000000000404000000000000000000A4
:10F46000000000000000000000000000000000009C
:10F47000000000000000000000000000000000008C
:10F48000000000000000000000000000000000007C
:10F49000000000000000000000000000000000006C
:10F4A000000000000000000000000000000000005C
:10F4B000000000000000000000000000000000004C
:10F4C000000000000000000000000000000000003C
:10F4D000000000000000000000000000000000002C
:10F4E000000000000000000000000000000000100C
:10F4F00000000000001100100000000000000000EB
:10F5000000000000000000080000000000000008EB
:10F5100000210000000000080008000000000000BA
:10F5200000110000000000000000000000000000CA
:10F5300000000000000000000000000000000000CB
:10F5400000000000000000000000000000000000BB
:10F550000000000000000000000000000000008229
:10F560004100000000000000410000840000000095
:10F57000000000A0000000000000001000000000DB
:10F58000000000000000000000000500000800006E
:10F59000000000000000410000000000000000002A
:10F5A0000000000000A000000000000000000000BB
:10F5B0000000100010000000000000001000050016
:10F5C0000000000000000000000000000000050036
:10F5D000000000000000000000000000000000002B
:10F5E00000000000C000000000210000000000003A
:10F5F00000000000C0000000000000080000000043
:10F60000000000000000C0000000C0000200000078
:10F610000000000000001000840000001000000046
:10F62000100010001000000300080000C00084005B
:10F6300000000000C0001000842100000000000055
:10F640000000000000000041000300000000000076
:10F6500000000000C00000000000000000000003E7
:10F660000000030000001000110000004100000035
:10F670000000000000000000100000000200400038
:10F68000000009000000020000000300000000006C
:10F690000000000000004100000000000400000025
:10F6A0000000000000000500000000000000040051
:10F6B0001000000000000000020000000000000038
:10F6C0000000000000000200000000000000000038
:10F6D000000000000000000000000000000000002A
:10F6E000000000000000000000000000000000100A
:10F6F000000000000000000000000000000000000A
:10F7000000000000000000000000000000000000F9
:10F7100000000000000000000000000000000000E9
:10F7200000000000000000000000000000000000D9
:10F7300000000000000000000000000000000000C9
:10F7400000000000000000000000000000000000B9
:10F7500000000000000000000000000000000000A9
:10F760000000000000000000000000000000000099
:10F770000000000000000000000000000000000089
:10F780000000000000000000101000000000000059
:10F790000000100000000000030000000000030053
:10F7A0000000000000000000000000000000000059
:10F7B0000000100000000000030000000000000036
:10F7C0000000000000000000000000000000000039
:10F7D0000000008200100000000000000000000097
:10F7E0000000000000000000000000000000000019
:10F7F0000000000884008400000010038400000062
:10F80000000000000000000500008400000000006F
:10F810000000C02000080000C00000000000000040
:10F8200000000000000000000000000000000000D8
:10F8300010000000000000000000000000000000B8
:10F8400000030000C0210000000000008410C00878
:10F850000000000000008400000000000000000024
:10F860000000000000000000000000000000110087
:10F8700004000000000009000000008800000010E3
:10F8800000000000020020C0000000000000050091
:10F890000000000000000000000010000000000256
:10F8A0000000000010000000000000000000000048
:10F8B0001000000000000000000202000000000034
:10F8C0000000090000004000000000C000000040EF
:10F8D00010004000000000000000000000000000D8
:10F8E0000000000000000000000000000000000018
:10F8F0000000000000000000000000000000000008
:10F9000000000000000000000000000000000000F7
:10F9100000000000000000000000000000000000E7
:10F9200000000000000000000000000000000000D7
:10F9300000000000000000000000000000000000C7
:10F9400000000000000000000000000000000000B7
:10F9500000000000000000000000000000000000A7
:10F960000000000000000000000000000000000097
:10F970000000000000000000000000000000000087
:10F980000000000000000000000000000000000077
:10F990000000000000000000000000000000000067
:10F9A0000000000000000000000000000000000057
:10F9B0000000000000000000000000000000000047
:10F9C0000000000000000000000000000000000037
:10F9D0000000000000000000000000000000000027
:10F9E0000000000000000000000000000000000017
:10F9F0000000000000000000000000000000000007
:10FA000000000000000000000000000000000000F6
:10FA100000000000000000000000000000000000E6
:10FA200000000000000000000000000000000000D6
:10FA300000000000000000000000000000000000C6
:10FA400000000000000000000000000000000000B6
:10FA500000000000000000000000000000000000A6
:10FA60000000000000000000000000000000000096
:10FA700000000000000000080000000000000090EE
:10FA80000000000000000000000000000000000076
:10FA900000000000000000000000000000000090D6
:10FAA0000000000000000000000000000000000056
:10FAB0000000010000000000000200000000000043
:10FAC0000000000000000000000001000000000035
:10FAD0000002000000000000000000000000000024
:10FAE0000000000000000000000000000000000016
:10FAF0000000400000000000000040000000000086
:10FB000000000000000000000000000000000000F5
:10FB100000000000000000000000200000000000C5
:10FB200000000000000000000000000000000000D5
:10FB30000000000040000000000000000000000085
:10FB40000000000000000000000000004000000075
:10FB500000000000000000000000000000000000A5
:10FB60000000000000000000000000000000000095
:10FB70000000000000000000000000000000000085
:10FB80000000000000000000000000000000000075
:10FB90000000000000000000000000000000000065
:10FBA0000000000000000000000000000000000055
:10FBB0000000000000000000000000000000000045
:10FBC0000000000000000000000000000000000035
:10FBD0000000000000000000000000000000000025
:10FBE0000000000000000000000000000000000015
:10FBF0000000000000000000000000000000000005
:10FC000000000000000000000000000000000000F4
:10FC100000000000000000000000000000000000E4
:10FC200000000000000000000000000000000000D4
:10FC300000000000000000000000000000000000C4
:10FC400000000000000000000000000000000000B4
:10FC500000000000000000000000000000000000A4
:10FC60000000000000000000000000000000000094
:10FC70000000000000000000000000000000000084
:10FC80000000000000000000000000000000000074
:10FC90000000000000000000000000000000000064
:10FCA0000000000000000000000000000000000054
:10FCB0000000000000000000000000000000000044
:10FCC0000000000000000000000000000000000034
:10FCD0000000000000000000000000000000000024
:10FCE0000000000000000000000000000000000014
:10FCF0000000000000000000000000000000000004
:10FD000000000000000000000000000000000000F3
:10FD100000000000000000000000000000000000E3
:10FD200000000000000000000000000000000000D3
:10FD300000000000000000000000000000000000C3
:10FD400000000000000000000000000000000000B3
:10FD500000000000000000000000000000000000A3
:10FD60000000000000000000000000000000000093
:10FD70000000000000000000000000000000000083
:10FD80000000000000000000000000000000000073
:10FD90000000000000000000000000000000000063
:10FDA0000000000000000000000000000000000053
:10FDB0000000000000000000000000000000000043
:10FDC0000000000000000000000000000000000033
:10FDD0000000000000000000000000000000000023
:10FDE0000000000000000000000000000000000013
:10FDF0000000000000000000000000000000000003
:10FE000000000000000000000000000000000000F2
:10FE100000000000000000000000000000000000E2
:10FE200000000000000000000000000000000000D2
:10FE300000000000000000000000000000000000C2
:10FE400000000000000000000000000000000000B2
:10FE500000000000000000000000000000000000A2
:10FE60000000000000000000000000000000000092
:10FE70000000000000000000000000000000000082
:10FE80000000000000000000000000000000000072
:10FE90000000000000000000000000000000000062
:10FEA0000000000000000000000000000000000052
:10FEB0000000000000000000000000000000000042
:10FEC0000000000000000000000000000000000032
:10FED0000000000000000000000000000000000022
:10FEE0000000000000000000000000000000000012
:10FEF0000000000000000000000000000000000002
:10FF000000000000000000000000000000000000F1
:10FF100000000000000000000000000000000000E1
:10FF200000000000000000000000000000000000D1
:10FF300000000000000000000000000000000000C1
:10FF400000000000000000000000000000000000B1
:10FF500000000000000000000000000000000000A1
:10FF60000000000000000000000000000000000091
:10FF70000000000000000000000000000000000081
:10FF80000000000000000000000000000000000071
:10FF90000000000000000000000000000000000061
:10FFA0000000000000000000000000000000000051
:10FFB0000000000000000000000000000000000041
:10FFC0000000000000000000000000000000000031
:10FFD0000000000000000000000000000000000021
:10FFE0000000000000000000000000000000000011
:10FFF0000000000000000000000000000000000001
:020000040002F8
:1000000000000000000000000000000000000000F0
:1000100000000000000000000000000000000000E0
:1000200000000000000000000000000000000000D0
:1000300000000000000000000000000000000000C0
:1000400000000000000000000000000000000000B0
:1000500000000000000000000000000000000000A0
:100060000000000000000000000000000000000090
:100070000000000000000000000000000000000080
:100080000000000000000000000000000000000070
:100090000000000000000000000000000000000060
:1000A0000000000000000000000000000000000050
:1000B0000000000000000000000000000000000040
:1000C0000000000000000000000000000000000030
:1000D0000000000000000000000000000000000020
:1000E0000000000000000000000000000000000010
:1000F0000000000000000000000000000000000000
:1001000000000000000000000000000000200000CF
:1001100001000000002000000100000000000000BD
:1001200000000000000000000000000000000000CF
:10013000000000000020000001000000000000009E
:10014000000000000000000000000000000000208F
:10015000000001000000000000000000000000009E
:10016000000000000000002000000100000000006E
:10017000000000000000000000000000000000007F
:10018000000000000000000000000000004000002F
:10019000000002000040000000000200000000001B
:1001A000000000000000000000000000000000004F
:1001B00000000000004000000000020000000000FD
:1001C00000000000000000000000000000000040EF
:1001D000000000000200000000000000000000001D
:1001E00000000000000000400000000002000000CD
:1001F00000000000000000000000000000000000FF
:1002000000000000000000000000000000000000EE
:1002100000000900000000000000090000000000CC
:1002200000000000000000000000000000000000CE
:1002300000000000000000000000090000000000B5
:1002400000000000000000000000000000000000AE
:100250000000000009000000000000000000000095
:100260000000000000000000000000000900000085
:10027000000000000000000000000000000000007E
:10028000000000000000000000000000000000006E
:10029000FFFFFFFFFFFFFFFFFFFFFFFFFFFFFFFF6E
:1002A000FFFFFFFFFFFFFFFFFFFFFFFFFFFFFFFF5E
:1002B000FFFFFFFFFFFFFFFFFFFFFFFFFFFFFFFF4E
:1002C000FFFFFFFFFFFFFFFFFFFFFFFFFFFFFFFF3E
:1002D000FFFFFFFFFFFFFFFFFFFFFFFFFFFFFFFF2E
:1002E000FFFFFFFFFFFFFFFFFFFFFFFFFFFFFFFF1E
:1002F000FFFFFFFFFFFFFFFFFFFFFFFFFFFFFFFF0E
:10030000FFFFFFFFFFFFFFFFFFFFFFFFFFFFFFFFFD
:10031000FFFFFFFFFFFFFFFFFFFFFFFFFFFFFFFFED
:10032000FFFFFFFFFFFFFFFFFFFFFFFFFFFFFFFFDD
:10033000FFFFFFFFFFFFFFFFFFFFFFFFFFFFFFFFCD
:10034000FFFFFFFFFFFFFFFFFFFFFFFFFFFFFFFFBD
:10035000FFFFFFFFFFFFFFFFFFFFFFFFFFFFFFFFAD
:10036000FFFFFFFFFFFFFFFFFFFFFFFFFFFFFFFF9D
:10037000FFFFFFFFFFFFFFFFFFFFFFFFFFFFFFFF8D
:10038000FFFFFFFFFFFFFFFFFFFFFFFFFFFFFFFF7D
:10039000FFFFFFFF00000000000000000000000061
:1003A000000000000000000000000000000000004D
:1003B000000000000000000000000000000000003D
:1003C000000000000000000000000000000000002D
:1003D00000000000000000100000001000000000FD
:1003E000000000000000000000000000000000000D
:1003F00000000000000000000000000000000000FD
:1004000000000000000000000000000000000000EC
:1004100000000000000000000000000000000000DC
:1004200000000000000000000000000000000000CC
:1004300000000000000000000000000000000000BC
:1004400000000000000000000000000000000000AC
:10045000000000000000000000400000004000001C
:10046000000000000000000000000000000000008C
:10047000000000000000000000000000000000007C
:10048000000000000000000000000000000000006C
:10049000000000000000000000000000000000005C
:1004A000000000000000000000000000000000004C
:1004B000000000000000000000000000000000003C
:1004C000000000000000000000000000000000002C
:1004D000000000000000000000000000000000001C
:1004E0000004000000000000000000000000000008
:1004F00000000000000000000000000000000000FC
:1005000000000000000000000000000000000000EB
:1005100000000000000000000000000000000000DB
:1005200000000000000000000000000000000000CB
:1005300000000000000000000000000000000000BB
:1005400000000000000000000000000000000000AB
:10055000000000000000000000000000000000009B
:100560000000000000000000040000000000000087
:10057000000000000000000000000000000000007B
:10058000000000000000000000000000000000006B
:10059000000000000000000000000000000000005B
:1005A0000000000000000000000000000200000049
:1005B0000000090008000000000002000800000020
:1005C0000000020000000000020002000000000025
:1005D0000000000000000000000000000000040017
:1005E000000000000000000000000000000000000B
:1005F00000000000000000000000000000000000FB
:1006000000000000000000000000000000000000EA
:1006100000000000000000000000000000000000DA
:1006200000000000000000000000000000000000CA
:1006300000000000000000000000000000000000BA
:1006400000000000000000000000000000000000AA
:10065000000000000000000000000000000000009A
:10066000000000000000000000000000000000008A
:10067000000000000000000000000000000000007A
:10068000000000000000000000000000000000006A
:10069000000000000000000000000000000000005A
:1006A0000020000000A0000000000340002000C067
:1006B00000C000C00000002000000000000000009A
:1006C000000000000000000000000000000000002A
:1006D000000000000000000000000000000000001A
:1006E000000000000000000000000000000000000A
:1006F00000000000000000000000000000000000FA
:1007000000000000000000000000000000000000E9
:100710008800000000000000000000000000000051
:100720000000004100008200004000000010004175
:1007300000000003002000090041000000200040EC
:100740000000000000000040000000410020000008
:1007500082090000000000400000000000000000CE
:100760000000000000000000000000000000000089
:100770000000000000000000000000000000000079
:100780000000000004000000002100000000000044
:100790000000030000000000000000000000000056
:1007A000000000000000000002000000000008023D
:1007B000000408C0094000000010030005200000EC
:1007C000000000020900000000000000000000001E
:1007D0000000009000000000000000000000080081
:1007E0000000000000000000000000900000000079
:1007F00000000000000000000000000000000000F9
:1008000000000000000000000000000000000000E8
:100810000000000000000000000000840000000054
:100820000090000000000000200000000000000018
:100830004000000000004000000000000000000038
:100840000000000000110000000000000000000097
:100850000000000000000000000000000000000098
:100860000000000000000000000000000000000088
:100870000000000000000000000000000000000078
:100880000000000000000000000000000000000068
:100890000000000000000000000000000000000058
:1008A000000000000000000000A00000000000A008
:1008B0000084028800A0000000000000002000006A
:1008C0000000000000000000030000002100000004
:1008D0000000000000000000000000000000000018
:1008E0000000000000000000000000000000000008
:1008F00000000000000000000000000000000000F8
:1009000000000000000000000000000000000000E7
:1009100000000000000000002100000000100000A6
:1009200000000000000000000000A00508000841D1
:10093000A00008008209A00000218241A0008200DE
:1009400082210040104100001000820000000800D9
:10095000000008000800A0210000C00000000800FE
:100960000000100000000000000000000000000077
:100970000010840000000000000000000000820061
:10098000820000000000A000A000000000000000A5
:10099000000500000000000500000000000000004D
:1009A00000050000000008000000000008880004A6
:1009B00008000020020020040000034000000000A6
:1009C000000200040000050200000088008800000A
:1009D0000000000000000000000000000000000017
:1009E0000000000000000002000000000000000005
:1009F00000000000100000000000100010000000C7
:100A000000000000000000000000000000000000E6
:100A100000000000000000000000000000000000D6
:100A20000000000000000000000000004100000085
:100A30000000000000002000000000000002020092
:100A40001000000000000000000000000000000096
:100A50000000000000000000000000000000000096
:100A60000000000000000000000000000000000086
:100A70000000000000000000000000000000000076
:100A80000000000000000000000000000000000066
:100A90000000000000000000000000000000000056
:100AA0000000000000000000000000000000000046
:100AB00000C0000000100000001000000000001046
:100AC0002100100000C0008200000000000000842F
:100AD0000000000000000000000000000000000016
:100AE0000000000000840000000000000000100072
:100AF00000000000000000000000000000000000F6
:100B000000000000000000000000000000000000E5
:100B10000000000000000000800100000000000054
:100B200000000000000000000000000000000000C5
:100B300000004020002000040421C0418200880001
:100B4000820500200209000908040820C000A00056
:100B5000A00082000000A0000000000000000000D3
:100B6000080010000800C041100000000000A000B4
:100B7000080000000000000000000000000000006D
:100B800082000000000000000000A0000000000043
:100B90000000000000000000000008400800000005
:100BA000A0000000000000000000000000000000A5
:100BB0000000000000000000000000000000000035
:100BC0000000000000000000000000000000000025
:100BD0000000000000000000000000000000000015
:100BE0000000000000000000000000000000000005
:100BF00000000000000000000000000000000000F5
:100C000000000000000000000000000000000000E4
:100C100000000000000000000000000000000000D4
:100C200000000000000000000000000000000000C4
:100C300000000000000000000000000000000000B4
:100C400000000000000000000000000000000000A4
:100C50000000000000000000000000000000000094
:100C60000000000000000000000000000000000084
:100C70000000000000000000000000000000000074
:100C80000000000000000000000000000000000064
:100C90000000000000000000000000000000000054
:100CA0000000000000000000000000000000000044
:100CB0000000000000000000000000000000000034
:100CC0000000000000000000000000000000000024
:100CD0000000000000000000000000000000000014
:100CE0000000000000000000000000000000000004
:100CF00000000000000000000000000000000000F4
:100D000000000000000000000000000000000000E3
:100D100000000000000000000000000000000000D3
:100D200000000000000000000000000000000000C3
:100D300000000000000000000000000000000000B3
:100D400000000000000000000000000000000000A3
:100D50000000000000000000000000000000000093
:100D60000000000000000000000000000000000083
:100D70000000000000000000000000000000000073
:100D80000000000000000000000000000000000063
:100D90000000000000000000000000000000000053
:100DA0000000000000000000000000000000000043
:100DB0000000000000000000000000000000000033
:100DC0000000000000000000000000000000000023
:100DD0000000000000000000000000000000000013
:100DE0000000000000000000000000000000000003
:100DF00000000000000000000000000000000000F3
:100E000000000000000000000000000000000000E2
:100E100000000000000000000000000000000000D2
:100E200000000000000000000000000000000000C2
:100E300000000000000000000000000000000000B2
:100E400000000000000000000000000000000000A2
:100E50000000000000000000000000000000000092
:100E60000000000000000000000000000000000082
:100E70000000000000000000000000000000000072
:100E80000000000000000000000000000000000062
:100E90000000000000000000000000000000000052
:100EA0000000000000000000000000000000000042
:100EB0000000000000000000000000000000000032
:100EC0000000000000000000000000000000000022
:100ED0000000000000000000000000000000000012
:100EE0000000000000000000000000000000000002
:100EF00000000000000000000000000000000000F2
:100F000000000000000000000000000000000000E1
:100F100000000000000000000000000000000000D1
:100F200000000000000000000000000000000000C1
:100F300000000000000000000000000000000000B1
:100F400000000000000000000000000000000000A1
:100F50000000000000000000000000000000000091
:100F60000000000000000000000000000000000081
:100F70000000000000000000000000000000000071
:100F80000000000000000000000000000000000061
:100F90000000000000000000000000000000000051
:100FA0000000000000000000000000000000000041
:100FB0000000000000000000000000000000000031
:100FC0000000000000000000000000000000000021
:100FD0000000000000000000000000000000000011
:100FE0000000000000000000000000000000000001
:100FF00000000000000000000000000000000000F1
:1010000000000000000000000000000000000000E0
:1010100000000000000000000000000000000000D0
:1010200000000000000000000000000000000000C0
:1010300000000000000000000000000000000000B0
:1010400000000000000000000000000000000000A0
:101050000000000000000000000000000000000090
:101060000000000000000000000000000000000080
:101070000000000000000000000000000000000070
:101080000000000000000000000000000000000060
:101090000000000000000000000000000000000050
:1010A0000000000000000000000000000000000040
:1010B0000000000000000000000000000000000030
:1010C0000000000000000000000000000000000020
:1010D0000000000000000000000000000000000010
:1010E0000000000000000000000000000000000000
:1010F00000000000000000000000000000000000F0
:1011000000000000000000000000000000000000DF
:1011100000000000000000000000000000000000CF
:1011200000000000000000000000000000000000BF
:1011300000000000000000000000000000000000AF
:10114000000000000000000000000000000000009F
:10115000000000000000000000000000000000008F
:10116000000000000000000000000000000000007F
:10117000000000000000000000000000000000006F
:10118000000000000000000000000000000000005F
:10119000000000000000000000000000000000004F
:1011A00000000000000000000000000040000000FF
:1011B00000000002400000000000000200000000EB
:1011C000000000000000000000000000000000001F
:1011D000000000000000000000000000000000000F
:1011E00000000000000000000000000000000000FF
:1011F00000000000000000000000000000000000EF
:1012000000000000000000000000000000000000DE
:1012100000000000000000000000000000000000CE
:1012200000000000000000000000000000000000BE
:1012300000000000000000000000000000000000AE
:10124000000000000000000000000000000000009E
:10125000000000000000000000000000000000008E
:10126000000000000000000000000000000000007E
:10127000000000000000000000000000000000006E
:10128000000000000000000000000000000000005E
:10129000000000000000000000000000000000004E
:1012A000000000000000000000000000000000003E
:1012B000000000000000000000000000000000002E
:1012C000000000000000000000000000000000001E
:1012D000000000000000000000000000000000000E
:1012E00000000000000000000000000000000000FE
:1012F00000000000000000000000000000000000EE
:1013000000000000000000000000000000000000DD
:1013100000000000000000000000000000000000CD
:1013200000000000000000000000000000000000BD
:1013300000000000000000000000000000000000AD
:10134000000000000000000000000000000000009D
:10135000000000000000000000000000000000008D
:10136000000000000000000000000000000000007D
:10137000000000000000000000000000000000006D
:10138000000000000000000000000000000000005D
:10139000000000000000000000000000000000004D
:1013A000000000000000000000000000000000003D
:1013B000000000000000000000000000000000002D
:1013C000000000000000000000000000000000001D
:1013D000000000000000000000000000000000000D
:1013E00000000000000000000000000000000000FD
:1013F00000000000000000000000000000000000ED
:1014000000000000000000000000000000000000DC
:1014100000000000000000000000000000000000CC
:1014200000000000000000000000000000000000BC
:1014300000000000000000000000000000000000AC
:10144000000000000000000000000000000000009C
:10145000000000000000000000000000000000008C
:10146000000000000000000000000000000000007C
:10147000000000000000000000000000000000006C
:10148000000000000000000000000000000000005C
:10149000000000000000000000000000000000004C
:1014A000000000000000000000000000000000003C
:1014B000000000000000000000000090000000009C
:1014C000000000900000000000000000000000008C
:1014D0000000000000000000200004000000800068
:1014E00000000000040000000400210000000000D3
:1014F00000000000080004000000020000002000BE
:1015000003000900020000000400000000000000C9
:1015100004000400040000000000000000000000BF
:1015200000000000000000000000020000000000B9
:1015300000000400000000000400000000000000A3
:10154000000004000000040004002000000000006F
:101550000000020000000000000001000000000088
:10156000400000000000010000000000000000003A
:10157000000000000000000000000000000000006B
:10158000010000000000000000000000000000005A
:1015900000000100010001000000008000000000C8
:1015A000000000000000000000000000000000003B
:1015B0000000000001000000000001000000000029
:1015C0000000000001000000010001000100000017
:1015D000000000000000000000000000008880A063
:1015E000081000A0C00280000200A10140A08020DD
:1015F000000180C00802002008008020850000A1B2
:1016000000900001802000A10000000000400000C8
:101610000001050040018021000180410000000020
:10162000000000002000000080000000000000001A
:1016300000000020000084000400040000000000FE
:1016400000000000002080000000000000000000FA
:10165000000000C0000000000000000000000021A9
:1016600020000109041105800420004004400110FD
:1016700004C1004004100090009090100410041069
:101680000004001000080480002000410020001029
:10169000004100200020012004200020042000C080
:1016A0000009000000200100000010000000000000
:1016B00004200000000000004000000000000000C6
:1016C00000000021000000414009000090000000DF
:1016D0000000000000000800820000100010000060
:1016E0000411084080200810000500A0001000042C
:1016F00040A0004002C0800220A0002000890021FC
:1017000000840040004000040000000000020000CF
:1017100000030020800000000020002000200000C6
:101720000000004000880090008400C00040008459
:10173000808400A000A00088008400000000004019
:1017400000A000000020008480840088004000C0C9
:101750000090002000A000400010001080000084D5
:10176000008401022000040001002002400000006B
:1017700000000100008082050841000200092020CD
:1017800000C000000000C000A080000000000000B9
:10179000000000A0008004000000008000800080A5
:1017A0000000000000000000000000000000000039
:1017B000000004000000C000A000000000000000C5
:1017C0000000000000000000880040000000000051
:1017D0000000000000000000000000000000040005
:1017E000000010004101001104008000890000A0E9
:1017F00008A00810401100000400101041018000F2
:1018000000000000000103002000000000000001B3
:10181000A10005000011210000000001800000006F
:1018200080000000000000004000000010001000D8
:1018300000900400000008000000090000200020C3
:1018400000204120002000000584059080840000D5
:101850008800410000001000410041000000100419
:101860004104840084051020A082820504412000E8
:10187000881088058800850200051141002100209C
:101880000440C011824010040000C12188110841A9
:10189000822004110000842010008221082004000E
:1018A000842004401000000000000100000001102E
:1018B000A0001011010500000000C0000005008517
:1018C0001080108010800080C0090800A000200057
:1018D00000000511A000001100000000001000052C
:1018E0001080008021050584850020200900050264
:1018F00004A1090004A0050204882020200400207F
:1019000008201088048441008004214020088004BD
:1019100011850000080204200800030000000020D8
:101920000088008800000000000040A00010209007
:1019300020C100081000008400A008002000090059
:1019400041C00000110000900300000000C04100F1
:1019500020840088030003000290040003A000001C
:10196000050004000800112100C00800010000006B
:101970000000010400000000000001000000000061
:1019800000800084000001000000200000000180B1
:1019900002000020000000000180000000000000A4
:1019A00000800000000000000000000001000000B6
:1019B000010001080080010000000000000001009B
:1019C0000000000000000000000000000000000017
:1019D0000000010000000000000001000000000005
:1019E000000000000000010000C000008885900099
:1019F00080A005118903820108840840C184081071
:101A000008840284410200011040000200C090845A
:101A1000800002900801858404840803808421905A
:101A2000008400000000009009C000000000208435
:101A300020850084001100100008000200A00000B2
:101A4000000000904120048404100400040004C03D
:101A500004A004000484000000A04100020003C0B0
:101A6000008405008084100000C0210010002010B8
:101A700004104010821040C00440084010C12040B3
:101A800002000010850000808210004184410000A7
:101A90002000081000410020040011000020200058
:101AA000C00500004009A040000010008241000075
:101AB000094011028400100800000080108000001E
:101AC000820000000000408011000100111085001C
:101AD000830201400100010000000000000001003D
:101AE00000100000000002000000000000000000E4
:101AF00003832088851040110383901000024090DA
:101B00000509A040C120101040210803400208052B
:101B1000098080000900080000008000900000801B
:101B2000088490C0804103408388084089080841A8
:101B3000000011110009001009099105042000118D
:101B400010414003000980110909104008110041AB
:101B500008100004000880040009100810119141C9
:101B60000840000380092100000000038209890069
:101B700004040483C19002829004C1404002040125
:101B80000008900111010401000009008500A00077
:101B9000000000821090209000100002C004100885
:101BA000001004044009C01001018988848289035F
:101BB0000003000001010001000101019101010188
:101BC0000001010101010001840101010100000087
:101BD000C001000104000000400000009000C000AF
:101BE00008010000000188010100000000019001CF
:101BF000C100000083C00888038882C00204A009D5
:101C00000805084090A010218391C04100020111F5
:101C100001400000000000000000000090011000E2
:101C2000400008820400098501000411080184892C
:101C3000888903A100000000008801000100010064
:101C400001C001910100000000C00001010100027B
:101C500000C10040010000A0008400A1010000A01C
:101C6000008500A00101000001C000000101C101C8
:101C7000400002409182101100080884828508907B
:101C800090C191888811A0110841200383020900A6
:101C900020410891081004001004080002050040CB
:101CA000800080008090C105C04102111120C00950
:101CB0001141888310880000090002802000031071
:101CC00020002000111140000000008000110909CF
:101CD0004000084108C008400000004000400900E2
:101CE00040001041040810080000410000000309F2
:101CF0004008000000008384411088802100208279
:101D0000880840908810C009218940080820842153
:101D100005040504090204C00082000821020090A5
:101D2000008000800000008009848088088483404F
:101D300008088984A0108310008002080010090997
:101D40001003200411050009A1030009001040211F
:101D50008089C0084104200440080200200040009F
:101D60000400102120042004119040400000088944
:101D700000030000008002898083884002C00302C3
:101D8000408205A0412085C00511A0030141010941
:101D900002890008009100889083A02088C001C1BA
:101DA00004110040100882000088A104880901A0E5
:101DB0000401418489C1A00389030080010100015D
:101DC00001010901010101010001410100010000BF
:101DD000000190898301000100000400000001005F
:101DE0000000A000410101C10002A0830101000028
:101DF000008900010082008800A188838303888411
:101E0000A0000388844002A1040021408204020251
:101E100085C0A02001400003000100000010004028
:101E200000010000040808108200C0C0090090A052
:101E3000000100888511029103008888008001005C
:101E400001C00100010001C0018301890100018876
:101E500001400000010000080090010001000000A6
:101E6000002000000000001000900100000001C0F0
:101E700000C000010000838989C0A001C00483085C
:101E80008920020088809020030402109080C140C5
:101E9000A009A010108020800203084110000080DB
:101EA0000080002000000089800000008080C000C9
:101EB000020909201180108408030240C0800080BC
:101EC0000900088410001000030040C04082100088
:101ED0000380040000004000400008400208100099
:101EE00011000400040011400900110802404000E4
:101EF000090000000002000083A08400044000806C
:101F00000041000BD00000000660000BD000410033
:101F10008181000BD00000410600000B0000410051
:101F200000500083D00000001200000B00000048A9
:101F30000050000BD000005082000083C10082419D
:101F4000000000410000C100000082410083C10088
:101F5000820021840083C100000000000083C100D2
:101F6000820000840083C100000000000083C100E3
:101F7000000000840000C100000082410083C10015
:101F80000084C0CF66669999C3C30F0F3C3CBD6FF8
:101F9000BD09FECEF2C2660F660F6FFC6F0CFF0F1D
:101FA000000F0000000026260426000000000000AC
:101FB00000003C3CFF003F037E7E0000000080816B
:101FC000814000003C30000C003C1020F0FF282431
:101FD000C03050605A24189900240F0F801993F2D2
:101FE00000818140941422060000000000E16C2E64
:101FF0008098984BFFFF00003C0000000F0000009D
:10200000FF0000003F30666666663C3C6666FF0087
:10201000246F24093E0E3202FF3C003C60FC600C41
:102020003C663C660000000026040404000000003A
:102030000000000066660F0F3F03424200000000F0
:102040000018104100003C3C00003C002020FFFF35
:10205000242400000000FF00666600000F0F101926
:10206000D1D0001810410000989400000000C0F486
:102070002E7F80808010000000003C0000000F00D8
:102080000000000000000000000000000000000050
:102090000000000000000000000000000000000040
:1020A0000000000000000000000000000000000030
:1020B0000000000000000000000000000000000818
:1020C0000400601108000000000000000000000093
:1020D0000000000000000000000000000000000000
:1020E000000804006011080000000000000000006B
:1020F000000804006011080000000000000000005B
:102100000000000000000000FFFF36C966993CC3D4
:10211000C372FF7200F00FFF707C737FF066F06691
:10212000949DF4FD00FF3C3C000000003030303056
:102130000000000000000000F03C66FFF630F63FB3
:1021400000000000000000000000006620460020A3
:1021500000600020000000000020F0FF30CFFFFFF3
:102160000000000000000000000030000013FFFF2E
:1021700000000000000000000000000000FF000060
:10218000F0F00000003C00003C3C000036C96699BD
:102190003CC300723C726C6C6C6C404C434F003C16
:1021A000FF3C040D646DF0F0666600000000303006
:1021B000FF300000000000000000F03C6600063028
:1021C000063F0000000000000000000000660066FE
:1021D000002000600000000000000000F0FF30CF91
:1021E000FFFF000000000000000000008100000070
:1021F000FFFF0000000000000000000000000000E1
:10220000000000000000003C0000000012002194CB
:1022100000040040A08600F401B30000A08600F492
:1022200001B30000008600E001B30000A08650D496
:10223000A0B000050086008001800000A086009408
:1022400000830000008600000983000000000000F9
:102250000014000200A50886007401B20080088600
:102260000AF401900000008600E008B30000008638
:102270000CF400B00000008600E008B30000C0C607
:10228000C07430B04903C0C7C0B431104303F3F386
:10229000BE823C550FFFFFFFF0FC0FC30FC3EFEFF3
:1022A00014EBFCF5000000000000FF00FF00000040
:1022B00000001015DFD5EEE2AAAA3C3C3C3CAA0087
:1022C000AAAA303C303CFFFF0000AFAF8FAF000048
:1022D00000000000000000000000000000000000FE
:1022E00000000000FFFF00000000000000000000F0
:1022F00000000000000000000000000005050F0FB6
:1023000000000000FFFFFFFFC33CFFFF0000AF0025
:102310003030BE823C550F00F0FEF0FC0FFF0F0086
:102320002F2FD7280C5500000000000014000500D6
:10233000000000000000CFC02E22AAAA24247E7E26
:10234000AA000000000C000CFFFF82838F8F8F0F0C
:10235000000000000000000000000000000000007D
:10236000000000000000FFFF00000000000000006F
:102370000000000000000000000000000000050553
:102380000FFF0000000055FF55FFFF009797DFFF8C
:1023900000FFFF00AAAAFF3C0F557D55AAAA828222
:1023A00087AF0000000005F53F3F0000000000007F
:1023B00000001C34000800000000BEFF14000028CC
:1023C000FF7DAAF0000004043434FFFF000000FF8A
:1023D00000FF0000000000000000000000000000FE
:1023E00000000000000000000000000000000000ED
:1023F00000000000000000000000000000000000DD
:1024000000000000000000000000000000000000CC
:10241000080800000F0FC3C3003C0F552800AAAAEC
:102420000000052D0000000005F530300000000020
:10243000000000001C34000800000000F5FFA000B0
:102440000005FFAFAAF0000004043434FFFB0015C0
:1024500080FF00FF000000000000000000000000FE
:10246000000000000000000000000000000000006C
:10247000000000000000000000000000000000005C
:10248000000000000000000000000000000000004C
:10249000000008CB00C3000003100440200000101F
:1024A00004000010020040401100000084000420DD
:1024B000092084048484200000200040044000009F
:1024C00080100400802000000000080004010400C7
:1024D00000100000000000000000000000000400E8
:1024E00000000004000000000000210004000001C2
:1024F000C0000200050000002101210021001000A1
:102500000000210000002100000021000200000066
:1025100004000400000020000400000000009000FF
:10252000020001000000040001800000020004001D
:10253000828002002080204001000400048000808E
:102540000000200001002084000000000100004085
:1025500000000000000000000080000000000000FB
:10256000000000000000000000000000000000006B
:102570000004210001000000000000200000000015
:1025800001000000900000000000000000000000BA
:102590000000000000000000000000038020040094
:1025A00000208001004000200000800200000400A4
:1025B00000000001004000200005000400040001AC
:1025C00000C00200000100900201402100400041D3
:1025D000020000000000020002C0000040010000F4
:1025E00000000000000000000000000000000000EB
:1025F000000000000000000000008000000000005B
:102600008000000000000000000000000004000442
:10261000000480040000000000000000108204207C
:102620000120208340020020044000050490001097
:1026300001400000004004C0004000C00090009035
:10264000000400000110002000219140010200411F
:10265000A0C00100000000100310010000C0010232
:102660000041000000000010001000000000000009
:102670000000002104008800001000100241004109
:1026800000001040000000100041004100000080E8
:102690000090009110A10221002000108200001083
:1026A00000201010000040880002004080400420FC
:1026B00000020090020400A00941008800A00090E0
:1026C00000C0009000A00040804000000082400157
:1026D00000040000000100040004008800C00000A5
:1026E00080000090000000000020000000000000BA
:1026F0000000000200900000000000000000000048
:1027000000000000000200000084008400000000BF
:1027100000000084008200200010004000900000B3
:10272000000000088200842001030402008004A14C
:10273000094100050010A000C00584040021824169
:10274000822120008220000008802040C0118200E9
:10275000114000050009002000800089C00000032E
:10276000000004410005000300000020000082007A
:10277000002000000002400082000800000002006B
:10278000A0000040000240050021004100000000C0
:10279000000390000041100384030200C0001041B8
:1027A000A003892003908020102002A00040800018
:1027B00000902011C1A0000000840540052004C045
:1027C000048200908582084008A08804100020A0A0
:1027D0000401000000000200000080008000800072
:1027E000000000008040040091400400000003004D
:1027F00003000000800141001000419008400200E9
:102800000090210085410040004010A041002100BF
:102810000000000041000388058441084100410098
:102820001000210040101010048090800000C000B3
:102830000400000011020400A04108410041009082
:1028400001030105001020110003904020800000CA
:1028500001000140100000000110080020002000CD
:10286000200000000000040001000410010000002E
:1028700084100003000004040010000500101090F4
:102880000000000000001004000000000000000034
:10289000A0000800000000001010880000050005DE
:1028A00000000000000040010590208203080004A1
:1028B00020050820000410900020040000A0112032
:1028C0002020001010200500119000C005040520F4
:1028D000080241001020029105000800000141405B
:1028E0002010410008040000001000044010020005
:1028F00005000090000000820000000000040400B9
:1029000088002000020404000010001000A1202014
:102910004100210008000088050000A000200320DD
:10292000020400C0000021000002040000040000B6
:1029300020211020408400044000828001030020F8
:10294000008005800420A080001090090041A08034
:10295000A089042182008404A004C000C0110040AA
:102960008200104100091090000000008200002148
:1029700089200000000000030020000000004090BB
:102980000100040001000089012100A100899004D8
:1029900001804009C000002100100000000000007C
:1029A000000000008400004100000889040000824B
:1029B00021004090411000C00410090241001004A1
:1029C00000200882038421A003C02182008480C0EB
:1029D00084A0118289C002002084050010C0081064
:1029E00000000000419010044104000010000800A5
:1029F0000400000000000090058200000200410178
:102A00000400410002000400210100000000031046
:102A10002120031002C02100028202822000030054
:102A200010410000410000C010A003A010200109C7
:102A30001000000001058400102085001080101097
:102A40000000008900000000000008000000C040F5
:102A500020002100004004000000010000000000F0
:102A600000410000000000000080000000000000A5
:102A70000100010000000000001000100000000034
:102A8000C0200100C0000100010000200021000062
:102A9000000500A10000004000000100000000004F
:102AA000000001400000000000000100000041099A
:102AB0008210801108C00308088510881120884002
:102AC00004C005C005208000C08983000080000389
:102AD000000909000000008304898000000085A12E
:102AE00000041020020241038820840541000000F8
:102AF0008305A010204140400000000000000000BD
:102B000000000900000000000300C00008800980E8
:102B10004000090080001180000004004100000016
:102B2000408000000980110005100020029140043F
:102B300000000905040000080041110205C0004121
:102B40000841088408C000030400828540A0008476
:102B500000018801A000000040090003C082A0001D
:102B600008830020210500A00000C00140000100F2
:102B700000000300050183010101000000000000C6
:102B8000000088000100020000000140089002C01F
:102B900001020100010002000104000288A001A05E
:102BA00000020108C0C0000800C01102A0110110FD
:102BB000010410000441008801C02001840540C0C8
:102BC00003C0030291419040858240A0080010A0FC
:102BD000C18302000200411089010002000001C00F
:102BE0000101A100880500000401090085400400DE
:102BF00005410000010401910004010000000000F3
:102C000000000000001000000082000000A1000091
:102C10000004008209100108002101004000840026
:102C2000A000880388008400A04089C1A00084021D
:102C30008901C0050800100809C010C0882091C192
:102C40000902C08809844083098382910040804042
:102C5000008083C080008000210003090000000084
:102C6000210003094000020405021040A010C080AA
:102C70000305899100004100104120034009000034
:102C800000000000000000800002000000020008B8
:102C900000020000009090800882091040028240EB
:102CA0008400C10040051109912180001005020235
:102CB00082000202110511908008881105C0028966
:102CC0004190A0C09184C1200208A14088110080D9
:102CD000200000890083000000000009000300803C
:102CE000020000098003834080208982050940405A
:102CF0000084092003000000091004C00910A0840A
:102D000000000000000000008000030020008000A0
:102D10000008A0848888008800200309201000098A
:102D200000004000000000000089000490400010F6
:102D30000202000521A0894000210804C100001002
:102D400000404020C0840204040410858400400038
:102D500000020190008520C10008009000C1A0C1C0
:102D600000040040001140014001080102419005AB
:102D70000182000900C10910000000C00041008864
:102D8000058200000000000000004000010001007A
:102D90008200042111051009A005040101C10101EF
:102DA0008200000205A082A000024008A0A1A1C1EB
:102DB00010100003020311118404050001881001A2
:102DC000058805090421C000204009A090A010003A
:102DD0002040100008088400888801880100000055
:102DE00000000188010000000000010400C0000094
:102DF0000000838205108800C010000000000090D1
:102E00000100000000000000000000000000004081
:102E10000000000084848840A000880001C0A00257
:102E2000010100000489A001A000A084C0C1A00489
:102E3000A00010040201A10110840482210908A04D
:102E40000310408040058908C14010001009092086
:102E500040401000800080118000000003910400B9
:102E60000000000003800400000000000900411180
:102E700002411100C089410508040000000009005A
:102E8000050240404100000000000000000000007A
:102E90000080000000008080008000000000200012
:102EA0000304110220000005000400020080000558
:102EB000000380408000100540200484048000004E
:102EC000000B000000008100000B000000001182D8
:102ED000000BD00082501100000BC1000A8141009C
:102EE000000BC10000008200000BC1000000124274
:102EF000000BD000000000500000D0000A4100008C
:102F000000000083000081000000000000000000BD
:102F100000000083C100415000000083C10006484A
:102F200000000083C100410000000000000000001C
:102F300000880000C10000000000000000000082C6
:102F4000FF550F3C550F3CFF0F000FFF3C0F3C0F90
:102F5000F035FF35FF3C550F00000000000000FF7A
:102F6000000000FF000000FF000000FF000000FF65
:102F700030303F3F553C553CAAFF5F5F5CF55CF548
:102F800000000C0CFCFC0055AAFF00000000000033
:102F900000000000000000000000000000003535C7
:102FA0000FFF05AFBEBE03D73FD7000000000000F3
:102FB0000000000000002A890C9202008840C3C370
:102FC000AAAA00550F3C550F3C00553C553C5500F6
:102FD00055FF00350F35003C550F00000000000084
:102FE00000FF000000FF000000FF000000FF0000E5
:102FF00000FF505F505F000FFF0F00550A0A5C058D
:103000005C050000505F505F2D2D2D2D000000004D
:1030100000000000000000000000000000000000B0
:10302000353500F005AF141403143F140000000000
:10303000000000000000000008A02C008211C0A4C5
:10304000F0F0FF00EF2FE323B2FFB2C3FF78AA78BE
:10305000FFF000F0FCFCFA0AF0FFF000FF00FF00B8
:10306000AAAA0000FF000000FF000000FF0000000F
:1030700000FFFFFFEBFC28FCFE7CD654FA0AFA0A9C
:10308000FF5AA5000000FCEBC0EBFAFA3F3000004D
:103090000000000000000000000000000000000030
:1030A0000000000000000000000000040289000091
:1030B00000000460828000000000BEBE00008008A6
:1030C000021000005001EC2CE020B23CB200557818
:1030D0000078AA3CAA3C0C0CFA0AAA3CAA3CFF00C5
:1030E000FF00AAAA0000FF000000FF000000FF0090
:1030F000000000FFFFFFEBC028C0EA68C240FFF0FD
:103100000F00BD18BD180000FC28C0280A0A3F3077
:1031100000000000000000000000000000000000AF
:1031200000000000000000000000000060046200D9
:10313000000000001081022A00000000FEFE404056
:103140001003006044C885140086008000830000DE
:10315000008600E001B30000A08600F401B3000087
:103160000086C0E031B04903C0C7C0E031B04903B8
:10317000C0C7C0E031B04103A08600F401B3000035
:103180000086007400B000000000008600E000B37C
:1031900000000000000000000000A08650F0A0B079
:1031A0000005A08650F0A0B80005A00050F0A030A7
:1031B00000050086006000B00000A0865074A0B03A
:1031C00000000086006000B00000FCFC00000C0C59
:1031D0000C0CFCFC0C0CAA559669B020B020B1B1C7
:1031E000B1B1FF00FF003C3F000000000000000DF7
:1031F000007F000000003C0F3C0F0000000000FFBB
:103200005555AAF0FF3C2F7F00FF00000000000092
:10321000000C04040000000000000000000000009A
:1032200000000000E8E8FFC3555505500000FF000E
:103230000F0F000050AA02C50138809590244C243D
:10324000246008529640C20824000841C0C0000013
:1032500000000F0FA5AAA5AAA659A659F030300064
:103260001B1B1B1BA00041003C3D00000000000098
:103270000008002F000000003C0F3C0F0000000081
:1032800000FF5555AAF0003C207000FF0000000030
:10329000000000000000000000000000000000002E
:1032A000000000000000E8E83C003C3C0C3000005E
:1032B000FF000F0F0000C2C470ACF10A36CA8804C8
:1032C000800643008182B7002301001050AEBE008B
:1032D000BE00050505053C003C003C3CFFFF00002E
:1032E000FF280A28AAA8FFFCFFFCBAFBFFFF00008A
:1032F0000000FFFFFFFFF0F0FF00000000002800CB
:1033000030003C3C0F0F000000000A0A5F5F000025
:1033100000000000000000000000000000000000AD
:1033200000000000000000003939393900000000B9
:1033300000003C3C3C3C000010450501B2B2C3001B
:1033400082008494A0A0EB411814002000C3F0AACE
:10335000140014000C0C0C0C340430000800FFFFA7
:103360000000FF200028A0A8FFFCFFFCBAFBFFFF25
:1033700000000000FFFFCFFFF0F0FF0000000000A2
:10338000000000003C3C0F0F0000000028007DFF03
:10339000000000000000000000000000000000002D
:1033A00000000000000000000000FFF00F0000001F
:1033B000000000003C3C3C3C00004584AB9DB2B2A8
:1033C000FF3C200C3848F5F5EB41081E4000FFC3D8
:1033D000F0AA2108214002C0110000C000001140E5
:1033E0000402080004000300032009080020000074
:1033F0000882000008000000208200400000110048
:10340000048804000000030000001100080004907C
:1034100004A00000000011000000008200000090E5
:103420000000040011000000091008000000000066
:103430000000000000A004000010000020001100A7
:103440000000040004000300110011A0200000008F
:10345000030003000008020004000000A0000000B8
:10346000000000000000200000000000A00000009C
:103470000400890084000000000008000000000033
:1034800000000000A000000000000000000000009C
:103490000100000000C082000000000000000000E9
:1034A0000000000000000000A0000000000000007C
:1034B0000000000000000000000000000000A0006C
:1034C00000000000000000000000000008000000F4
:1034D000C000A000000000C0081000880300002009
:1034E0000040008200200000000000880000004032
:1034F000000880A000400000000000000000000064
:10350000000000000000000000C0000000102100CA
:103510000020801084000000000000000000000077
:10352000000000400000000000000000000000005B
:103530000000001000000410000000000000000067
:10354000000000000000000000000000000000007B
:1035500000000000000020110410201000100010D6
:103560000011001000000011001100100040901028
:1035700000100000201004C1001000100010001006
:103580000021001000209010024100109000001057
:103590000010000020A10900000000100021001010
:1035A0000010000000210400001100000010004085
:1035B00000080010000000000100001000210021A0
:1035C00000200000000000209000001000100040CB
:1035D000001000100040000001A000104004111075
:1035E00020100310024011400210081041902004E6
:1035F00005000502419008840402081011400010E3
:103600001000000400000890080200001000109054
:103610001000004000020000008400000010208222
:10362000001021100000000000C0008400100040C5
:103630000900004000000084000000C00084000079
:1036400011840040090009C00010000000C00402FD
:10365000009000000000008400000000840582103B
:10366000C0109002020382084003C0111020002005
:1036700010048211200500040000A00302040802C7
:10368000000000008220C000820008040002000246
:10369000020084008200C021C000C00000000020A1
:1036A0000000002000400000000400000000820034
:1036B000000084002000C000000084000000000022
:1036C00002100009001100110000A000000010000D
:1036D000000400041000820000009000000041403F
:1036E00020A0004005001008218400902100000067
:1036F0002100008220000282080884000485030063
:1037000000000384000005000500050020084100BA
:103710000300000000002000000000001000000076
:1037200021400000004005000200200002000800C7
:1037300000100000110000000000100000009004C4
:1037400000040000088803000000000000100000D2
:10375000000000000200110004000200210021000E
:10376000824188111000884108110020A004000542
:10377000C0090808000810030804020309400904EE
:103780001008001010108441C0110009000400004E
:1037900000040000001000002000000000000100F4
:1037A0000000020002000003000002000800020006
:1037B000200000008400A0000410904120001000B0
:1037C000088000100000080800000000000500212B
:1037D00000000010000010101000000500030000A1
:1037E00000000288418440C000002084089010102E
:1037F00000081100001000900010000020020010CE
:1038000010C000401010090241880900000810048F
:1038100000102000051000100000001020A00084FF
:103820000800000000000084000000002100048463
:1038300000004182000000C00304001010020000DC
:10384000000000900020000000A00002000000C066
:1038500000000000000204C0000400100002040484
:1038600004000088841120088805880288099002D5
:10387000000090008240040200009004C00010404C
:103880001003A100A000C0020020000204000000FC
:1038900000090804880920022020081102000800FD
:1038A0009000822000008400100008201005000312
:1038B0000000001000000000000000000009A0034C
:1038C000C0000411002184000200C00084008810A0
:1038D0000000000000000040041100001000000083
:1038E00000009000001100840088000000A0008407
:1038F0004140000041C02100008400C000C0001011
:1039000000C000C020A003C0090009000010000092
:1039100002000000080000000084000000C0100049
:10392000000000C08201000000C00010000800007C
:103930000000040002000000000000101000410818
:10394000021000C000001101000000000000001083
:103950000000110000C0000000000010008400847E
:1039600000100010200084848240040982090208AB
:103970000208880902108204880082409040880072
:10398000A04120001011C040A0112000A009000398
:103990000000820008000000000000000800840011
:1039A00000000000000020400000000000408240B5
:1039B0000800C000200000000000101100400011AD
:1039C000040000208220C020040800400020902035
:1039D00090200000000000000000000000211010F6
:1039E00010210000000300101005000003000080FB
:1039F0000000800000000000802100002000000383
:103A00004110000002000080000080000000000063
:103A100000008000100000808040000000000003D3
:103A200003400000030000000000000080000000D0
:103A300000000000800000000080000800008000FE
:103A400000030011000000000000000080000000E2
:103A500000000000800000000080000900008000DD
:103A600000030011000000000000000090000100B1
:103A700000C000C0820000000040020090089000DA
:103A800000010101000001000008000082000000A8
:103A900000820088820001000010C0008804080035
:103AA0000001000000000100009000000000820002
:103AB000000000820088820000000010400102889F
:103AC000080000010000000000000040000082002B
:103AD00000000082008882000000001088000008BA
:103AE000080000010000000000000040000000008D
:103AF0008400000000000000910000004000100061
:103B0000C0010000200001000000000801C000000A
:103B1000100000000000000011000000400008003C
:103B2000C1010088C0000100000000010110000078
:103B300000004000000000000000830000200200A0
:103B4000900089000000C000000000000001000299
:103B500000000800000000000000830000201000AA
:103B6000900009000000880000000000000100082B
:103B700000000000000000000000040000008000C1
:103B800021008904000080401000000000894100ED
:103B90000000000000000000000084000000800021
:103BA00021008402000000401000000000104100CD
:103BB0000000000000000000000000000400000001
:103BC00080002000042000080000400000000021C8
:103BD0004040000000000000000000000400000061
:103BE000000020002020004100000400000000210F
:103BF00040C00000000000000000000000000000C5
:103C0000108000080000800000000000000000801C
:103C10000000000000000000000000000000200084
:103C20001000001100000000000000000000000073
:103C30000000000000000000000000000000000084
:103C400000001190000800000000000000000000CB
:103C50000000000000000000000000000000000064
:103C600000001110004000000000000000000000F3
:103C70000000000000000000000000004000000004
:103C8000000801C000010000020000000000000068
:103C9000000800000000000000000000000000001C
:103CA000000801040000000088000000000000007F
:103CB0000090000000000000000000000000000074
:103CC00000000020000300000000000000000000D1
:103CD00000000040000000000000000000000000A4
:103CE0000000000800890000000000000000000043
:103CF0000000004000000000010000850000008876
:103D0000008491000000008201000090000000008B
:103D100000000000C00800000000001000000000CB
:103D20000140C1000000008200000090000000007F
:103D3000000000000241000000400100008300007C
:103D400000880090C10000000082010000400000D7
:103D500000000000000000A0000801000083000037
:103D600000880090C10000000083000000100000E7
:103D70000000000000000004000008000004000033
:103D8000000011000800000000C02000000000003A
:103D900000000000000000910000090000910000F8
:103DA000000002008800000000C0040000000000C5
:103DB00000000000000000C000000000040000023D
:103DC0000000000011008200000000C01000000090
:103DD00000000000000000000000000004000002DD
:103DE0000000000008008200000000884100008000
:103DF00000000000000000000000000000000000C3
:103E0000120000000000000012008148000BD000EA
:103E10001200000000000000000000000000000090
:103E2000120000000000000012008148000BD000CA
:103E3000120000000000000042000000000000002E
:103E40000000120000000000000012008148000B7A
:103E5000D000120000000000000000000000000080
:103E60000000120000000000000012008148000B5A
:103E7000D000120000000000000000000000000060
:103E80000000000000000000000000000000000032
:103E90000000000000000000000000000000000022
:103EA0000000000000000000000000000000000012
:103EB0000000000000000000000000000000000002
:103EC00000000000000000000000000000000000F2
:103ED00000000000000000000000000000000000E2
:103EE00000000000000000000000000000000000D2
:103EF00000000000000000000000000000000000C2
:103F000000000000000000000000000000000000B1
:103F100000000000000000000000000000000000A1
:103F20000000000000000000000000000000000091
:103F30000000000000000000000000000000000081
:103F40000000000000000000000000000000000071
:103F50000000000000000000000000000000000061
:103F60000000000000000000000000000000000051
:103F70000000000000000000000000000000000041
:103F80000EDE000000000000000000000000000045
:103F900000000000000000000000000000007B7036
:103FA0000EDE000000000000000000000000000025
:103FB00000000000000000000000000000007B7016
:103FC00000000EDE00000000000000000000000005
:103FD00000000000000000000000000000000000E1
:103FE0007B700EDE000000000000000000000000FA
:103FF00000000000000000000000000000000000C1
:104000007B708664C002000000000000408C070046
:10401000000000000000300200000000000040032B
:1040200026618664C002000000000000408C07008A
:10403000000000000000300200000000000040030B
:10404000266100000663C002000000000000408CF2
:104050000700000000000000300200000000000027
:104060004003C6600663C002000000000000408CF0
:104070000700000000000000300200000000000007
:104080004003C6608021080100C021A09105A0085E
:104090000820414020000410A02020010000001052
:1040A0000208042100004120000004000500030272
:1040B000A11004000400000202000200020000201F
:1040C00000000200000011100400020004000400BF
:1040D00008000000000011000020000000000400A3
:1040E000000003000000040000A08400040004009D
:1040F000030000000000080000A0038800A00400E6
:10410000020011001100040400400800C02040A07B
:1041100041210041040001000000050083208400CB
:104120000800014100C00000008082400200000041
:1041300000000400A000000000800041000000001A
:1041400000000000000000C00000010001000000AD
:1041500004000000000000000000008000000000DB
:104160000000000008000000000000000400000043
:10417000200000000000000084000000000000009B
:104180000000000000000000020891A000C0030031
:10419000800100C000080020040811040041000450
:1041A0004021800000C00040A18902001000008270
:1041B0000400002000A004004000910000008000E6
:1041C0004001401040004001000080018001C041DA
:1041D00002414000C000820280020400080000008A
:1041E00002000000000000000000000000000010BD
:1041F0000000004040208000000000000800100483
:10420000000000008000000020000010202000209E
:1042100004412020002000110088A02100A100847A
:1042200004C1A1020210001002A0400201410021BD
:1042300008009003008082038209012140100010D1
:104240004000010201A00110830200C004400240AE
:1042500005C0828209004100409002910200851051
:104260000010912100410000C02000200005040042
:104270000400A0000890058008210000000000094B
:1042800020C0901002091000000001084084211095
:104290000210C088031005C09021800209A10440CB
:1042A00020408288840200028200200180200010C9
:1042B00041840340008400400082090241C0008420
:1042C000008441001110000141848000000084033B
:1042D0004102000205024000400000A00085408528
:1042E0000084000800400000000020000505009048
:1042F000001080200010000000C000000084008436
:10430000008400841004040208A000040984014110
:104310000800C10905000805840040404000044031
:104320000188001003024104000008000020400042
:1043300000080020882002050021820000080000FB
:104340000000001000042010000200000200000025
:10435000029000800080008001000100080000023F
:10436000C12000000080000000030004000000A045
:10437000000000050280000000039000000000041F
:1043800020000020022021A12020020000808800BF
:10439000100490040341A083200000840890410091
:1043A00002018490210080822000088220001000F9
:1043B00021C0104000402100200104201001030012
:1043C00005020500004021400000410009000000F6
:1043D0000000040100000000410005000010410041
:1043E00005000000000204001000040000000000AE
:1043F000030000000000028411418000A109A10413
:10440000A00300088000000004000000100040002D
:104410000000C08002C19004202088038402821121
:104420008821C004212110410209C0091010204137
:1044300000400008000500900000010401800020F9
:104440008200008008008880108090008400101096
:1044500000000000850288000021000000000080AC
:10446000080010000000008009000010000000009B
:104470000000C0000400040005212090200004A0DA
:1044800004C00402108020418400002000100100BC
:104490000111001005A0204180850305109090A017
:1044A00080C0050210C020C04182020802020540FF
:1044B00021A0004088020402410520200804214078
:1044C0000002200290890084100021414188418827
:1044D00008200540000021001000002041000010CD
:1044E00000020300004008000010101040044100CA
:1044F0004000000009000400A000080004841040EF
:10450000211000100010000400C000040384050204
:1045100000402108401040048202040200040820E8
:1045200020000410000002030000A002402100A0AF
:104530000400002000004010910000100804000357
:1045400000218400A01004200011000000020000DF
:10455000400000000000000000000000000000001B
:10456000001100000041004184030000010500002B
:10457000001001000000101000050200C000000043
:10458000001100059080004184A000000010004050
:104590000020C000100000000901034105C1418452
:1045A00000A0059005010410210421A000000820AE
:1045B000091004101000001000840090411000C089
:1045C000100010040200000000841010000003849A
:1045D00021002100000020000000040005002084CC
:1045E00004001000100010040000020011000990E7
:1045F00004000000000041000200800908081008C3
:10460000000890C1008420110084100000000020E8
:10461000002000C000080000024002200020082006
:104620008400080004001020834182102003000051
:104630002041200000400800000000040000A040CD
:104640008810000008410200000010001000104116
:104650001010C000C000080010100000030010007F
:104660002009C1000041000000000000000000001F
:1046700010008940901102000240A00002020009CF
:1046800000400041024084008510C000110000007D
:1046900000800080000000800010010090030420D2
:1046A000802121100003A0218009040485900810B6
:1046B00088900982109000854009032090A008206E
:1046C000002040C08000020080000000400002097D
:1046D0002109040400032000114041400000C08370
:1046E00000090580024040034100404041050000B0
:1046F0000000A000210011038940852041104010D6
:1047000090C02141031008838089004110040000FB
:10471000040011000000084040024008031121017C
:10472000C10104000001000102004000010010214D
:10473000008402A00010108220080288009082826B
:104740000104A088010908000000C0000000010069
:1047500010001100000000010100900101010000A3
:1047600011891088C01000410101A0000101010061
:104770000000A000030000000101C10020010101B0
:1047800040832108C0A101030083C0080004000485
:1047900004000000880000000900840101010100FC
:1047A000080221C109028501A004918809C0840082
:1047B0004020A0088304858590219005400508C00D
:1047C00003004003110088C0400004848200880870
:1047D00010408400C1000911000001000100010027
:1047E00000002089C00021828388000000000100B1
:1047F000010000400000004000000300A182019180
:10480000010008008983041120000100410090008C
:10481000108901010890C02009C000000082000832
:1048200001000480C01002C18341008020202120AB
:10483000A141838210004190C085109005C1030200
:104840000410404103418221209080098000000033
:10485000008000898000A000831100004000400417
:10486000030000008009800090008309030000001D
:10487000400003000080410000800200900008001A
:1048800020900303C00010C1C082210340004000FB
:104890001000101040038503882140830000008031
:1048A00000A009004008200210204003A0884120F9
:1048B0000300052008084010840884C0402100053A
:1048C000840589050520032009204103000000001C
:1048D000000000000000000400800083000000C011
:1048E00020090283008000800520808002034100AF
:1048F000004000000083000003024005808309118E
:1049000000C020A0118383830010C008A1A1004033
:104910008005A011104100000900020000001108EC
:10492000001003890891210401200001838982403D
:1049300001410000C0040000A19010000521218960
:104940004084112020881001100188000000000020
:10495000000000000000008800880010000900002E
:1049600000C1004040830080000840118484100191
:10497000000400030082008300C0000500040283DD
:1049800001A00003008501034120088910C1110224
:104990000040C001401010090088010401080810FF
:1049A0000010000200410041092001100004010232
:1049B000012001400100019002882108A000410966
:1049C00085404100880041408441854089010504BB
:1049D00091020084020011008201C0000800888258
:1049E0000100010000000000008009008800840030
:1049F0004004010801000101000000000000000067
:104A0000000001C001840101010083404021858331
:104A1000A102840109041001820010910002090121
:104A200010020102010801410000830304202082DA
:104A300021800383208002112000100984904140CE
:104A400010A0A041401102212000A10810A1404067
:104A500040800811020009009000800800048004D2
:104A600000800300400004090000008003400409A6
:104A700082020980038040004020040000000009F9
:104A80000000000003051000200940009008C00449
:104A9000A1101000C002400400400900A00321053D
:104AA0000821008010800510080203000A50000B46
:104AB000D00000008241000BD00041002184000B97
:104AC000D00000004100000B000000000600000BB9
:104AD000000081000660000BD00000000A00000BFF
:104AE00000000041210000830000000000000600DB
:104AF000000B0000000000000000000000000000AB
:104B000000830000000000840083C10000000A0050
:104B10000083C10042488241000BD0000000118890
:104B2000000BC100820000840000C10041813CC331
:104B300066663C660F0F96663C3C3F3FC0C01E1E3B
:104B40000F0F77476666BD24BD24BFB62F26BFB9B9
:104B5000B6B00FFF0F003F303F30000000000000F4
:104B60000000F0F0FFFF99F0FFFF00F0FFFF0000F2
:104B700003F3FFFF9999FFFFF0C3FFFF9090FFFF42
:104B800000000000FF0FFF0F6F6FFC0C660FFF3C73
:104B90000000000000000000C30000000000000052
:104BA0000F0F0F99000000006FEF6F85F707F101FD
:104BB0000FF06666C3990F0F96993C3C3030CFCF0B
:104BC0006F090F0F744466666F6F0909B9B0292029
:104BD0002F2926203C663C66FF0FF00000000000F5
:104BE000000000009999FFFF99F0FFFF0FFFFFFF02
:104BF000000003F3FFFFF0F0FFFFF0C3FFFF9F9FF4
:104C0000FFFF00000000000FFF0F6060FC0C660F4C
:104C1000003C0000000000000000C3000000002471
:104C200000040F0F0F000000000000006C00F606EB
:104C3000F000000000000000000000000000000084
:104C40000000000000000000000000000000000064
:104C50000000000000000000000000000000000054
:104C60000000000000000000000000000000000044
:104C70000000000000000000000000000000000034
:104C80000000000000000000000000000000000024
:104C9000000000000008040060110800000000008F
:104CA0000000000000000000000000000000000004
:104CB0000000000000FF6969FFFFC93600FFE4E45F
:104CC000F00F00FF3C303C3F2090BFFF3C66FFF000
:104CD000C2CEF2FE43734F7FF0F03C3C0000000078
:104CE00000000000CF0CCF0CFFFF9999FFFF9393BA
:104CF000FFFF0F000000FFFFDB42FFFFFF00FFFF91
:104D000003030000FF3C00000000F0F06666FCFCBE
:104D1000606F3CFFF0FF000000000000467900409B
:104D2000FEFF90989090000000008C12A10360BDDF
:104D3000F9BD6666FFFF00FF33330000C93600FF90
:104D40001B1BFF000FF03C6C3C6C2000BF6F3C66EF
:104D500000F0020E323E40704C7C00FF66660000A0
:104D6000000000000000CF0CCF0CFFFFFF00FFFF92
:104D70009393FFFF0FFF0000FFFFDB42FFFF9999B6
:104D8000FFFFF3F30000003C00000000F0F0666657
:104D90000C0C606F3CFFF000000000000000EED43F
:104DA0000040FEFF0800080800000000A4010208FF
:104DB0006024F92400009999128621F441B408482E
:104DC000128621F401B41040008600F401B0000006
:104DD000008600E001B30000008600E001B300009F
:104DE000008600B401A00000008601E001B4494043
:104DF00002C701E001344940000002C701E001B4EC
:104E0000494002C7016000B45140008600E000B98B
:104E10000080088604F400920010008600E009A3D8
:104E2000000000860A2401800080008650B4A18022
:104E300000050186026400B000000000FFFF3C3C5A
:104E4000C3C300000000F0F0C3C35D04FD540000C4
:104E50000A0A145400402A222222AAFFAA000000B3
:104E60000000B4B4B4B400000000ACACFFF0CF4D0F
:104E70000F4D00000000000F00AA0000CFCBC7C3F9
:104E80005A3C5A3C00000000AFAF287D00000000F3
:104E9000CFCF417D00000000000000043C00F3F390
:104EA000000000000000030000000000FFFF000001
:104EB0002C3C3C3C000000005CE800080000FFFFC8
:104EC0000F0FF0F0000000000F0F3C3C000000004E
:104ED00000000A0AFFFEEBEA00000000AAACAAAC40
:104EE00000000000FAFA505000000000ACAC0F00C7
:104EF0000C4D0F4D00000000000F00AA00000C0830
:104F00000400553C553C000000000505287D0000CC
:104F100000000C0C417D00000000000000003C007F
:104F2000F3F300082808000000000000003CFDFD2D
:104F300000002C3C3C3C000000001111400400002B
:104F400000004141C3410000000008A8AAA8F0B039
:104F5000F01000000053F5F57D28010183013C3C71
:104F6000AAAA53535353000000003F0C3FFC00001B
:104F7000000000FF00FF0000000000000000000033
:104F8000C300C3002000D7FF0000000000000000A5
:104F90000000000000000000000000000C0C0C0CE1
:104FA000B4F0B4F001000000000000000F000000A9
:104FB00000000000055555550000000000000000ED
:104FC000000000000003C303000000000808AA0856
:104FD000B0001000000053FFA0A07D283DBFBFBF60
:104FE000F0F0FF0003F3C3C300000000300C30FCFE
:104FF000000000002D2D05AF0000000000000000A3
:105000000000F330EB28F7FFD7FF0000000000009E
:105010000000000000000000000000000000000090
:105020000000B4F0B43C000000000010004000009C
:10503000000000000000555555550000000000001C
:10504000000084000000000804008009841020088B
:1050500002002021201000010410049021202100D2
:10506000918420010040100003890310030803000D
:10507000000240010040009011204000100000029A
:10508000044100002102002008000400000000107C
:1050900011004000040000008200020040001000E7
:1050A0001100050002000000100040000020110067
:1050B0004000000004001100040011A021000000C5
:1050C0000402050040040200000001024002040046
:1050D0000420A1400220038200200002010900896F
:1050E0008200200003040080910002080000840078
:1050F0000000088001020000020008800000040097
:10510000008002C000C0008000000000000000001D
:10511000000000000100000000000400000000008A
:10512000010000000000010000000100010000007B
:10513000000001000000000000000000000000006E
:10514000000000800200002100A080100010040276
:1051500000210210002140200004004000842108AA
:1051600009000002A00440010200008880098000BC
:10517000408900000000004040028089A103001126
:1051800002A04000000000000000000021210001FA
:105190000000000000000009C10010008810040099
:1051A000000100000200004080208000000000009C
:1051B00010000000418804082100000000200000C9
:1051C000000000400000004000020010080200A1A2
:1051D000041100A0010010A090C100A100890021CD
:1051E00004A00010001103A004040141000310C03A
:1051F0004000050200100020000001804002402015
:1052000088020110014120200040201000200002EF
:1052100002400010A008202120400410010009A035
:105220000121404040204121042002A01000040040
:1052300004100140001000090010004100000000AF
:105240000020000004050010201104A000020090BE
:10525000080240C104200020842120A00302022172
:1052600002A100200002000200A12102211100C0C1
:10527000830200200284000000204000000004108F
:10528000040204020002004008110000408440842F
:1052900000024088000000C00000008400A0002040
:1052A000000080A0000200000082000200102040E8
:1052B0000090008480840084000311C0000000027C
:1052C00000000010801000400002808401030000F4
:1052D000000910032102C1A1200905A00002000558
:1052E0000888092010890441A04108048210C040A8
:1052F000080202050000A010A000C0C1210010405B
:1053000088001180C0800080844120020000C1001C
:10531000010000800104C002100010000000000025
:1053200000002000041000800000000000200004A5
:105330002080C000C0031040880510040011000345
:105340000010100000031000040900024004400493
:1053500004A00089200000828021050010C14000C7
:105360001040080009004084040021402001200072
:10537000058805002000200141841000A0A01084B1
:1053800041C0000000009000000041002111000019
:10539000000002022000000221000200080080003C
:1053A000110100008809040005404002200200406D
:1053B000040011820000020880000288824002007E
:1053C0000800004000100001100800C00300102079
:1053D0000980110900100000042002A020052020EF
:1053E0004100008410101011000201000089010426
:1053F00001000000C0110000010200212000401047
:10540000900000000000000540000008000000823D
:105410000000000008A10000008000000100000062
:105420000210002000000590010010800100C00063
:105430000080C121000000000880100000002080D2
:105440000100001000050000004000C100008405BC
:105450008480091020C089020304008504082040CC
:105460000020020421040804402004C0202002007F
:1054700000102190410841844110080400C0004000
:10548000412100101000412000A041C00800004050
:105490000402000021880004000000022000000037
:1054A0000010000011020820082000000000100079
:1054B00041000200024000110300008800000500C6
:1054C00000210021058800400082100810004100E2
:1054D000020841A08400000004000400000441030D
:1054E00000A1909140029005400000C00300100010
:1054F0000811402088009000A009000800850005E0
:10550000C08082A0100090000403824008001000B8
:105510001080852100001000C004820004101000DB
:1055200000100000C0000000C0000180000000006A
:1055300000100000000303A1000400100409C000D3
:10554000401000820082040000100000900800213A
:1055500004100080000404C000A0044011100002E8
:105560008220020280104100028502C009852102CA
:1055700004200210200520400810001010C0000078
:1055800000000008100041400984098408100088C8
:10559000009000104110000000010084100108027A
:1055A00021000040000000850484210041A010007B
:1055B000058408000010041000880300001011C0CA
:1055C0000210020102008000021002000284029018
:1055D00010000000410000000040004009200000D1
:1055E00084800484880004021000840400030008FE
:1055F000041001000003898441000000000008003D
:10560000000000000000000000800000000000001A
:105610000003004100000000000000020000000242
:105620000005000000800000824001000000A00092
:105630000000000200000000000010000000080050
:10564000C010C000000800000803000000000000B7
:105650000000850000080000001082C0020208104F
:1056600003900341001102212020059110039109AC
:1056700003840000A00002000000020000000000FF
:10568000110040040000800302020003000080407B
:1056900003854003400010410000000000030000AB
:1056A00000050305002180030420000882850541D0
:1056B0000041408408038508218508102103000863
:1056C0000005201183838508844020080000000025
:1056D000200000008241200400212010A183C00589
:1056E00004A0019089000800C10001000002218887
:1056F000A008010804822004828400A005000000A4
:105700000000000003008400A00000000091008859
:1057100008910010890105008200000000000001CE
:1057200000000000A0000001C0000001000089830B
:1057300001094082C1C00483A1020111008910093E
:105740000041008301008509C111119000A10000F2
:10575000880001000000850001010001010089406E
:1057600004A100090102C00008838808100409414F
:105770004100884008C0080110A0080504C00004CA
:1057800000020011010090A08482080185A00000A1
:1057900000000100010040009000A00009C00000CE
:1057A000000000000000010090018400900010C083
:1057B00088011004889010110300A0888208C10994
:1057C000008300000020000240054000C10805845D
:1057D000004000000000000089008904A04089000A
:1057E0002104114109824108040583410902A0886E
:1057F000849008020880038280028000804000A11B
:10580000400020800002040000058580844083045D
:10581000000005004011030000090000C141838819
:1058200000000000050000000300000880040011D3
:10583000000880088080808980C0050991000403E9
:10584000A091408204110900030041894100888031
:10585000908400000000000000001100080011808A
:105860000808890980211102118803C1100504402C
:10587000C0032104A040A120A083000080000400F8
:1058800000008000004100100003008000040000C0
:10589000800300050040000041032085008000C116
:1058A00085030000210500000085000300000000C2
:1058B0000880410020200009914140C110208084CF
:1058C00010858511030500202104050510410841BC
:1058D000044108850000000000000080110900401C
:1058E00021A083838240040420881040A1A10040AD
:1058F00001898990112182400405048300901008D9
:10590000910800080800008800C100A00004009071
:1059100000402041000040018200A0010110004031
:10592000000482C100000000000800100091001077
:105930000082018401A00101080091000188010397
:10594000C005C1089104000108010000850083C062
:10595000408403C0C04104A000A0008200040000F5
:10596000000001858489830888C105400289048874
:1059700021050501054082091085400100C0050090
:105980004182A100048888A0A08420000000880033
:1059900090A0410004000102010000000000830209
:1059A000A001400040400000010000000100000094
:1059B0008200081008004088091140008200888891
:1059C00083C0A001410002C0A08402112001080090
:1059D00082848820080002000040000000000000CF
:1059E00001A1000501010183C180A00410050990F7
:1059F0001190C1890221400800858002001000003A
:105A00002005100040004100050009004100080089
:105A10000011020040020800038040020400000060
:105A2000830900048420C100000003000505402113
:105A300002004140038088002000038205004100ED
:105A4000858082054008A0059000008000C000020B
:105A500000008085800400418200000000000000FA
:105A6000000003200220400240888241000BD00049
:105A70000A840660000BD00021000660000BD000F5
:105A800042410660000BD000000000600000D00022
:105A900000000660000BD00042001200000B000066
:105AA00000000A00000B00000041000000000000A0
:105AB0000000000000000000000000000000000BDB
:105AC0000000000000000000000000000084000B47
:105AD000C10021008282000BD0000A0000000000FB
:105AE000000000002100000BC1000088F2A2520259
:105AF000BCA89480413F7D3F28AF7DAF00000000EF
:105B000030F07070303C0030000000000F5F0F2D4F
:105B10000A5F0A5F5CF5000000000F0F00000F55E0
:105B20000000FCFC00002D2D0000553C0000000092
:105B30003C0F00003CFF340034F5000000005C5CCA
:105B4000F0FF0000FFFF4D554D554555000000008A
:105B50000000D703D73FC3C3C3C3455575550000E5
:105B6000000000000000FCF3FCF3FFFFFFFFF7A7BD
:105B70005707FDE9D5C141037D0328057D050000D8
:105B8000000030303030143C0014000000000F0AD8
:105B90000F2D0000FFFF5C050000000055550000C0
:105BA0000F5500000C0C00002D2D0000553C00008E
:105BB00000003C0F00003C00340034F50000000001
:105BC0005C5C000F171417D70F174D555555000083
:105BD000000000001403143FC3C3C3C3000030001F
:105BE00000000000000000000000FCF37FFF7F7F4A
:105BF000C300C3FF3F043FC7FAFA50507D7D2828F9
:105C0000EA2AEA2AA00FA00000000000000000001D
:105C100000000000F3F33030FCFCC0C0FF000000C7
:105C2000ACAC0000AAF00000AFAF0000FFAA00007B
:105C30000000FCFC00000505FFFFE0EBE0000000B9
:105C40000000C3FFC300000000005555F0007F7541
:105C50002F250F0F5555F5A0F5A05A5AFEFF00004D
:105C600000000000000000000000BEAAFAAA000028
:105C700000000F550F553F2C3FEF7D287D28F5A0E4
:105C8000F5A0BABA8A8A000C000C000000000000DF
:105C9000000000000000F3F33030FCFCC0C0F0F066
:105CA0000000ACAC0000AAF00000A0A0000000AA18
:105CB000000000000C0C0000AFAFFFFFE0EBE000C5
:105CC00000000000C3CAC3CA00000000C3C3F00044
:105CD0007A702A2000FFC3C3BEBE14145A5A0000B3
:105CE00008080C0000000000000000001400500034
:105CF00000000100A080009401830000A08600F451
:105D000001930000008600F401B9000000860094B1
:105D100001B080050086007400B00000108601F418
:105D200001B44D4002C701E001B4494002C701E09F
:105D300001B44940000002C7016000B44140008640
:105D40000C6000B00000058400C0008000000086E8
:105D50000A6000B8008000865A7400B00000018616
:105D600004F401B020000086006000B00000088646
:105D7000027003990000FCFCBE825C505050200071
:105D800000000F0F0F0FF0F0F0F0F0F0F0F0F674ED
:105D9000F0F05030000FF0F0FF0000FF0F0F00AAEE
:105DA000003F0C0C3C0F0000000000000000ACACF9
:105DB000FFF000FF00FF00000000000000F0000006
:105DC000FFF0FFF2101000FFFFFF2FAFFFFF0000FA
:105DD000E8E8FF3CFFFF0000AAAAA8AA0000000014
:105DE0004D4D00C341CF7DCF00000000202000209A
:105DF0000000000000FFFFFFC0C0BE8250505050A6
:105E0000000000007FFF3F3FF0F0FA5000501010FC
:105E1000E260F0F050300000F0F0FF0000FF0F0FE4
:105E200000AA00300C0C3C00000000000000000044
:105E3000ACAC0F0000FF20FF00000000000000F0ED
:105E40000000FFF0FFF3000000FFAABE0A0EFFFFF4
:105E50000000E8E8C30017D714D4AAAAAAAA000031
:105E600000004D4D3CFF410C7D0C00000000000087
:105E700000200000000000FFFFFF3CAAFFF03535C6
:105E800035350000000000FF00FF0004000E3C3F1D
:105E90007D7F3F3CAC3C3D3D3DFF000000000000ED
:105EA0000000000000000F3FFFFF285028500000B6
:105EB00000000000000000000010000000000000D2
:105EC00000000000000000005D5D5DFF3399FCDE16
:105ED000A45AA55AF0F0B0A0CF00FF30FFFA0F0A85
:105EE000000000007D3C7D3FC3C3C3C30000000031
:105EF0000000000000000000FFFFFFFF3CAA00F0D0
:105F00003535353500000000000D00FF00040004A9
:105F1000000F555F303CAC3C050505FF000000005C
:105F20000000000000000000003C003C2855280054
:105F30000000000000000000000000000000000061
:105F4000000000000000000000000C0C0CFF339962
:105F50000321A55AA55AB0A0B0A04F407F70FFFA08
:105F60000F0A00000000283C283000FFF0F000007D
:105F7000000000000000000000007FFFFFFF04C0E1
:105F800004C004000420048820002082022002A013
:105F900003080040202021000003000503A1110098
:105FA000030008820040041002C002002020020406
:105FB000009021002100040009002082044000001C
:105FC0000000200000000200041000C011000000CA
:105FD0002000200020001100040000A000000200AA
:105FE00021000200210804000400000000104110FC
:105FF000110020000400200000000000200002002A
:106000000000000900031011002084418202204199
:106010009000008000C18809020090A0089000084C
:10602000000208008400900008000000A0000404A2
:1060300000000020000084000002000008000000B2
:1060400000000400000290000000000000000000BA
:10605000000000008200840000000000000000003A
:1060600000000000000000020000A000020000008C
:1060700000000000000000000000002100000000FF
:10608000000000900010000000A000080020009018
:1060900000200020418440110041008900080010C8
:1060A000002000A000C000200040008820C00000A8
:1060B0000010208200101100412000A0000000000C
:1060C00000C00000400004C000C000C0110000106B
:1060D000022000000020200000000000002000201E
:1060E0000000004000000000000000000000000070
:1060F0000000000000000000000000000000002080
:1061000000C0002002050020002100030021002023
:1061100000100021A00920200008A0840004001025
:10612000000800400011001000210011000082034F
:106130000010004000218220C0404010004100407B
:10614000002100100000A0210041004000000021BB
:106150000020021020200021C0100209042000416C
:10616000000000000010000004209010C00000405B
:1061700000200010821100000020000000210021FA
:10618000000000000010208400000808410800887A
:106190000484009002A0404008400320210210C166
:1061A00009400200044005021102210011C0200232
:1061B0000010008400402188090205100808000032
:1061C0000002000808000000000441000202110261
:1061D000202000C00090001000A00000000000007F
:1061E0000082000000A0000000A0000000000000ED
:1061F000000000C0030009881100100820102000D2
:1062000004002000041000004010A0090009024012
:1062100088000820844002410810082082A14084A0
:10622000200820859102C021102010211010084064
:10623000C00000080000C0210000020000008441EE
:106240000200000400000004000020008800820416
:10625000000000001002102108001000002084043B
:10626000840000080208880000200041001004405B
:10627000C010880000030005000900088211840393
:106280000040004182050000820020A0112000A0F3
:10629000118200A0201000A0059010880884001032
:1062A0000482031000100000028410040082040025
:1062B00010000002008400A005020002050008C0D2
:1062C000000020400500030840020000050008000F
:1062D0000000200011C000200082000000C000006B
:1062E000080020400000030000C0000020C00000A3
:1062F000000000040000410011900000008200C076
:106300000084080010080300410009000020000379
:10631000821084108411001100080003A0030041C2
:1063200002000009A009000084408205001000035B
:106330000041000500410000824100030000000010
:1063400082051005A0100003402184050000080903
:106350001010A00084090803C041A0050000A0009F
:10636000004100000800C000900020402000000014
:10637000001188000800A04000008200882110055C
:1063800000042000A000820920008400004102C017
:106390000400210000004000040041000208090040
:1063A00010100082030240100400400040880900E1
:1063B00000C00000200200A000900088030200003E
:1063C000009000004102000000A000080200000050
:1063D0000000000000880200200000000000000013
:1063E00000C000041000000200C0000000000020F7
:1063F000000000880000022000000000100000885B
:106400001088042009000900051000880090100081
:106410000409A0088809081190410411400982105C
:1064200008000821840440082004A0020005402040
:106430008241C00588000800000002200000000022
:10644000C010A00000200000900000200800C04103
:106450000000100000000000000300000000901188
:106460008800C000C0210000A021004010111000D1
:106470001009002090050005000900038410044164
:106480000840C0000000040000000000201000418F
:106490004000410800844082200000041000049065
:1064A000210002080000408800102084008800A01D
:1064B000000000000000009020900000101010006C
:1064C000050000042100000821820800008400006B
:1064D00040000000000000880010000000000040A4
:1064E0000300100000000000000800000010000879
:1064F0000000008400000800002000000088000068
:10650000200000000200000002000008000041001E
:10651000110000008200200820200803A0040220AF
:106520002041A000820082001000841100100400AD
:10653000A00090100020822082008200A0040000B1
:1065400002000021A0000021A020202002109000C5
:106550000009200800000000102110000000A041E8
:10656000A0408841C00020000811000082100004F3
:10657000900402000000900020008811001100002B
:1065800004000020004010200805084110412005AB
:10659000000482008200030003800000004100002C
:1065A0000300804180C18080030000020041A00000
:1065B0008300800090410000000000000000000007
:1065C00000000000000000000000000000000000CB
:1065D00000000000000000000000000000000000BB
:1065E00000000000000000000000000000000000AB
:1065F000000000000000000000000000000000009B
:10660000000000000000000000000000000000008A
:1066100000000000000000000182C1040000000131
:1066200000820182820182C18204A18400010001F2
:106630008300838482828301000000000000000048
:10664000000000000000000000000000000000004A
:10665000000000000000000000000000000000003A
:10666000000000000000000000000000000000002A
:10667000000000000000000000000000000000001A
:10668000000000000000000000000000000000000A
:106690000000000000000000000000018382008272
:1066A0000002010182830082C18283838588008287
:1066B00000820083018200000182000000000000CF
:1066C00000000000000000000000000000000000CA
:1066D00000000000000000000000000000000000BA
:1066E00000000000000000000000000000000000AA
:1066F000000000000000000000000000000000009A
:106700000000000000000000000000000000000089
:1067100000000000000000000000000000030282F2
:1067200000800080020300C10080C1830383040253
:106730000080028040830480000008800000000088
:106740000000000000000000000000000000000049
:106750000000000000000000000000000000000039
:106760000000000000000000000000000000000029
:106770000000000000000000000000000000000019
:106780000000000000000000000000000000000009
:1067900000000000000000000000000000000002F7
:1067A0000000830000000003000083C100410010CE
:1067B000000083C103800002000083C100050000C7
:1067C00000000000000000000000000000000000C9
:1067D00000000000000000000000000000000000B9
:1067E00000000000000000000000000000000000A9
:1067F0000000000000000000000000000000000099
:106800000000000000000000000000000000000088
:106810000000000000000000000000000000000078
:1068200000010082418200000000008483C1000159
:106830000083000083C101C00001008283C1000009
:106840000000000000000000000000000000000048
:106850000000000000000000000000000000000038
:106860000000000000000000000000000000000028
:106870000000000000000000000000000000000018
:106880000000000000000000000000000000000008
:1068900000000000000000000000000000000000F8
:1068A0000000A08300A083C1C003C1820182C18314
:1068B000C08382410182C182C00101410083C18243
:1068C0000082000000000000000000000000000046
:1068D00000000000000000000000000000000000B8
:1068E00000000000000000000000000000000000A8
:1068F0000000000000000000000000000000000098
:106900000000000000000000000000000000000087
:106910000000000000000000000000000000000077
:10692000000000000083000202C0000302C104A0B6
:10693000C18380830003028082808003028305C0BC
:10694000C1200080000000000000000000000000E6
:106950000000000000000000000000000000000037
:106960000000000000000000000000000000000027
:106970000000000000000000000000000000000017
:106980000000000000000000000000000000000007
:1069900000000000000000000000000000000000F7
:1069A0000000000000008148000000001242814801
:1069B000004200001242114800000000124211483B
:1069C0000000000012420000000000000000000073
:1069D00000000000000000000000000000000000B7
:1069E00000000000000000000000000000000000A7
:1069F0000000000000000000000000000000000097
:106A00000000000000000000000000000000000086
:106A10000000000000000000000000000000000076
:106A20000000000000000000000000000000000066
:106A30000000000000000000000000000000000056
:106A40000000000000000000000000000000000046
:106A50000000000000000000000000000000000036
:106A60000000000000000000000000000000000026
:106A70000000000000000000000000000000000016
:106A80000000000000000000000000000000000006
:106A900000000000000000000000000000000000F6
:106AA00000000000000000000000000000000000E6
:106AB00000080000000000000000000000000000CE
:106AC00000000000000000000000000000000000C6
:106AD00000000000000000000000000000000000B6
:106AE00000000000000000000000000000000000A6
:106AF0000000000000000000000000000000000096
:106B00000000000000000000000000000000000085
:106B10000000000000000000000000000000000075
:106B20000000000000000000000000000000000065
:106B30000000000000000000000000000000000055
:106B40000000000000000000000000000000000045
:106B50000000000000000000000000000000000035
:106B60000000000000000000000000000000000025
:106B70000000000000000000000000000000000015
:106B80000000000000000000000000000000000005
:106B900000000000000000000000000000000000F5
:106BA00000000000000000000000000000002004C1
:106BB00002830590C02091400840044104890210DE
:106BC000042180408021842120000440200411A160
:106BD0000408881185000005044000200821028275
:106BE000400002209108040003000000042000007F
:106BF0000001840003002000002021010000081093
:106C000008000404041000102110200020002000BF
:106C10000810110004100200020041102100912010
:106C200002A004000000000004A0020104104100C2
:106C300084C1041082100403048000912004050222
:106C4000050083A0402104A04004010500000000CD
:106C5000002000000402400004A00800008490040A
:106C6000010485400080108000040000A0000000A6
:106C700000C0002004000400A0000080902000005C
:106C80000000000001800203080000000000000076
:106C900000000800000000000000000000000000EC
:106CA000200004000020002020000100004001001E
:106CB000000000A0C0C00000800980080041004022
:106CC00000A00000410180A000912090200000C0A1
:106CD00000A08440020000400200002000200000CC
:106CE0000082000080008001800000000000002180
:106CF00010890000000100110091030000C1A000F4
:106D00000000820010400405410000010000000066
:106D100000C0100200400000000021080000000038
:106D200041A0200085C000000409821080110040AD
:106D3000804002209021020208210440401000C03F
:106D40000080001000210020022100200103011119
:106D500000210021401001200010021000900000CE
:106D60000000001000204000102010200000002033
:106D70000208C04000000020C02020209041902048
:106D8000210000002110002001C0000900020020A5
:106D900000000010000900A100100000C0910010C8
:106DA000000000000120101100002040039002208C
:106DB000049040A14100111100401110838403038D
:106DC00082020484A0114185040105848409110014
:106DD0004001880380822121804002210384C01069
:106DE000042004400040009000030020040900003B
:106DF000000008400000000080210040000000402A
:106E000000102041000482010010004104400000F5
:106E10000002009000082002A001000200C0000053
:106E2000008411000008200200080000000400098E
:106E30008021004009A0042010020041200002210E
:106E40000840401100002120C0041120C00541204D
:106E5000000408044004200010A0400000A0000826
:106E6000210011884100A01010000020000083A024
:106E7000000000002080000000001020A00088001A
:106E800000900800822000040340000000A00000E1
:106E90000000008000000000000002400000000030
:106EA00010000000000300C1090000800002000083
:106EB00000C040840821100001C14001028221006D
:106EC00010A005820000090800A1024102910010F3
:106ED000008500A010110500A000410000001090E6
:106EE0000284050000000883A00010044002000096
:106EF000900020002000101002820000219041A08C
:106F000021401000000021840000020020012041E7
:106F100089402003020120010000034003012100F9
:106F20002040110000044104210402842000410893
:106F30004100000002A0848803849008050220100C
:106F4000840400211041102008110040014001205C
:106F500000050020201100200010412120400010D9
:106F60000010090390100409002020100010018077
:106F7000C010111190020021002101000000824187
:106F8000C0000840C02000000200A0211108884075
:106F900001A0028010C0104088020800102190401B
:106FA00010000008840000091000004000041000D8
:106FB00088108810000010004120000320100004F9
:106FC00085C01002C140A0C000A0A00940C0088830
:106FD0002000000810200984C00302A02110828232
:106FE0004040820202000804059091000204002043
:106FF00020010009008441002084024002A000001A
:1070000010840302100800A0000420002040110496
:10701000100000404104000000C01040022005C0E4
:10702000400021001002110200400004030082030E
:10703000A0C020402000A101210003040320204122
:1070400082850800A010048020040000040404408D
:10705000000000000000008000204004010000004B
:1070600005000080052111000080000010020000D2
:107070004000002000080000000000000180050022
:10708000000000000002100000000000A0000080CE
:1070900000840000000000000000000000800004E8
:1070A0000000C00308000000C000008000000000D5
:1070B0000304200001800104080400412000008036
:1070C0000004200800C0100808108020910504006A
:1070D000050888A000212010091000900208002057
:1070E00010A0410841C00010008400080591102044
:1070F000030488C0801005401010001011C0024029
:10710000021000001010100805A0024000841004B6
:1071100021C0081010001008804009000000041071
:107120000084080000008400A08441842000200026
:1071300020042004101011A020080000001020845A
:107140008820212005000408A020C00020A02020C5
:1071500003001000400300820010A0050000A109F8
:107160000811000002009000080800001004002030
:10717000C08000900209040088009104000900000A
:107180000191410000000800C180000001C1200001
:10719000028088000804830082C01083080408204D
:1071A000820308090405204002000204C021820372
:1071B000C008001011880000200000C1001100412B
:1071C00001002080C0908340A004C00941C000009D
:1071D000408004902005000300809100008000831F
:1071E00088104180108000408821C000000000000D
:1071F00000000000000008109005C111208402204A
:10720000058810100283000008828011C0081182D6
:107210009185C111C00241034083200289100320DF
:107220004080030000004100000009004080008011
:107230000300000000001000020000000900200010
:1072400080838009A00008C0020105884010011158
:107250000002098403030800000440A0089000080D
:107260000203820102C00010008304408220000457
:10727000908200028890002001900840C0210010F8
:1072800001C00911004100400000030910400283C1
:10729000008404410490028201A0C14085C0C00561
:1072A000010300100002001001020000A00001080C
:1072B000000801C0A00400C0000001004000C000A0
:1072C00090008821A0A10282000500900021010504
:1072D000010888020201010211910808C10010038F
:1072E000C090000000111100858590001000101062
:1072F000C008A10189000505110002008882400133
:107300008900A000900008A0841000004100C10086
:107310000990118509010440210084A08800088299
:107320000241028801010000011000020401C000B6
:10733000A10090C1000001000000000005008520B0
:10734000034002908811100040A0048805042141E8
:1073500002021091208000032080834180114103AC
:107360008008002000041084A10083A0000980216F
:10737000C180800920034100021090400904208050
:107380009140100000000000000080800000900983
:10739000200085101085A04009800503850000119C
:1073A00080000008800002020800100002001103A3
:1073B00009008800028502004000400011002005FD
:1073C000A00920A1058803C0900089000941202060
:1073D00000820882A08580004083048480038000AE
:1073E0000002028008200280400941110803004089
:1073F00004008303800000004000400000050021DD
:107400000020901189051084800502040509000000
:10741000080002840910051010C1002009040302AD
:107420000482800800C10489000508218021002011
:10743000008000800000008000808084001000A098
:1074400080400002029100200080028289C09003E7
:10745000C04000080104418208900108000840056E
:10746000040810C009840108A040892121400109B5
:1074700084C084A0088840C00000A1000000C000B3
:1074800000029082C108024101848221880800081C
:10749000000000848291A00501A100098405A08854
:1074A00001400010820840A00908A0000400C000AC
:1074B0000001000400400090000400041020C0A15E
:1074C00000031003000201101085A04020050541B3
:1074D000110584A0C1101100080010048884080858
:1074E00002208903C1058800C0A00185848809881D
:1074F000040488C0C00010001183A1099088A10075
:1075000004824000A0214100A08882408400100035
:10751000C0A0000011200908C041C18340A1A041C2
:10752000C0000800030590A0A00082880202A0A16C
:107530000401080088848408040008C000900088C2
:1075400000010000830220C00201004041888990B0
:10755000050141C1C10010C10203050080A0002047
:10756000800080800341209002000000038509C054
:10757000400080800490000580009020C0820804B4
:10758000A109048003091085A10305000000000083
:107590000000000500002109C0A0419011C18040F9
:1075A00084031141C10040080400020004000000EF
:1075B0000020000200000085008200110080000011
:1075C00000090002000090C191880310408083C12F
:1075D0008482404011114188000BD000000082419C
:1075E000000BD00006004188000BD00000000A000C
:1075F000000BD0000A001200000B00000084818103
:10760000000BD00042480600000B00000A000000FA
:1076100000000000410000000A00000B0000008292
:107620002184000BD00042488181000BD000826091
:107630000000000000000000000000000000110039
:1076400000420000D02006000000000BD000000027
:107650008241210BD021000090F690F640C164E5F4
:107660000000000000FF0F0F6969FF00F0F00F0F2E
:10767000F0F0FF00F00FFFFFC3C33C3CC33CC33C32
:10768000BF9B26020000FFFF3C2D3C247F6F0000C3
:1076900000000000FF6EFF0C00000F0FFF18660FC8
:1076A000FF003C3C3C3C3C3C3C3CFE0E000070007F
:1076B000600000000000002000300000000000001A
:1076C000000000000000FF6F00003C3C66663C3F8D
:1076D0007E7FFCFCFFF0FFFF0FFF4242DBDB58D94F
:1076E0007CFD00000000FF000F0F6969FF00F0F053
:1076F0000F0F0F0FFF00F00F0000C3C33C3CC33C53
:10770000C33CBF9B26020000FFFF000900007E660D
:107710000000000000006E6E0C0C00000F0FFF1840
:10772000660F00000F6F0F6FFFFF009FF202000057
:107730001000000000000000002000000000000019
:107740000000000000000000900000000F0FFF008C
:107750003C3C7E7EFCFCFFF000FF0FFF00000000C1
:107760000000000000000000000000000000000019
:107770000000000000000000000000000000000009
:1077800000000000000000000000000000000000F9
:1077900000000000000000000000000000000000E9
:1077A00000000000000000000000000000000000D9
:1077B00000000000000000000000000000000000C9
:1077C00000000000000000000000000000000000B9
:1077D00000000000000000000000000000004B4B13
:1077E0004B4B09F009F3CCCCCCCC3C3C669966669B
:1077F0009999969696966666FF00F0F0669900FF56
:10780000FF00669966990000000019017F67002457
:1078100000F0FFFFFFFF09300F3000000000000004
:1078200024E424243039303999FD9BFF99FD9BFFD6
:10783000C3C0FFFF0000000000000000006660669B
:10784000000000000000FFFF0000000019191919D6
:107850000000000004000C00C3FFE7E70000180070
:10786000FF996600F9FFF9F3CCCCCCCC3C3C66998F
:107870006666999996969696666600FFF0F0669908
:1078800000FFFF0066996699000000003F033F0378
:10789000002400F0F0F0F0F40030063000000000AA
:1078A000000024242424383930390064026600643E
:1078B0000266C2C0FFFF00000000000000000024BC
:1078C0006064000000000000243F0000000099995F
:1078D00099190000000004000000C3FFE7E7F0F082
:1078E000F0F0A08600F401B30000A08651F441B48A
:1078F0000848128601B401940840128621E041B480
:107900000848028601C001A400400086009401A836
:107910000000018600A0018000800086006000B0A9
:10792000000000000086028001A000800086009414
:1079300001B00000008602B401B0000000860060C3
:1079400000B800800086006000B00000008600746F
:1079500000B00000A08250F0A0B00005089E04F422
:1079600001B22085FFFF020000080000000000CFE8
:1079700068482081FFFF00F0B0B0FFFF010501055E
:1079800030000000FFFF5555AAAAFFFFFDD5A880D3
:1079900000000000FCAC5C0C00000000FF3CC300D9
:1079A0003C7F3C3C00000155010075FF00000000D9
:1079B000053C00400000FF0FFF0F00300030FC00CE
:1079C000BC000000000000000000000000000000FB
:1079D0000000F0F0FCFFAAAA5FFA5555D5550A0A37
:1079E0000A0A0F0F7D00FFFF0000000004000000E6
:1079F000000000802412FFFF00FE30B0FFFFC1F541
:107A0000C1F530500000FFFF410582A0FFFFFDD50A
:107A1000A88000000000FCAC5C0C54FE40EAF0F0D2
:107A2000F0F00000000000005155510030FF000050
:107A30000000F53C00C00000FF00FF0E0000101029
:107A4000F000A0000000000000000A3A08000D004D
:107A50000000000000003CFF0000A00555555555F2
:107A6000FA0A3A3A0F0F4100FF0CFF0C0000000029
:107A7000FFF000F040407F7FAAAAAAAA1C3C3C3C31
:107A800050500000AAAAAA00FF00FFFE7F00FFFFDF
:107A90003F30AFA01000BA00FF557878000000001A
:107AA0000A0C0A0CD0FF000000000000D580000086
:107AB000000000008F803F3F3FFFE800FC00000017
:107AC0000000BEBCAAA000000000FCFCFCFC207F63
:107AD000005F000000000000000000000000000047
:107AE0000000FA50AA0055553C00FF0CFF0C0000A6
:107AF0000000FFF000F00000FFFFAAAAA8001C1C75
:107B00001C1C53530000FFFFFF00FF00FFF43E006A
:107B1000FFFF3F30AFA05100FB00AA00787800B211
:107B2000FFB20F0F0000D0FF000000000000DF8A4E
:107B300000E8FFE80000DFD0000000FFE800C00020
:107B4000C040C3410000000000000000FCFCFCFC41
:107B5000005F005F000A000000000000000000005D
:107B600010141414BE14AA0055550F008003804150
:107B700000200301800200A100200321200005084D
:107B8000008484840805859000000410000808081B
:107B900083402020090183400241A1080440844021
:107BA000882084A1040400000200211000000000CD
:107BB00004A0000040C04001004008008400020012
:107BC0000400028284400000900902084010001066
:107BD0002000C000034003400210410002010400E5
:107BE00000020400040008000010110011000282CD
:107BF00002C00000004008800040000000A0000516
:107C00009010000002000084400002050000A00067
:107C1000000040A0A002100240809182400002803B
:107C200040804000032002000000A000900000C03F
:107C3000000090008200200000400080010003004E
:107C400000000500000004900000218400808900ED
:107C50000004A00041000280000000000000054078
:107C60000000008000090002000000000000000089
:107C7000000900010000080900400001002000C0C8
:107C80008000022000010010000004100010000815
:107C900020880000004000000008001000C0001014
:107CA0000000000000108410000008100000001008
:107CB0000000001000A040C0000000020090004042
:107CC0008441000004210000040200A19005000886
:107CD000C0020009000100000000000111020000C4
:107CE00084C080A00000800084000020000000000C
:107CF000002000400040001000400000004000084C
:107D000000201010001000080010901000100090CB
:107D1000002100110010009000210020002000210F
:107D200000104010002100000310004040104002ED
:107D3000402100000008001000100021001002087F
:107D400000A005C0001001C000204190000821885B
:107D5000008041A100900040001000100040909170
:107D600000000200041000020402041000210000C0
:107D700004100002410300000440028400A08200BD
:107D8000091009100002C08341090002A0040890F4
:107D90000020002003044000058500100040829070
:107DA000054100400084210800041041101000101B
:107DB00021902000000000C000841002101000007C
:107DC0000282000080210020002110021002001019
:107DD000C021008880841010048400410388404042
:107DE0000000008880400002002002000040009057
:107DF00000400090000440200010910541009005D3
:107E0000030200002005A00811080088080841822C
:107E1000C0000009A00200400100904020030210B1
:107E2000030400C0408082000810C00200A082004D
:107E300082000820820000000010102002020020B2
:107E40002008031010000488840210C00000C180C4
:107E500010001188000240200185100440400040BD
:107E60008480000000000288040000000000A000E0
:107E7000A0101008842088001010020004000440A4
:107E8000400010000090090110004088030000002D
:107E900000109010104003004100400202020884CC
:107EA00000820000024041004100410009A008009A
:107EB00008A021C009A01040000021404104200476
:107EC0000884100010000200104000004100100063
:107ED0000001080090092091000100010500080040
:107EE0002120000021001000104009001020202057
:107EF000000003004100020010A00000110011006A
:107F000001820108000900401020000884100200CE
:107F10000010401002100080000300100004C10097
:107F200010050400840501A10410040000030000F2
:107F3000C00040030041C0038403000000110000A2
:107F4000A0050005884188400002A0C04000401004
:107F50000010A002C0001188080820200808002195
:107F6000C0042009C000C000C0000080840904C013
:107F70000883000000400000080000000584040899
:107F80004120C11002044082218220004101008270
:107F9000000102000090410000A082880941008297
:107FA0000000020300000240080000C00584030036
:107FB0008802020005000000050200000000009099
:107FC00000C04100418241C0404010011141038482
:107FD00008022040A01010900488101140408082B8
:107FE00010400882210109000300002040100040D9
:107FF000081000044002008205040000411004043F
:10800000C100A0030421A08302104009C008404021
:1080100008000840910300050408002141110040B8
:108020009011080588C08800038002100002081122
:1080300000200202090800000000C04100100000FA
:1080400084218200000282000803020920080288BD
:1080500010002002A080020200030121000800009D
:1080600010001080C00000029000400000080021B5
:1080700040048421000800400004A008A00900007A
:108080002000C002000811000990080800898882B9
:1080900040400800110009201008052040841110FC
:1080A00040020884024000080202000000844000F0
:1080B000089100020884C000052020080308000081
:1080C00000000084000005C0210041840000000081
:1080D00002090004C0A0410002A100829009809022
:1080E00090A0104000100000028410004008000022
:1080F0008084000820204110A00411C0029009844F
:10810000058409020402C000A0030810000508400D
:1081100004000000A0400008840008100010830044
:108120000000A080840001800005000000050021FF
:108130001000080202000408030000419010822091
:1081400004090000C009840400038821A002000281
:10815000044100400000034000210040000011885D
:108160001004040083000000080410000011002126
:1081700000000200040000000004041004100009C4
:1081800082212041850541A1209083A1A1202121A8
:1081900000039008910204082140804000801021D3
:1081A00000000008000080804000000500800010F2
:1081B0002080000000008504410000000000000055
:1081C0000000000000000000000000000000058327
:1081D00021914102C14021A1A01082058310050216
:1081E0001011C1820205000883C10911008321001A
:1081F000098091004180004000A0910411200000FE
:1082000000000000000020081084C1C1C04011011E
:108210000101C00010008441C19100840204008269
:10822000418900A008A100A0848401C00088000248
:1082300000410120000410A0020101000000000024
:10824000000000000000000000000000000000002E
:108250001082C08400821090890404C1038920C167
:10826000C040A184844000C000830484000940C051
:1082700001104184082001400001040820C10000D1
:10828000000000000000000000020110C08284C154
:108290001101820308418340210020A091091101AE
:1082A0000882200110002020A0018820900410A046
:1082B000000020010284082008200201100005208F
:1082C00000000000000000000000000000000000AE
:1082D0000000090082824141C184A000C0C0044066
:1082E00088C0A0010500830088020401C002C00408
:1082F0008210410041C0A184A183890010C00111F6
:108300000041004000000000000020A010A0A020BC
:10831000A110A108214121419020C000A080210589
:10832000C010A184892100000083A1020005000083
:1083300020200040800203008303000080048000AE
:1083400020100000000000000000000000000000FD
:1083500000000000850008808221888200200483BC
:1083600084080589C003C1004108408800030080DB
:108370000080808085208203C08321850500828063
:10838000050802100000000000000000892083881A
:108390000802052141092005024090200388800041
:1083A00084080391802088100380000041000002AF
:1083B000A180808300A0800040C020008221009026
:1083C000418080000000000000000000000000006C
:1083D00000000000000041A100850085008510001C
:1083E0000010C08820100409000810A10320A180FB
:1083F00000008080050000000002030000910809D1
:108400000002890088880000000000000000830549
:1084100011A1C11182A0C001010001012001A040F1
:1084200008880482112004412089831008902100CB
:108430000000858402A090850484058500C0820424
:108440000010018440040000004000000000000013
:108450000000000000000000000890088884080563
:10846000012082C104A0A08900900483A08400851B
:10847000840402A0408410A000401088828800027A
:1084800083010400A0880202000000000000000038
:108490000940111084840940C020844111019008D2
:1084A0000141000100000188849020A0A120040463
:1084B00088902000828820402040C088C0008882A8
:1084C00090009010040008880000000000000000E8
:1084D000000000000000000000000301C085A001B2
:1084E000A0C01085C1854000C00802840385040037
:1084F000400089901084A100918809880991908496
:10850000A00005100021830102020000000000000D
:1085100000009080A040A18340C1898809A18408FF
:10852000100002101141201002008020A000C000A5
:1085300080804140800000000000000200008500B3
:108540000580204100008010410000000000000074
:108550000000000000000000000000000810088873
:1085600040210200808890108509800003C1854069
:108570000020800003800200C00040111011022181
:1085800040858400100402851040898000000000AE
:10859000000000000A50000BD0000A001182000BFE
:1085A000D000000000000000000000880050000023
:1085B000D000218800000000000000000000000042
:1085C000000000480000000B000021000000000037
:1085D000000000000000000000000000000000009B
:1085E000000B000081004100000B000000000600AD
:1085F000000BD0008100000000000000810000009E
:108600000000D00000504100000BD000000000002E
:108610000000000000000EAE5EFE7D7D0A5F83ABB1
:1086200097BF2D2D2D2D007D00FFEBAAAAAAF00FDC
:10863000F00FCCCCCCCC0000FFFFF0F00F0F3333A9
:1086400033333CC33CC33C3CC3C3333333330000FC
:10865000000000000000000000000000000000001A
:10866000305030F02D05AFAF05000500000FF5F5D7
:108670005500000000000000000000FF00000000A6
:108680000505F5F5AAAAAFAF7D0C7DCF3C3C0F0FD9
:10869000000000000000000004A454F428280A5F31
:1086A0000129153D00AA55FF003D00FFEBAAAAAA2B
:1086B000F00FF00FCCCCCCCCFFFF0000F0F00F0F90
:1086C000333333333CC33CC33C3CC3C33333333316
:1086D000000000000000000000000000000000009A
:1086E000000030503000AF05AFAF00000000000FB9
:1086F000050555000000BEBE0EBE03000FFF0000C2
:108700000000303F303F00000505410C41CF3C3CAC
:1087100000000000000000000000EB28FCFC3CF31F
:10872000FFAABEFABE50FDE9D741FFFF0C0C401472
:1087300092443CC33CC3333333333C3C3C3C3C3C31
:10874000C3C355AA55AA00FFFF0000FF00FF0000A9
:10875000FFFF00000000000000000000000000001B
:1087600000000000F3F3303028AA2828AAAAAAAAF9
:1087700000005000EB28EF2CFFEB00283030B03029
:108780000000000000000000F0BEF014FFAAB4B426
:10879000FF00A0A00000000000000000EB28C0C007
:1087A0003C3000AA14FA1450BCA89600FFFF0F0E2C
:1087B000001482283CC33CC333333333C3C3C3C325
:1087C0003C3CC3C355AA55AA00FFFF00FF00FF00B1
:1087D000FFFF00000000000000000000000000009B
:1087E000000000000000FFC33C0028A8282800006B
:1087F000F0F200000000EB28E320FEEA022A30300D
:1088000030300000000000000000F000F0005500D3
:10881000B4B4FF0030300000000000000000A0866B
:1088200000F401B30000A08600F401B3000000864C
:10883000006000B00080A286017400B40840028687
:10884000016000B408400286016000B4084002865E
:1088500001600094004000000000000000000000E3
:108860000000000000000000008600600090000092
:1088700000860CA001900080008602A0019000807C
:108880000586026000B000000086507000B00080D5
:10889000A0860090018000800000000010680000A9
:1088A0005555541443C343433C3C3C3C000000003A
:1088B00000000000FFFFFFFF5D5F5153000F00004D
:1088C00000000082FF00AA000000000014FF1FFF4C
:1088D0000000000034F714D7000000000000000082
:1088E000000000000000000000000000000002F294
:1088F0000FFFFFFF0F0FF030FFFFF0F0F0E80A0A64
:108900005F5FAAAA0A000050FFFF000000001E1EC1
:10891000BEBE3C3CF0F0000000FF00000000000084
:1089200000005555141443434343383030300000A1
:108930000000000000001C3C3C3C5D5C515000CF3E
:1089400000C000C00082FFFFAAAA0100000014FFBF
:108950001FFFC300C0C004C714D700000000000000
:1089600000000000000000000000000000000C00FB
:1089700000F00DFDFFFF000E7030FFFFF0B2F0AA17
:108980000A4B1E5FAAAA080000503C3C3CF0AAF02B
:1089900000FF00FF0000F0F05555555500000000A5
:1089A00000000000FF80FF000000550000000000F4
:1089B0000004F5F5FFFFFF7F1F1F1FFFF5F57D2862
:1089C000004180C100CF00CF000000000000000C7B
:1089D000FAAAAAAA0000FFFF550F3CFF0000000002
:1089E0000000000000000000000000000000800007
:1089F0001000173C17FFB2B2000000000FD7FAFCBE
:108A0000FA0C30FFFFFFAFA0AFA00F5F1414AA0055
:108A1000AA28003CFF3CF5A0F5A0050505050000CF
:108A2000000000000000FF00FF00000055000000F3
:108A300000000000F5F5FFFF3C3C141414FFA0A05B
:108A40007D283E7FBEFF0000CFCF00082000000041
:108A500000AA000000000000FFFF550F3C000000CE
:108A60000000000000000000000000000000000006
:108A700000000000170017C3FF00000000000F14E3
:108A80000AFC0A0C3000FF00AFACAFAF0F5F14144C
:108A9000AA00AA20000FFF0F550055003C3C3C3CAB
:108AA00000000000000000000000000000000000C6
:108AB00000000000000000000000000000000000B6
:108AC00000000000000000000000000000000000A6
:108AD0000000000000000000000000000000000096
:108AE0000000000000000000000000000000000086
:108AF0000000000000000000000000000000000076
:108B00000000000000000000000000000000000065
:108B10000000000000000000000000000000000055
:108B2000000000000000000000000009001000101C
:108B300002010000000040002000000120000008A9
:108B40001002000810400010000008000000820021
:108B5000020010C040900008020041100240820252
:108B60002000020000A002100210000004A0041067
:108B70001100102104000490008804020900401034
:108B80000000040005002100400021018441210073
:108B90000200000000090400000011A011000440C0
:108BA00011042010910004002100804120C0000029
:108BB00000000104000002098400000800020041D6
:108BC00020A00500208801800200000002000000B3
:108BD000090001000100000002820102200500A13D
:108BE00003090000830000000102890000C00000AA
:108BF0000102040005A0040000008200888000003B
:108C0000044000008200200000000000844003A017
:108C100000000000000000408200A00000000000F2
:108C20000080A000008040000020020004A000009E
:108C3000080200210420000000001000004000880D
:108C400005A0001000200004000080210002C010D8
:108C50000810008200A00040000000000320809166
:108C6000C008804080880540000104820840000060
:108C70000008040800C00021004100C002000002FA
:108C8000800309900010009000008002000108009D
:108C9000840300000008000040400000400800007D
:108CA000000200000000804100000000000082413E
:108CB00000000891008801030041001001100080AD
:108CC000001000100003000040C09003024000109C
:108CD0000200A01000090810008000100010001011
:108CE000100802901088100000A04002014100A16D
:108CF0000040A0200108400000A000400210911098
:108D0000209020020010202100000420028000405A
:108D1000021003C000410041000000890010002043
:108D2000A021820000100008028800000041040019
:108D300003A0208400000840041000088204800082
:108D4000000211100002100880A0008221400041A2
:108D5000211000C082112182028480A100A00002A3
:108D6000820105099008020041088040004040103F
:108D7000C0840000C08202200984024000100990D3
:108D800000400011008400020002100800C0001022
:108D90000240200002100010000800000000004007
:108DA00000100902008400080000000508112100DD
:108DB000008800418502000040C1100904002180A4
:108DC000401002048440000301411003100200100F
:108DD00010C00000002003088803C11010088200A2
:108DE0000000034000820280911100821080008008
:108DF00008000205000040000180000003800080A0
:108E0000020008C1C040844102100000091008009F
:108E100000110088A00911001005009000208802B0
:108E2000900300200808C0080210900000848440CD
:108E30004000000020C08000100021008882200037
:108E4000101003090408100300A01088020002C0DB
:108E500005000201084000050304000082A01085FF
:108E600000004001900980851120820041A0020885
:108E700010C040858408000008018001400002887D
:108E80001088820100001002040102839020052155
:108E900010000004800041040200024010101088FD
:108EA00010C0000805011000411000000001100072
:108EB0000800000809008241400000000200040888
:108EC00008020191884000102102000009052000DD
:108ED000850008110140009002C0A08020210300FD
:108EE0008508C02111400240100804100310000240
:108EF000C1108900000811A10000044002200004F4
:108F000085090800030220008291A1044008042082
:108F100020A00200200002001005C1000200A000F5
:108F2000C00800009000A008081000900000022077
:108F3000900084000209A00803C0008405011010FD
:108F400010A0038310400202A08402100384A12118
:108F5000414000101082A08402080000090008C1EE
:108F60000041211000840840021000C000040241AA
:108F70001040410010000290004100000802410131
:108F8000414010A04101000040004000100200C01C
:108F9000000020A041820088100321020509400042
:108FA0000040218500008000028403880082401078
:108FB00000100040108409840810904120410804EA
:108FC000000800008440842002021004A110002147
:108FD00010880089C00800021121C188C0119000CA
:108FE000004004C000000000A005010000000008CF
:108FF00001C0008000000000000000C000000080F0
:1090000000020080010010028400A0031000000094
:109010000005880000000000080208402080004091
:1090200088000080004000110211080008020811A9
:109030000840000000A000000004080002C0090071
:109040002004049000001000038210081082218286
:1090500020408308208202A10009A140100441841D
:10906000408403821008908402C00008418400C13B
:1090700002410240114002080000212082840000C9
:1090800040822020101020850510000020080208D2
:109090008408A0839000800302000090110200A0C9
:1090A00008410290414011A0021080002101048477
:1090B0001088000008C000402100081002C00841CC
:1090C000C041C141C10004000003001000090011AB
:1090D00000080880200911090140400402A1A08075
:1090E00088000000840000900305A100C0009010DB
:1090F000004005C0A185888500000800828003002B
:10910000000001100000A120200800000020024003
:1091100001100508042004020420890300008800CF
:10912000202100C0000088008840100040009040CE
:1091300001020041000088400080000000000100A2
:1091400010C010C0109009880509000241404190EC
:10915000000280100420041000200410834103202A
:1091600005054185004020C089052185850203C091
:1091700009119105A0110900C10080108089059195
:1091800020200000028391C18285044140829088A2
:109190000305108884830020044041080005004036
:1091A000401100840880C0000200108009000800FF
:1091B0008000200008081108402020410321A11050
:1091C000020803C020090285101000100009049055
:1091D000001100040491008403910020C00083006A
:1091E000409101000983908400098401C1838505B1
:1091F000010801884089408490C082201001A004A9
:1092000040A100050000890910090340C00200A127
:1092100003850041010940058404210300108810E2
:1092200010820121000288404102010200C0A0908A
:109230000084029091880001040189010301010862
:10924000A009001100104000020882418440211052
:10925000000821038489911190912105C0094010D3
:109260000882401111859101C0890210A1201000CF
:10927000A010910984100941A084A100A121A0019E
:109280009088A00820A100000400030040A008C0AE
:1092900002008801C088830582200884912020086C
:1092A0000810A084A110032090004000A0009000AE
:1092B0000200A000880004C0A100028289A18200EF
:1092C0004100890304898400820884050241200347
:1092D00090C01182880340C1048809080585A12037
:1092E00020A109101190C183901188022008100458
:1092F0000904400004418341A02008808505410500
:10930000884108004091090500001011C10090003B
:1093100084A004000241C011842002410900209071
:109320008483859020000820100000000000800049
:1093300000092108210021002180851102008510EB
:109340009105400002C12141A10504800080410037
:10935000050508100088090820908900000820C031
:10936000030811080490C1820010208900A021A0E8
:10937000A1118002809180A088020010050580055F
:109380000041102000048508C085008005200005EC
:1093900000A0C00910000010A0020303090441113D
:1093A000A1408810100080000080000000840004AC
:1093B0002120000300040040804100040880004197
:1093C00041000810039080880321102182100002C0
:1093D0009002891103040002A0099082211020A1AB
:1093E000C1108305C00101038485C001050200107E
:1093F00001100520081010094011089100C18510C6
:1094000010C1001100C0A082110241030080201190
:1094100004419008912101C000C109A10105008308
:1094200085082089900301020802908420000084AE
:1094300082C1C001008900000401040010018240C3
:109440000010008201052040C0A108A0C10289C10E
:109450001120A00041A010888905408803C0410365
:109460002121820108208984900383C18921C111AF
:1094700002A105892120C10811059000A0048520C2
:10948000C1C184010508850002010201412000805C
:1094900008010221C0000808C00483110201000273
:1094A0001041209020000282A0001101C000032082
:1094B00000880000000000C0402004010800404077
:1094C00082A14121100011000090012001000088BC
:1094D00040A1C0830804910091C008044083A1000A
:1094E000080905C11005210010C0034005052041F1
:1094F00090A02088048488800891048589210980AF
:1095000088101140840588808303880582100480B8
:109510000080001080418005008008891020914162
:10952000008883A18409A111848008111041401191
:109530009080000800000000000000090004802066
:109540000000891190850809900221051021022050
:1095500040008181000BD00000008241000BD00050
:1095600000840060000BD000008800820000D00062
:10957000428400810000D000000000820000D00082
:10958000008400000000000000601100000B0000DB
:10959000000000000600000B0000000000000000BA
:1095A000000000880660000BD00000820000000070
:1095B000000000000000000B000000000000000B95
:1095C000000000000660000BD00000000000000B4F
:1095D000C1004100001010000000FFFF000010005B
:1095E000C3F303334343034300FFF0FF00000000D5
:1095F0006630660066666666F000200000000000C7
:109600003C003E02000080000F3CFF66CFCF7E4250
:109610000000FF000000000000003C3C0F0F0006AF
:109620000000F9F6FF00FC0CFC0C0C000D00FF4ED6
:10963000C34E000000000000000066FF0F3C000069
:1096400000000F0F0F0FCF0CCF0C0606FFFF00001E
:10965000000000000000000000009999FFFF0000DA
:109660000000C3F303334343434300FFF0FF0020F4
:109670000000003000006C60666600002000000002
:10968000008000000202000000000F3C00660C0C8D
:109690007E420000FFFC0000000000003C3C3C66F5
:1096A00000060000090666006F6F60600C00040091
:1096B0003C4E004E000000000000000066000F3C21
:1096C000000000000F270F667E7E42420606000063
:1096D000000000000000000000000000000000008A
:1096E000000000000000000000000000000000007A
:1096F000000000000000000000000000000000006A
:109700000000000000000000000000000000000059
:109710000000000000000000000000000000000049
:109720000000000000000000000000000000000039
:109730000000000000000000000000000000000029
:109740000000000000000000000000000000000019
:109750000000000804006011080000010000000281
:109760000000000E0F0E00020000F0F0FCFEF0FD05
:10977000000000F0FFF00000C08160606060427295
:1097800066663636663C46667666000000FF30F355
:1097900030F3C0C3C042006E666E00003CF066FF4E
:1097A000FCFF66FF0000FFFF272403003CFFF0667C
:1097B000CF89C381C0C00000909C90900000000041
:1097C000000000000000000008000C00F630F63F2A
:1097D00000FF00FF000000000000CFF800000008BC
:1097E0000000000000080F0800000000F0F0FFFE7D
:1097F000F0FC0000003CFF3C0000000000003C00CA
:10980000666666663636663C46664666000000FF5B
:1098100020E338FBC000C0420000666E00003CF050
:1098200066000C00660000C081C0272703033C00CF
:10983000F066FF99FF9900C30000000C00000000D3
:1098400000000000000000000000000004000630DE
:10985000063F30306060000000000000FE1CA08663
:1098600052F401B80485A1865074A1300005A08689
:1098700000F4A0B80005A0865074A0B00005A08632
:109880005074A0B800000186007400B00085008606
:10989000006000B80080058600E001B00080000094
:1098A00000860AA00198008000860C6000B9008044
:1098B00000AE0A94018800000186026000B00080BA
:1098C0000086004000B90000008600E000B0008083
:1098D000000600F401A00005008600600893000067
:1098E000A0AA0CAA00003C3C00008380000F1414C6
:1098F000AA8282B2081CCBDFA0ACA0A000A000A06E
:10990000C282C3824000000000000028FFFF000068
:109910007D7F282AFFFFFFFFBC80FF000F000FFFA5
:1099200000003C3C3C3C0F0F0F0FF0F0F0F03FFF0D
:10993000FFFF7F2F75250CCF0CCFFFFF0000F775C1
:10994000F7750000000000000000B2FFB2C3000085
:1099500000003C00F0AA30300000000000000EFEC5
:109960000CFCAAAAAAAA00003C3E00008080000FBE
:109970000000AAAAAAAA081CCBDF000C0000000065
:109980000000C382C38200000000000000A00200AB
:1099900000007D75282000001000FF00FF000F412F
:1099A0000F7D0000FE3EFF3F7FFF0FFFF0F0FF0046
:1099B00017D755557A2A702041417D7DFF1F000B36
:1099C00004450445000000001010D0D0B23CB200A5
:1099D000000000003C00F0AA505F505F0000000053
:1099E00004F40CFC00000000FF00AAAA0F0C000009
:1099F000D7FFFFFFFCFDF0F008080800F0F0F0F0E2
:109A000000000000FF0F0FFF282A282ABEBEFF011A
:109A10003C0FFF553F30FAFAF000F0000000000064
:109A200003D73FD7000000000000000015BF3CFF37
:109A30003F3F10000010F5F5A0A08397ABBFFFF5E6
:109A4000FFFD3C55FF0FAAAAAFA0FF3C0F55000039
:109A5000000000000020000000003F3F0CFCFFFF62
:109A60003CA03C55FF0FF030F000F0F0C3C30F00F6
:109A7000000000002800FEFFF0F0000800000000D9
:109A8000000000800000FF0F0FFF282A28AABEBE9A
:109A900000003C0F00553F300A0A7000F000004003
:109AA000004003143F140000FEEAAAAA000001AB24
:109AB0003C00303000000000BE14BE140115293DEA
:109AC000000500013C55000F3C3C3C3C003C0F5560
:109AD00020000000FFFFFFFF0000000030300CFC02
:109AE00000003CA03C55000F00A000A08210801098
:109AF0000490821000000304041010002111900152
:109B0000A185041102A004108211A00480018441E7
:109B100084A04000820021C10400040000A01104C0
:109B20000402110503080409000020010400824119
:109B3000040004004000848440008400400002418E
:109B400004001102820000A02000040204848402A8
:109B500004C021010200824041000400040384018A
:109B600003400508040011C00490000088000200B2
:109B7000100090000200020000800000030040047A
:109B80001140024000408500001041404182100811
:109B900003A0020000000300000200000100000812
:109BA0000480820004840000008400C0020240009F
:109BB00005C0000282000100040001000200010251
:109BC00091C002000080030000000041008084007A
:109BD00002800000824000000380000008000002B4
:109BE00002409000840290008400000000040820DD
:109BF0000090000000A000000010A1040010080365
:109C000008408041000100100000080000400811D9
:109C100088898004008205088041001040040020EB
:109C20000004040000002008000004A1000000025D
:109C300000208009400100C00008002000C080080A
:109C400080C0000000A00003418440020001000227
:109C500000020000000000002001801100820000CE
:109C60009120040902090000000000900200009009
:109C70000008004100080010081000202088001093
:109C800000880088104000400008C01100000090CB
:109C90000040024004900010002102C08880009023
:109CA000040804A1050000050111000001040000E2
:109CB0000090000802C02140001000112000200880
:109CC000401002059010041100C00008C19004402B
:109CD00090900080882090100010204002400010DA
:109CE000901040800120A182040088000010012112
:109CF000108405082110C01109100408000203C0D7
:109D0000411190408084A1002090021108908502AA
:109D10008240824080408211052003820541000874
:109D200020030000A0002010001000040010C00854
:109D30000000000000829021002004910310000820
:109D400011100084400000410089004000A000A0E4
:109D50000202080200004102000205000001080999
:109D600011400000020121000201001080200000CB
:109D7000894088108809C04002200421840584405D
:109D800088218804419004044000840883089011CD
:109D9000024103C103A10280210400210010848834
:109DA0008400090482102110C120C00820804000D6
:109DB00021210000820900201188C0000440A00079
:109DC0008810A0908241010200C010024089000268
:109DD0001011A085A040A000108090A00805204090
:109DE00001C020088440A040C0000104844120C07C
:109DF00000022010410100000001000002101111BA
:109E00001109100000200002009000001000100056
:109E100021000210A0018010104082210204108352
:109E200004A10290800011200484020004000400B8
:109E30001000040000001002210282910000400284
:109E40004104050008001190100082411001080033
:109E5000000208000000080011001010200010008F
:109E60001040028320A00401410141091000218813
:109E70001004034005058840881000020800000017
:109E8000000804401021908504100010100082206A
:109E900083008800001002400241118003880341C2
:109EA0000202004084102011008801080000011106
:109EB0000103842001100000002100C105080000FA
:109EC000C108C0008405C0058211101103C0004004
:109ED00000001080022182108308000000000400AE
:109EE0000011880011409000092004021040100960
:109EF00082000821C000002041104102400490105F
:109F000000C0040808820084000804A00208C0847D
:109F1000008400A04084410882408800204020093D
:109F200002040284104010854002024102044120D4
:109F300000C04008039000400000008400000811A9
:109F4000008441841001001040A009010000C08578
:109F50000001000003004100410211000500000063
:109F60000800090009000400050004000400218421
:109F7000881020204000848208040010081004107B
:109F80000210400211080009844190020100010002
:109F9000020902000009004040214185200402908E
:109FA000084003020904838404400000A02000400C
:109FB00084828203848440200808000040008800D6
:109FC0000408A0000400024004211111080202202C
:109FD00041400240100004210002900800210020AE
:109FE00010000400080800059040021141200941BA
:109FF0008210040201910002030000000084100896
:10A000000210840000840008000002000284108214
:10A01000908402840910002002A0084040010290B0
:10A020001008024000C0418202840200028210C077
:10A030004020400040A0001002A0050800000040A1
:10A040004020C10800108088091140014120000013
:10A0500011A002411090020020200900000005001C
:10A060000002089041000882000002001000210058
:10A070000800040085821101A010A000C100004169
:10A08000849088090240000020101000C1000000E8
:10A09000A10502108509C0000009000800000102A6
:10A0A000A100091001C18809C00808410100820807
:10A0B00000210089000003000000880004880000DF
:10A0C00000C1880010A0200840038402C0200203C1
:10A0D000C0000002A1C010100000881100000000A4
:10A0E000820000800000000000000200000020004C
:10A0F0000000100001000200A00420002100204008
:10A100008040A14011A01082000288080910804000
:10A11000000805038411200800218021030000119C
:10A120004103C0900200080591A080850985004187
:10A1300082890504C1114108899184092010021106
:10A14000000080A1801140910889008041008009B1
:10A1500010800003020502000080000303A14100FB
:10A16000008000030000002080004080000000000C
:10A170001080001011030002000840042004214157
:10A1800041402088418984030010C00108008200FA
:10A190008800000008000800080100210488002051
:10A1A0000040A082218401C001A0400208020010EA
:10A1B00000000408840120C0C182842005084011E9
:10A1C000A0200000020940840084000800080090DC
:10A1D00002910110021101A001C0A0C00083A0C122
:10A1E00001080040000100000001400003820088D7
:10A1F000000201080000200010000000050011000E
:10A200004101010141918520890184C021C0C00024
:10A21000900288C010A00290094110C1820008017C
:10A2200088A008000901880020088408C0000521D2
:10A230000300840002011082041005081000C1A070
:10A240004091C009000041000283A1010200040006
:10A25000A0000800C1100800080040A08508020006
:10A26000020208A0050140000300C0008300A00016
:10A270000800C10085080110009020A0400820902F
:10A28000088490408800110990004102C0801009A4
:10A290009100118008C00883910010A11182000074
:10A2A0000020000080001003200011009100110028
:10A2B0001003020082050410888002111080A003A0
:10A2C00082A1080809200000910000902105412189
:10A2D0000041200080008380800380008000838014
:10A2E00080008500800083058000C000000083009E
:10A2F0008920C1000200C08040C021028040C1917D
:10A30000040004000905104141040004000841094B
:10A31000030008000000048090032110058909054E
:10A3200083000000000003800203809108020803FC
:10A3300008098008000500884102004009880821BA
:10A340000302C1048082210200000000088584808D
:10A350000408000000002000000300000000048545
:10A360000003008080800090008300000002000055
:10A370000003009080C1802080851180418004000E
:10A3800008800904088400908411900020900841FE
:10A390000488001000880010C1A004C0001101054D
:10A3A0009089A10440840208000201204011A121EB
:10A3B0002121000210A100C00009018908A090A17C
:10A3C000094101A08505088420110000A0C0880271
:10A3D0000584219182000000040000010004820233
:10A3E0008240000500022020C0850011000000000E
:10A3F0000000000100C082C0840504410008000480
:10A4000000001040000201080040201011019110CE
:10A410004001210002410290848240829089918310
:10A420002001100940200004000000C008100401B1
:10A430009008402082850884048410820885844026
:10A44000A12083820810C090A00185200000010097
:10A4500000010000010282014000A00088904140FC
:10A460000400A001104041002000A000A020010035
:10A4700000000040002002A08400900088A0C08955
:10A480000284C000208800000105000100C02009EE
:10A490004003054020008083800400410080038841
:10A4A00004080004A00980840000000000800080EF
:10A4B000004100A1008085C105102090418083C02B
:10A4C00002892041110040088241020488000000F6
:10A4D0000221114109092080800200000000008053
:10A4E0008390000003400080830080000000000093
:10A4F00003054100008000808004001080040000FB
:10A500000903080041202000044020200920040005
:10A510000041000BD00000000060000BD000216063
:10A520008241000BD0000000000000000000060087
:10A530000000000BD00041000600000B00008182EB
:10A540004188000BD0000A000660000BD0004100DB
:10A5500000000000000B000082000600000B00005D
:10A5600000000000000000000000000000000000EB
:10A5700000000000000000000000000000000000DB
:10A5800082002100000BD00041000060000BD000D1
:10A590000000FF7FFF3F0C00CF0000000000000024
:10A5A000000000FF00FF00FF00FF000000000000AF
:10A5B000000000000000140010FF0C000C00000060
:10A5C0000020A300A3FFC2FE407C000005F50000B0
:10A5D00017170000F0FFACAC0F0FFFFF00000000EA
:10A5E0000000FFFF00000F0F000000FF0000FFFF52
:10A5F000000000FF000000FF00000F0F000000003F
:10A60000554555450DCD3DFD0000000000000003FF
:10A6100041414D41FF7FFFFF0CFFCFFF00000000D5
:10A620000000000000FF417D00CF30FF000000006F
:10A630000000000000000000000000FF0C0C0C00F7
:10A6400000000020A3A3A3A3FAFA505000000CFCC2
:10A65000000000FF0000000FACAC0F0F0F0F000058
:10A6600000000000000000000F0F000000FF0000CD
:10A670000000000000FF000000FF00000F0F0000BE
:10A6800000005541557D01C131F1000000005555D4
:10A690005555414141414B4B0055B4FFFFFF007000
:10A6A00033EAFFFFBFFF3F0F3FAFEBAAF0F000829E
:10A6B00000000000000082000000FFFCFFAC0C0C5A
:10A6C0000C3CFF3CC3000000FFFFAF0F050FFFFF76
:10A6D0000F05FF0DFF0D0000FEEAD6C2AAAAAAAA26
:10A6E000F0F0F0F0F0F00000FF000000FFFF0000CD
:10A6F000FF000000F0F00000F0F000000F0FFFFF7F
:10A7000000000000FA3AFA3AAF3FAF30FFFFFCFC1E
:10A7100050003C3CC3C3E3C34B4BAAFF14000000F2
:10A72000C32540F200000000300030A04100F0F0EE
:10A73000000000000000000000000000005C000CB1
:10A7400000000000B2B2B2B200002F28EBC341C338
:10A75000FFFF0F04FF0DFF0C0000FEEAD6C2FFFF53
:10A76000C300F0F0F0F0F0F00000FF000000000087
:10A770000000FF000000F0F00000F0F000000F0FFC
:10A78000FFFF00000000FF3FF030A03FA0300000BE
:10A79000FCFC00003C3C00002000A18600F400B856
:10A7A0000000008600F400B00000008602F401B052
:10A7B00000800086006000B0000000860060009904
:10A7C000008000820C6001B00080008602B401802D
:10A7D00000000086029401980000000000860C60D2
:10A7E00000A80080008601E001E4494002C7016042
:10A7F00000B4494002C7016000B4494002C701608B
:10A8000000B441400086006000B0000000860CF0FB
:10A8100001B00085008600F400B000002ACA2A0AB0
:10A820000000000048428940FFFFFFFF00020000D7
:10A83000FF0055000000FFFF00005030FF00FF0048
:10A8400034F714D73C00300055555555EBEB28280C
:10A85000003CFF3CF0AA3CFF0002FDFF00000000AE
:10A86000000000000000BEBEF5A000000000FFBE1A
:10A87000FFFE800000000000C0000000FFFF00009D
:10A88000000000000000F0F000B030F03FFFFCEBF3
:10A89000C0EB3F3FFFFF000000008080DFDFAAAA7F
:10A8A000AAAA0000005013188208FFFFFFBF000093
:10A8B00000003F0015000000FFFF00000000FF80C7
:10A8C000FF0004C714D73C00300055553F55EFE357
:10A8D0002C201C3CBC3CF0AA3C0000A25DFF000008
:10A8E00000000000001000001414F5A0000000009B
:10A8F00000140004800000000000C00000AA80AA2C
:10A900000000000000000000F0F0000030F03FFF09
:10A91000FC28C0283F3F0000000000008000DFFF4F
:10A92000815D10DC000300C300000000FFF1FFFCAC
:10A930000000000000000000200000003C3E3CBE83
:10A9400000FF00FF0000008000000A00FFFFFFFF83
:10A950003F3F30300505AFAFFCEBFC282D2D2D2DF2
:10A960000000FFC33E02173F3F3FCFCFCFFF000F96
:10A97000F0FFF0F5F0A000FF15FF7C403C0005055E
:10A980000CFC000000005F5F287D55FFFCFC00E030
:10A9900000A000000000FFFF5555000000004D3CE6
:10A9A0004DFF30FFC43C0003000300000000000125
:10A9B00000000000000000210000000000003C3CFE
:10A9C0003CBC00AA00A80000008000000A007F7DB7
:10A9D000FFFF3F3F3A3A0445AEEFC0EBC0280055B9
:10A9E000AAFF0000FFC33F0317030303FFCFFFFFCE
:10A9F0005C5C5C5CF0F1F0B0000015153C003C00C4
:10AA000005050CFC000000000A0A287D55FFF0F047
:10AA100000E000E00000000000FF555500000000CD
:10AA20004D004DC303A00910A1000409800182401C
:10AA300008A091C0901100089000000211011000C0
:10AA400004418220110000030304900810090083D0
:10AA500003A00401210120019100110004009001D4
:10AA60008240000200000000200020008290C141CE
:10AA7000A0C1A121821120112100040004002100A5
:10AA800004820289820120902110218440002090BC
:10AA9000804104C00000202004002100040002A026
:10AAA00004009108052000004041020000400240DF
:10AAB00011A1021010001108008011100080000484
:10AAC000010004C011008241040800A111800108A6
:10AAD0002040900303408240000410000000044125
:10AAE00005020280008000C000000000000040005D
:10AAF00002C00240024003400202000020030000A6
:10AB0000000000000540034088000200040000002F
:10AB100008000490080090050400000040040000B4
:10AB2000044000400405200000C020000000008414
:10AB300000A00010002000000000001021100010F4
:10AB40000000001100418000008200020010084156
:10AB500000000000000000000020001080010084C0
:10AB6000000000C1804100200000000880000000BB
:10AB7000000840A0800280108010001000008002B9
:10AB800000010008000000A000108010000002007A
:10AB900002082000008291902000000200000000C6
:10ABA00000002100910000000002040001000041AB
:10ABB0000010000000200408042100100002C0085A
:10ABC00008110020A00282841000402000A1002172
:10ABD0000482200020109008001020200008100897
:10ABE00000080021040802C004000000000040200A
:10ABF000A00804100110401040214020A0080002CD
:10AC000040880040042000102000200240089020CE
:10AC100021110108A01004100410A002201000113E
:10AC20000400100000000408000000100888030859
:10AC300003084008118989002002044004104008DC
:10AC400080010208118490400084000800081082EE
:10AC500010401008C00810A1400210000084051028
:10AC600090842085411011401184800800008540A7
:10AC7000910803A003830040020102820441000402
:10AC8000404005400541100202014190200200C0F1
:10AC900000000002111188840500208508090800C1
:10ACA0001184108440820908049040880000000844
:10ACB000000384108490004002218803202110109A
:10ACC0008421100801400008109008100011002194
:10ACD00085000041032102101102419088001010EC
:10ACE0000811100501400041C08300050208000062
:10ACF00040214010A040024010800040110383C05A
:10AD000000840104000084A0108082020000008002
:10AD1000082010401000A0100511900020401140A4
:10AD2000C000A01002112002A01000101005102178
:10AD3000000003000000020010200210410802C0C1
:10AD4000400810A01010108800024100410041008E
:10AD5000100191020340900110011001A0000200B7
:10AD60004100210000000200900000004101C100EC
:10AD700000002000000010004010404100101000B2
:10AD8000104010100201008840030500200002005E
:10AD900002002004000200000000410041821082F5
:10ADA00041A10410030800904000040002000200CA
:10ADB000102000410002A0000000C080052100809A
:10ADC00005080100200085100000100000000000B0
:10ADD00088000004401002804120A10400042000EB
:10ADE000042084080000001089000400C000104006
:10ADF00010050000C04100080005000311C0000854
:10AE00000010088300021102402001C00011000060
:10AE10000008010001800080820302002000000081
:10AE2000C00000202120020810000200C100000024
:10AE300000000288000203100220004000200805E4
:10AE4000208200400000A0100204A010210021C1B7
:10AE50000210020400400308A18403C0A10200A064
:10AE600010400000004002080809C1004008090025
:10AE7000028205100000108403080010008841853C
:10AE800000C110A10440200200000388044010A06B
:10AE9000000041A084A00004000005100900090082
:10AEA000200420200482412040000021A020002115
:10AEB000A0009000C12000858402104100054008D8
:10AEC0000240A00520100003110503890321001092
:10AED000040811000341004000A00208000910000E
:10AEE0000821848520404008C141A040020385829A
:10AEF0008410890040410000880000119041C00387
:10AF00000040884010028985858000008400098007
:10AF1000C00588008400402000C00000A000100090
:10AF200010204021C080A14090800102042004A193
:10AF3000908240404000408409100340910041103D
:10AF400009C0028211204000200009100808108268
:10AF500000100302218410409182C109C1840520A0
:10AF60000308210011A08509108220840008A01088
:10AF7000020808088000000200000088A0C00990B4
:10AF80002004219000009141098802000000020283
:10AF9000100021000000A100008480C00200008495
:10AFA000008540014000400040004000212040203A
:10AFB00040082100052002200984000000900200C2
:10AFC000082000410100A000014001000008A091FC
:10AFD000A11000004080000000800409102004033C
:10AFE00040000080021010050404010000050880E4
:10AFF0000400000000000205000500001010020817
:10B00000000000000041000002C004020100001026
:10B010004002880900000000400084002000010078
:10B020008400000221202110C1022100890000803B
:10B03000118801000009048000C10820034080033A
:10B04000201100032009858909211089090088023F
:10B05000410520400308404102881005001080414E
:10B060009140210408851082C020080211918909AD
:10B0700090A0100902031004C0400340000080109B
:10B08000800010080021008380000280000000037F
:10B0900041C1058041800003802140002100000063
:10B0A0000040020000000003001040000000000308
:10B0B000091041000000000304000200008090001D
:10B0C0008800000000000120418400910110A000D0
:10B0D0002000010101000140108900C18991000098
:10B0E00010010801000020054084408301400083D6
:10B0F0000289C00900900101000020000100000049
:10B100000401C00001000000022104A001040002AB
:10B110000041000840C000082001080001000000B4
:10B120000200880001000000880100010500000005
:10B130000283A005118200C0C083A00411C00004D6
:10B14000A0011100A040098201000000010000A040
:10B15000C000A0209100820009008200A1888583A0
:10B16000C00400A0A191000020034040090182908A
:10B170000300212004018421020902209089030890
:10B18000000088008208821009040001000000000D
:10B190008520080120000000910288000000820044
:10B1A0008500A00088004000C11000208500041028
:10B1B0008310C000C10082A009C10400020008A0E1
:10B1C00005C0850204029100C02140410811100011
:10B1D00040412100408302114002402111200840DB
:10B1E0008520418008A14004080804A0108505417D
:10B1F000A110A021C1800005A109A189908008416A
:10B2000003800000000400200008832100400300A8
:10B21000000083008008800000000300000041005F
:10B220000000830000000000A1000300008508006A
:10B2300080808380000288000000834000040000BA
:10B24000850083801102008508898811408800A04C
:10B2500000880408050800044103114120410091C1
:10B26000000983000882211109884083419100A0D0
:10B27000090005020009A0041182A1042000400970
:10B28000050840890000088000000080831020002D
:10B2900080A0200000030080808002800003000066
:10B2A0000000000000030000008008408083008050
:10B2B0001000009080830000000000100083050053
:10B2C000800584000003000000C1010483200141C7
:10B2D000A00440050002A09100080082008801023D
:10B2E00008C190094020000901110185C010082003
:10B2F00000020882000900088290830204C0000056
:10B300000183010309040000000800400084024199
:10B310000004C008A010A02100020420C084002165
:10B320000008008800C0000300C000C001C0200564
:10B3300000040040000910830002C00482C1001113
:10B34000008208C0A0C0C089C08890C182001008D7
:10B3500002000401A000100001100084000101009F
:10B36000848991A003002183014000410103000072
:10B370009190891140008810902082404100A0885F
:10B38000110088051001C09000000201A0082100F2
:10B39000C0888501020000000200C1418910C00080
:10B3A0002040010000000000008882892110080070
:10B3B0000820830089001000008805090900820028
:10B3C000A0044101A0000400A0C0800500080010F6
:10B3D0000080000080030008000010820889000837
:10B3E0000800C1900520821190850900008808029C
:10B3F00021004189204009201100108008C0400927
:10B40000000090050510A021A1000000051009030F
:10B410002100A100830203000000000003880480D3
:10B4200000208000030000000300000080C08400B2
:10B4300000000080830488000000000003A0880052
:10B440000000000083200300800000000084000052
:10B45000D00000480000000B000041000060000028
:10B46000D000000000410000D00041600A50000BF5
:10B47000D00000000641000BD00000000660000B69
:10B48000D00082000660000BD000004100000000E8
:10B490000000000000000000000B000000002184FC
:10B4A000000BD0000000000000000000000000843D
:10B4B0000000D00000000600000B000000000600A5
:10B4C000000B000000001200000B00000000000054
:10B4D0000000DBDB60F900000000DB00FF00000083
:10B4E000002400FF007F8F0E0F0FFF00FF00FFFF03
:10B4F00040403C3C3C3C00000000D0D0F9F966667E
:10B50000F6060CFF6CFFFEFE7EFE0FFF0FFF000035
:10B510004EC34EFFFFFF0000FF0000000F0F0000B2
:10B52000FF000000FFFF00000F0F0000FFFF000002
:10B53000000000FFFF000000FF000000FF0000000F
:10B54000FF000000FF000000FF0000000F0F0000E0
:10B5500000000000DBDB60F900000000DF00FF00FE
:10B5600000000000000F000F8F0E0F0FEF08EF0814
:10B57000BFBF00003C0F3C3CFF00FF2C90907B7B4A
:10B58000000000000C006C00989818980FFF0F66E0
:10B5900000004E004E3CFFFF0000FF0000000F0FB8
:10B5A0000000FF000000000000000F0F000000007E
:10B5B0000000000000FFFF000000FF000000FF008F
:10B5C0000000FF000000FF000000FF0000000F0F60
:10B5D000000000000000000000000000000000006B
:10B5E000000000000000000000000000000000005B
:10B5F000000000000000000000000000000000004B
:10B60000000000000000000000000000000000003A
:10B61000000000000000000000000000000000002A
:10B62000000000000000000000000000000000001A
:10B63000000000000000000000000000000000000A
:10B6400000000000000000000000000000000000FA
:10B65000000000008410010CFFFF02FFFDFFFFFF50
:10B66000FFFFFFFF08000800666600FF34F730F3B5
:10B670006666003C0C0CFCFC663F66300000010076
:10B68000FFFFFFFF00F708FF7878F0F00000303090
:10B690006F6F0CFC0000FFFFE4E400006666000032
:10B6A000FFFF0000F0F0000000FF0000FFFF0000BF
:10B6B00000FFFFFF0F0F00FF00FF000000FF000072
:10B6C00000FF0000F0F0000000FF0000F0F00000BC
:10B6D000FFFFFFFFFF00C23A420DFFFFFFFFFCFF2D
:10B6E000FFFF2000300000000000F0F03C3C04C7E9
:10B6F00000C36666F03C6C0C6C0C66306630000073
:10B700000000FCFE3C7E00F708FFF0F0F0F0008047
:10B71000303060600CFC00003C3CE4E400006666F5
:10B72000000000000000F0F0000000FF000000003A
:10B73000000000FFFFFF0F0F00FF00FF000000FFF1
:10B74000000000FF0000F0F0000000FF0000F0F03B
:10B7500000000000FFFFFF000086507400B80000EA
:10B760000086024000B00000A0865274A0B8000518
:10B770000086007400B00080008602F401B00480EE
:10B78000A18650F4A3B00085008600F401B8000043
:10B79000008604E401B800A0000000860C6000B43C
:10B7A000484002C7016000944940A2C701FC03B4AD
:10B7B000494002C7016000B441401086017400B4E2
:10B7C000494002C701E001B4494002C70180018439
:10B7D000494002C70180018441403C1C3C2C0000D0
:10B7E00050F0FDFCFCFCAAAA00C0000000001010F4
:10B7F00010D0303A30302800280000000000FFFF51
:10B80000FFFFBABA00B0101400140E0E0404014178
:10B81000FFFFAAAA0000FAAAAAAA0000FF00AAAA8B
:10B8200000FF05AF00000041FFFFFFFF3C3C2C285C
:10B8300020752A7F00000000000000003C00FFF09F
:10B840000040FF7FAA00FAFA033F14145D08550078
:10B850000008C3CB1F0F10003C003C503C383C3C60
:10B8600000005050F8FCFCFCAAAA000000000000F8
:10B8700000000000000A0000A800280000000000EE
:10B880002AFFFFFFBABA0000000400140F000F00E7
:10B8900000000000AAAA0003FAAAAAAA00003C3CE1
:10B8A000F0F03C3C3C3CFFFFFFFF55555D5F3C3CEE
:10B8B0007C7D20752A7F00000000800000003C0095
:10B8C00000F040407F7FAA005050033F1414550001
:10B8D00055000000C3C30F0F00003C003C000000F7
:10B8E0000000000000007C3C3C3C00000000000028
:10B8F0000000000FFFFFBC80FF00C3FFC5C50000B4
:10B9000000003CFF3CFF00FF00FFC3FF1717F0F0F3
:10B91000AAAAD757000000000000000000000000A5
:10B92000000000005555555500000000FFFF0000C5
:10B93000B0F1B0F13C3C5F5F000000007D7D00FF96
:10B940000000000000FF00FF00000000FF55000F96
:10B950000A0A0A0A0008FF088E8282820F0F00413D
:10B9600000000000050515053C3C3C3C00000000C3
:10B97000000000000000FF3FFF00FF00003C050545
:10B98000000000003CFF3CFF00C000C3003C171754
:10B99000FF003C3CD75700000000000040000000C2
:10B9A000000000000000F300FFFF000000010000A5
:10B9B0000000F0F0B0F13C3C5050000000007D7DF4
:10B9C00000FF0000000080DF82D70000000000556B
:10B9D000000F3A0A0A0A0000FF00828282820F0FDB
:10B9E000000004100008030810200400201002903A
:10B9F00084100400000202A000C1049000000410A2
:10BA000004001111000004A000000400854020087B
:10BA10002110110002002000020011082000040182
:10BA200004900000219000109100A00904104184AE
:10BA300004001110410000082000000089002100CE
:10BA400011A0400020000310000000400401040485
:10BA500020042004204000000411110004002000F4
:10BA60002000119100219000000001000040010021
:10BA7000C1030200000090000200880400004000A2
:10BA800010000000A020000000030000000040A003
:10BA90000080C0008200000504080100A011010020
:10BAA0000004200000C00400000002002002A0806A
:10BAB00000039000000084040009044120000400F9
:10BAC000900000000000040084028800840000044C
:10BAD00082000080408090830000008400410003C9
:10BAE0002011040000088000000000200010000069
:10BAF0000020808900002004000800040010C00815
:10BB000000400000200000010082002000A1000091
:10BB100000080000000000080010808400100001F0
:10BB2000200400000000000000080000004080A089
:10BB3000000000100000002000A0000000820000B3
:10BB40000001008200000000000100000000000071
:10BB500000000000000400010000000083A080023B
:10BB600000010000040080081008000000100441DB
:10BB7000001000100802000001900005009000086D
:10BB80004180000000100010002000000090002004
:10BB900002210021001004100021000020102010BC
:10BBA000A00401A10010001000000021200040901E
:10BBB000200000200000001000028410000200118C
:10BBC000000200200000200890080020000820103B
:10BBD000200090009020C0909040001000200400B1
:10BBE0002080901020080000041000C0050905A066
:10BBF0000801000803059002A10084048408C1051F
:10BC0000410409200000094000008000110091213A
:10BC100004000310022004820202210405101020F7
:10BC20000010041004080900098800000410000036
:10BC300010000000028411C00020000021A00200BA
:10BC400009000284410200030082020200854100D3
:10BC5000030100A0400005012140050009C02000AB
:10BC600041000010881011004100032000110088DD
:10BC70000210C04000C184C004900402208820004B
:10BC80002084009090100008820040020410C00838
:10BC900004A01100082002004020022100828240FE
:10BCA00082080003C0030021840008000000100582
:10BCB00000080000000801080003000884001000CC
:10BCC0000110020000000080009084210380002009
:10BCD0004000A00284030005820400C00041A000CF
:10BCE0000900A010000302000810A00000801084CA
:10BCF00041000808408480001120C0012001200478
:10BD0000200005002000000010004100412010012B
:10BD10002184040000000482000009A00240800485
:10BD200020044182800410000082A00088400000AE
:10BD300005820000200009040401050103A0100091
:10BD40004103050000200001040440040305A00095
:10BD50001104410421001000410004000900408842
:10BD60001000419090A0410202004100020888109A
:10BD7000010500210080840410200000410401041A
:10BD800005C105020021010000210000840500100A
:10BD900040200000010800200041000004000000D5
:10BDA00020C10180002102800041000220102010EB
:10BDB0000000001100200000A0C08402A0020000CA
:10BDC0004041C0C000110020A002019000910082FB
:10BDD000202100000000100808008800A0001008C2
:10BDE00000000000000004000089000000040000C2
:10BDF0000420C1104100820300840500000800C037
:10BE0000080441A0210408081040000000C00540BB
:10BE100020084141412041010820002010A005A038
:10BE2000104090400002104002A0050040000001B8
:10BE30000320000080C000A000012040008210000C
:10BE40000040808400080040024090C090C0100074
:10BE50000082210821004000090040840004000005
:10BE60000000100421018020900400000884108448
:10BE700080040002020810211140820882119008FB
:10BE8000C005A080000840C008418880000800105C
:10BE900000418802002040000020C0034091A0081B
:10BEA000104105080800C0080891A109A0038203F9
:10BEB000C040C08800001000A00090080980080061
:10BEC00000080080021108000080089104000400AE
:10BED00000100000001000200100400001038890C5
:10BEE0004010001100A0A0042000208004102000B9
:10BEF00084000282900041848900808410C0000088
:10BF00000810200421A000A00090089000100084D8
:10BF10008805000800210908008484002084008826
:10BF2000042000200020021000040904001020A0BA
:10BF300009000008111000000482208204000200A1
:10BF40004188098480C0410100888800040200887B
:10BF500000C00000100010004000C1000040830835
:10BF6000A100400400040310020008000240200168
:10BF700004004100008410000000020002000010D4
:10BF80000000001021900010000900000000004097
:10BF90008800020800000020C00000050400000521
:10BFA00000000088008900900000048004902002B6
:10BFB000010000000000000000000000000000037D
:10BFC000090400000000401000020000400000834F
:10BFD0000040000000000000000001410221048038
:10BFE000020020000083008900000000000004041B
:10BFF000400200000021040000008085828421832B
:10C000000020408991899188091102410909C040A5
:10C0100041100941401080081110889000900508D7
:10C0200010110904000200400200110983110903E4
:10C03000A020031000200008414100000240A00998
:10C040001003404100030080050000800003000051
:10C05000800909800083A100410000000083901046
:10C06000080000000302032141400441008300084E
:10C0700009098005880300C082200088020911C1D7
:10C0800001040002008320899041010201000301A4
:10C090000201010001010001C00000018841A085EA
:10C0A0000083012000000000100100008800C10092
:10C0B0008300880000010000200100000000010151
:10C0C000410001000101008982840020000800A1D4
:10C0D000008802080010008904000900000000899F
:10C0E0008401A00000000101A00001010000008304
:10C0F00008A10188880011040409A0100008850027
:10C10000100185840000C091C0C0038505A1880886
:10C11000A0900820890000110088012000218800DB
:10C1200084418800084100A10000014001C1900045
:10C130001110C09082009100A00220014000000078
:10C140000200A002042002000400880002A0834034
:10C15000C00010080200A100000000000000010063
:10C160008200C100100805C1110002C02004820035
:10C170004000000888108400A10020C00101830055
:10C18000C000804085A003090003008010110989C8
:10C1900004801100A1A1890004400900091009834D
:10C1A000A00285418820408300404000218003098F
:10C1B0000300C1808911A0031000A080202141410B
:10C1C00000008000000003888000090400000000D7
:10C1D00083000800808000000300000000020000CF
:10C1E0000302000088008000839140002180858543
:10C1F000C10400000085800980408500820005029E
:10C20000A041098000408508031002200888898920
:10C210008041030200200910000811000400000002
:10C220000003088800918310098500404105000241
:10C230000040020200112083099003100020000238
:10C2400083030000209000112182A00400808080E0
:10C2500089841083800000000000000300000000BB
:10C2600005844083000000001090808303A000A19B
:10C27000088584C1A080008011008300050380210F
:10C28000851091000008008285030103011100025E
:10C29000890982050001009101C188910000000018
:10C2A0000000400183080002A1090288000100018A
:10C2B0000000A0014105008400842040000100002E
:10C2C000000108000000000900C001408520009026
:10C2D0000402A008200302008800000004010400FA
:10C2E00000A0004001830082001000A10411019110
:10C2F000002001A02004831084109088914000A0A9
:10C30000020220A190904084840011001120038437
:10C3100085880901A00001110101010100A00200AE
:10C320004188410190004021050111000502900063
:10C3300000010801400001820010000100200140BE
:10C3400000C0000100020000000001010000010027
:10C350008211020082008490410004000200000269
:10C360000104008400000000830011001000001090
:10C370000004000300000000008801020000010228
:10C3800000100041010101089183402008111000B4
:10C3900003831091C04009000909410310050300FF
:10C3A00002008591C04121009103044088038880E8
:10C3B0000000000880040000028404110321200012
:10C3C0001005200408080380000020202008030036
:10C3D0002000009000000000110083208000000079
:10C3E00000000300000000040200830988008000B0
:10C3F000008005A0210441044100008040000900A4
:10C400002000210811880821080000000000000019
:10C4100000880A50000BD000118800810000D00075
:10C4200042000600000B000000420600000B000066
:10C430000A420A50000BD00000000A50000BD00046
:10C4400082000660000BD0000000000000840000A5
:10C45000D000000000000000000000000000000B01
:10C46000000000000660000BD00000000A00000B76
:10C470000000000000840000D00042004188000B52
:10C48000D00021608100000BD000000000000004FB
:10C49000000000F07D55FFFF0FFF00FF00005F551B
:10C4A0001E3C1E1E0082555500005555008100247B
:10C4B0004001100400000000FFFFFFFF00AA00A2DF
:10C4C0000000F0E00A0A0A0200000000000000304C
:10C4D0001010040455553C3C3C3C000000FF00009B
:10C4E000FFFF0000FFFF00003C3C000000FF0000D9
:10C4F00000FF000000FF0000000000000000AF820D
:10C50000AF82000000000F0F3C3C414D414D000048
:10C510000004000000F07C50F5F50FDF00D78082AA
:10C52000DFD7143C1414008204040000AAAA81007E
:10C5300024008002200800000000C1FF00FF00AAC4
:10C5400000AA0000F0F00A0A0A0A00FF00FB00003F
:10C5500000001010040404553C3C3C3C000000FF6B
:10C56000000000000000000000003C3C000000FF54
:10C57000000000FF000000FF0F0F0F0B3C3C3C3899
:10C580000582058200000000555500FF414D414DD8
:10C590003C3CFF7F00C382C3FF00FFF000AA00AA5B
:10C5A000FF303030FF0A00000000000022110000C0
:10C5B0002211000024008100FFF0FFFFFFFF0000B8
:10C5C00000DF00004500550040C0C0C00000DFFF94
:10C5D00000000A0A0000FF55FF55AAAA00003C3CD3
:10C5E0000000F0F000003C3C0000AAAA0000FFFFA1
:10C5F0000000FF0000000F0FFFFF405050500000F0
:10C6000000000E0EFF0000000000FFAA3CF0FF003B
:10C61000B0B000000000C3C3C3C33C00FCF0FFFF88
:10C6200000AAFF000000FF3E0034000000030000ED
:10C6300022110000221100240081FFF0FFFFFAFA0E
:10C64000050000FF000055005500C0C0C0C000003C
:10C650000000000008000800FF55FF55AAAA0000CE
:10C660003C3C0000F0F000003C3C0000AAAA0000A6
:10C6700000000000FF0000000F0FFFFF505050505F
:10C680001C3C3C3C0404FF000000000000AA3CF0FD
:10C69000FF0010100086006000B0000008860064F3
:10C6A00001B000000086006400B00000008600E0D9
:10C6B00001B509000086004001801000008600E4FA
:10C6C00001B00010008600F401B00000008600F404
:10C6D00001B0040000000086026C08B0000502C62C
:10C6E000016000B4494002C701E000B44940A2C75C
:10C6F00051D4A1B4494502C701C001B441400086EC
:10C70000007400B00000A0862C74A1A00005008673
:10C7100002F0A1900000FFFCFF00343C303C000020
:10C72000000000007D7D00000000FFFFFFFF208271
:10C7300000C3000000000000000100005F55FFFF83
:10C74000000000000000000000000CFF1CFF0000C3
:10C750000000000000000000000000000F5F3F7FAD
:10C76000F5B4A0A0EB28E828000000F000000000CD
:10C7700000000000F0FF5F5F0F000F0F003EFF3E64
:10C78000000000003C3C053C000000000300575541
:10C790000000000000100000FFFCFF00000000008F
:10C7A0005500554000007DFD0000000000FF05FF22
:10C7B000008200C300000000000000008082DFD77C
:10C7C000FEFE000000000000000000000C0C1C1C1D
:10C7D00000000000000000000000000000000F0F3B
:10C7E0003F3FF5A0A0A0C300C000000000F0000083
:10C7F000000000000000F0FF50500000F0F0003C8E
:10C80000FF3C000000003C3C3C3C000000000A00F3
:10C810005F550000000000000000FFFFFCF028282A
:10C820002828FFFFFCFCFFFFFFFF00000000FFFFC8
:10C83000FFFF0000000000000000F3F0C3000CFF49
:10C840000CFF00000000000000000000000008FFD6
:10C8500004040000000001001500000000000000BA
:10C8600000000000FCAC5C0CF00017D7FA3C503C18
:10C87000CFCF417D0000FFFF000000000000FFFF60
:10C880005555300000000000F0FF0C0CAA00FFF02E
:10C89000008255D7F1F0B0F0F5F50C0CFCF0FCF08F
:10C8A000282A282AFFFCFCFC3CFFFCFF00000000BB
:10C8B000F7F5F5F50000000000000000F0F00000C2
:10C8C0000C5D0C0C000000000000000000000000E7
:10C8D000080804040000000000001400000000002C
:10C8E0000000000C0000FC0CFC0CFF0014D7FA3C0C
:10C8F000503C0C0C417D0000FFFF000000000000D8
:10C90000FFFF5555F3C300000000000F0C0CAA00F8
:10C9100000F0008255D7F1F1B0B005050C0C030012
:10C920000000021002004100200811084110200000
:10C930000082048404C0000000A004A0A001409074
:10C9400011001100040004901000110040A011908B
:10C9500040000400040820900090040010900000A3
:10C9600004101100040000000488200011082010A9
:10C97000210004C02000410000001100041021200B
:10C9800040004100040000000420040020001100C9
:10C99000000004082082000011A0200003004000D5
:10C9A000000000002000000000000000040500104E
:10C9B00000000000C00000000010820000002020E5
:10C9C0000000C000A00000000000200004000000E3
:10C9D00000000003000020000000000000004100F3
:10C9E00000C0200000000000040000110000000052
:10C9F00000008200A0040009000000000000009078
:10CA000000804000000000000000900000000000D6
:10CA1000A00000008200A0000000200000210021F2
:10CA200020000000100000000008000000000000CE
:10CA30000000000000820000000000000000000074
:10CA400000000000000800000000000000100000CE
:10CA500000C00000001000000000002000100000D6
:10CA6000800800000000000200000000000000003C
:10CA700000000000000000000000000000000000B6
:10CA8000800080100000000000000000000200C0D4
:10CA90000000008200000000000000000000001004
:10CAA0000000800000210002000800110010002199
:10CAB00000110005001100080010001000110020F6
:10CAC00000110021000000080041002100100000BA
:10CAD00000210010000000000010001000100020D5
:10CAE00000082008000000000002000000110010F3
:10CAF00000210021000802080010001000100010A2
:10CB000000080421208000020041021100000010F2
:10CB100000030002001000000003001000100010CD
:10CB20000011002110004082040008000810098450
:10CB30002182004000C041A00000040800A0008441
:10CB400041840088901005A000841000090800A00E
:10CB500003842110400811084140090021A0000869
:10CB600041840010002000000008008409C010006B
:10CB700000000310001005C000820002008200A027
:10CB8000000021100011110121100584050004008E
:10CB9000000010000484040800A000A0050011009B
:10CBA0000000000005909001002100000003080033
:10CBB0009000880000000005400088050000000586
:10CBC00000411041A0411040C000040800210002B3
:10CBD0000240024088101000100000218805000962
:10CBE0000002C0210200C0C100008205C000A005F3
:10CBF0000009C000000900001000C0008200C00051
:10CC0000C00910008402C004000810001011C00008
:10CC1000C000900010091000000010009000841166
:10CC2000000088410000104120100900001003009E
:10CC300040080000410000001100100010004100F9
:10CC40000000000041002000410010000900000029
:10CC500000000200100020822000110009000000E6
:10CC600000004100200040002108000011000300E6
:10CC700002000200000005004004412021002002C3
:10CC80000500210405000000000010002020000025
:10CC90002000050020000000020000004100030009
:10CCA0000400100000001090000004029009001120
:10CCB000000800410041000000050000000082095A
:10CCC0000041000000090000000500034000880248
:10CCD000202188040005000000040000001100036A
:10CCE000884000008402C000200000020000000311
:10CCF0000003A0000000040920112000A020001162
:10CD00000002C000C0080000A000200820040402A7
:10CD100010090809000020000000024110119000D5
:10CD20000000882084000000821102004100000001
:10CD30000000000010000002400005080000000094
:10CD40000000009000C000A00010001080820002CF
:10CD5000000210000410000040C00000000000109D
:10CD60000000000000C000A0410041080085000054
:10CD700004000000080200000008008221000000FA
:10CD80000000008410A04082000003080000004062
:10CD90000808000000000800000004002100100046
:10CDA000000021A0100000C000A000000808000042
:10CDB0000000001008400811C021A02082100009C6
:10CDC0000008A01100000408884000210440080267
:10CDD0009002881140029009000000098400900030
:10CDE00000000211880902110000000088211010C3
:10CDF000000084008400001010004009C00384007B
:10CE0000A0008841A003A011000200000000000063
:10CE10000080022000000011000900110000000045
:10CE20000040C000A011C0020011C0110005C040A8
:10CE30000000008400C00884004011820900110035
:10CE40000000004000000010001002100040000030
:10CE50000084000800101020000011A000C0001085
:10CE6000000820C000100010101002102008000060
:10CE700000A00000411010100908108405001000E7
:10CE800010000200100041100010101000002000DF
:10CE90000382408400840000000000402100100054
:10CEA00003002010200000000510001005100008ED
:10CEB0002000041000000002000000080000000034
:10CEC0004020000000004009024100000011000065
:10CED0009021000000094010000900000200C00875
:10CEE00090080000000000000000000000000000AA
:10CEF0000000020000000000000020000400040008
:10CF0000000000030403C000400000008440004013
:10CF10000004A00000218820C0008800000000005C
:10CF20000000000082000200840482009005820854
:10CF300000000005100280000000000000008000DA
:10CF400011000080001000001000000300410000EC
:10CF50000000008000008000000000000000800051
:10CF6000100000000010000000000003000300009B
:10CF700000000000000000008000000000000080B1
:10CF800080001000008080088080000000030803FB
:10CF9000000003000000000080000000000000000E
:10CFA0008000110000800010000000000003000855
:10CFB00000000000008000008200000000820040AD
:10CFC0008200000000C0040100A0890000010001EF
:10CFD00000000000001000008200000000820090AD
:10CFE0008200010000C0100100A0820000010000CA
:10CFF00000000000004000000000820000000082ED
:10D000000002820001000010C00182080800000137
:10D010000100000001000088000082000000008282
:10D0200000908200000000C0880100A0C000000144
:10D03000000000000000000200000000C00000002E
:10D0400000000000890000004000C100C001000194
:10D05000200000000000000100040000400000006B
:10D060000000000089000000C000C10004010004AD
:10D070009000000000000001000400000000820099
:10D08000008800000000890000008400A102030164
:10D0900000009000010000000001010200000400F7
:10D0A000000000000000890000000200C1004100F3
:10D0B000000490000000000000000090000000004C
:10D0C00000000000000004000000000010008320A9
:10D0D000002000212000000000031180000000005B
:10D0E00000000000000004000000800010008341E8
:10D0F00000C000202000000000214040000000008F
:10D100000000000000000000040000000000088093
:10D11000C120000000411000000000084100000094
:10D1200080000000000000000400000080001000EB
:10D13000824000A00000200000000020030000004A
:10D1400000000000000000000000000041880021F5
:10D15000000000000000000000000080000000004F
:10D160000000000000000000000000000308004074
:10D1700000000000000000000000000000000000AF
:10D180000000000000000000000000000800100087
:10D19000004000008000000000000000008000004F
:10D1A00000000000000000000000000000800321DB
:10D1B00000210000000000000000000000800000CE
:10D1C0000000000000000000000000000008010254
:10D1D000000000000000000000000000001000003F
:10D1E0000000000000000000000000000008000235
:10D1F00000000000000000000000000000400000EF
:10D20000000000000000000000000000000000C05E
:10D21000010800000000200000000000000000C025
:10D2200000000000000000000000000000000020DE
:10D2300000200000000000000000000000000002CC
:10D2400000000000000000A100000000002090008D
:10D250000000008201000010000000200084000097
:10D2600000C00000010000890000000000009000E4
:10D27000000000830100001000000000000000001A
:10D2800000A000000000018800C100000000012093
:10D29000C10000000000000000080000000000883D
:10D2A000000002A100040100008300000000000053
:10D2B0009000000000820100000200000000000059
:10D2C00000000088000002000020000000004080F4
:10D2D0001100000000C00800008000000080000075
:10D2E0000000008000001000000800000000400066
:10D2F000110000000088080000800000000000000D
:10D300000000000000000000080000C10000000054
:10D310000280900000000021410000000000000099
:10D320000000000000400080040000020000000037
:10D33000210011000000008508000000000000002E
:10D3400000000000000000000000000012000000CB
:10D350000000000012008148000BD0001200000005
:10D36000000000000041000000000000120000006A
:10D370000000000012008148000BD00012000000E5
:10D38000000000000000000000000000000012008B
:10D3900000000000000012001148000BD000120035
:10D3A00000000000000081000000000000001200EA
:10D3B00000000000000012008148000BD0001200A5
:10D3C000000000000000000000000000000000005D
:10D3D000000000000000000000000000000000004D
:10D3E000000000000000000000000000000000003D
:10D3F000000000000000000000000000000000002D
:10D40000000000000000000000000000000000001C
:10D41000000000000000000000000000000000000C
:10D4200000000000000000000000000000000000FC
:10D4300000000000000000000000000000000000EC
:10D4400000000000000000000000000000000000DC
:10D4500000000000000000000000000000000000CC
:10D4600000000000000000000000000000000000BC
:10D4700000000000000000000000000000000000AC
:10D48000000000000000000000000000000000009C
:10D49000000000000000000000000000000000008C
:10D4A000000000000000000000000000000000007C
:10D4B000000000000000000000000000000000006C
:10D4C0000000000000000000000000000EDE000070
:10D4D000000000000000000000000000000000004C
:10D4E000000000000000000000007B700EDE000065
:10D4F000000000000000000000000000000000002C
:10D50000000000000000000000007B7000000EDE44
:10D51000000000000000000000000000000000000B
:10D520000000000000000000000000007B700EDE24
:10D5300000000000000000000000000000000000EB
:10D540000000000000000000000000007B70066387
:10D55000C002000000000000408C07000000000036
:10D56000000030020000000000004003C6600663B7
:10D57000C002000000000000408C07000000000016
:10D58000000030020000000000004003C660000000
:10D590008664C002000000000000408C070000000C
:10D5A000000000003002000000000000400326617F
:10D5B0000663C002000000000000408C070000006D
:10D5C0000000000030020000000000004003C660C0
:10D5D0000010100203000400114000C004001140BC
:10D5E0000400000000082008800000C00000004087
:10D5F0000090800004000400040110A00408C00290
:10D6000004820000000111080000004021002010E9
:10D610000000000800042100040020200400040091
:10D62000040004000000A000000000100000400002
:10D6300000A01100000000000400030021002000F1
:10D640002001041002022100020400A000040400D2
:10D65000210100000180820200000080040000001F
:10D6600000800000000000202111020000000000E6
:10D670000080000020044011000000080110008517
:10D6800041800000000000204000200500830000D1
:10D69000000000C0A000A000A0000000008000006A
:10D6A00000000000000000000200900000000000E8
:10D6B00000000000000082000000000004044000A0
:10D6C00000040420008001800000C190A0000080C0
:10D6D000000020020008000000000082000000405E
:10D6E00000A00002000000C00000000400000001D3
:10D6F00000000082000000000000000000000000A8
:10D700000040400000000000000080000001000216
:10D710000000000000000200000080000083800084
:10D720000000800000000001000000000000000078
:10D730000000000000000000000000900000000059
:10D7400000010000000000000000000000000009CF
:10D7500000000001002000910000002100200021B5
:10D7600000800000001090000000000200910010F6
:10D77000004000000021000800000021000000001F
:10D780000002009001214000001000101011001054
:10D790000000001000000000010000000800002050
:10D7A000042100080410001000020041001104418F
:10D7B0000000002100100010000000000408A0007C
:10D7C000000000400011C00800100000000000022E
:10D7D00000840000000400A141A08000218210A06C
:10D7E000020810820085024000000308000841087A
:10D7F0000940050809820082000100091041000863
:10D800004100101011C0C01000090001210804845B
:10D810002100001080A0000800000004000480081F
:10D820000082009080048004040003100000A10026
:10D83000111000C0000000001084000021C0090089
:10D840000400100000C000848010040000012101C9
:10D8500000410000830890900008001110000010A3
:10D86000050001A1C100884001800000C0008210B5
:10D870000040008000050010000300040004048440
:10D88000002100100100A010110000200020001055
:10D89000851000000008200000000080008000804B
:10D8A00008008405100004800480C1000000880086
:10D8B000200300408803002100410000C000000058
:10D8C0008400010000001005004108000110004024
:10D8D00010100040820010001010008010000300A3
:10D8E000020002008000900002008000200003007F
:10D8F000410010000200100020001000890080008C
:10D900009000C10100000200000000008000400003
:10D910000020040020002000090004000000200076
:10D920000904080420018000840004008400110020
:10D930000000000000010500400011000000090087
:10D9400004000200000005000000100000000000BC
:10D95000400120002000208800000000400000203E
:10D96000000201200100100841080103020000002C
:10D97000000290020021010001000000002020119F
:10D980002000200920040000010004000000040021
:10D99000010000A001008300012000000000000041
:10D9A000010500801190000420002100830021095E
:10D9B0000011C000880000400000A000000000002E
:10D9C00082000040000000000200C00200001000C1
:10D9D00000000004400000002000000420040011AA
:10D9E0000008100000080040004009100500100069
:10D9F0000000008402C0418400C0008200A0040036
:10DA00000000000810C00008009000A000A000C0A6
:10DA100008820402418410A000000084210103C098
:10DA2000000000900900100420824101C11005008F
:10DA3000040020000000210000000000090005088B
:10DA40000500000008A00308110810C041004100B3
:10DA5000100000030204A100054100001000004076
:10DA60004011008801000000048000000005001043
:10DA700010100003001001038410000000000400D7
:10DA8000000500000021C00884100000C000C04054
:10DA90001005001001809005040300000000004004
:10DAA000840000000000000000880100C020040085
:10DAB00000008405010000000000C0030000000019
:10DAC0000400C00000000100001000090000A010C8
:10DAD0000003A0108482018004100082000801105D
:10DAE00000000104110800022108000000400000AD
:10DAF0000000028400040900118400A1000000005D
:10DB00000084400220841102008880080000000880
:10DB100000A0A1C0000204A0042004000000002016
:10DB20000384200200000082028210A040A0200096
:10DB3000418282A0009010202000212020010000BE
:10DB4000000210840010040421C0030000821000B1
:10DB500041020000400004880001042000C11100BF
:10DB60002000020040900400000800880408000023
:10DB700000100000010000000000A0000040004173
:10DB80000008004100020100100000000200200413
:10DB90000000002104000400012004050405000029
:10DBA0000000820001000000000001008404C000A9
:10DBB0000000001020118809C1002140A000882029
:10DBC000A00040000000000000000000820088006B
:10DBD000004000050021A100890000020100A0040E
:10DBE000204100008821010080110440030300400F
:10DBF0000085A1C000050041880000000800090060
:10DC000009108041400220030208800221101010F8
:10DC10002103004100040500008000004080110045
:10DC20002010A1211110211000000083050980207F
:10DC300000008003000910890080090000410000F5
:10DC40000000A10308030021410200000500C000FC
:10DC5000000008118408210808408583080982050E
:10DC600003000003000340210310840001000100B1
:10DC700000000009828400050005200084000100E6
:10DC8000010000830490019000900101080101014E
:10DC900001010001000088000000000890900420AD
:10DCA0000040000110000801000100000083019104
:10DCB0000891002082832021030400040100000059
:10DCC00002000000880001001000000000000000B9
:10DCD000C1000000C001840001000100898302A18D
:10DCE000C083010008014000890000019000A000ED
:10DCF000C101A100C1012082210085840100000032
:10DD00000100910009018504A18220000500218203
:10DD1000030503000200A0200800408811009000C5
:10DD2000210241408201089089A183C100000000C6
:10DD3000010000000189200084002020050202204B
:10DD40009108414004010190018500C100010000DB
:10DD50000000000000000800A100044004C0C10051
:10DD60008208A08883830000004001000001400079
:10DD70001100050841002040A1800500908040006E
:10DD800008000500090085039000058084008200DA
:10DD9000880090108809880000001041A08991082F
:10DDA000400090000800400321001083908500008F
:10DDB00000084100000003090820000000898311C9
:10DDC00091002002891141030800200320892003CB
:10DDD0000000000000000000C041021105804084E6
:10DDE0004002408080C08385400040040209110346
:10DDF0000383000500880000200880088008900840
:10DE000000820002089000031102002003A1851087
:10DE10000988004108884088050800050010821123
:10DE20000088000009800008088800210010A190E7
:10DE300000000000000209208003000080820989A0
:10DE400000830000080005400003902140210341A9
:10DE500009100000008000808080021000024090C5
:10DE600010C1114080218483119008200090020588
:10DE7000A1C0011000410003004001890408A089ED
:10DE80000389000400410009008800C120020185C7
:10DE90002121001000C1001140110001000100000B
:10DEA00020010011828240200040010900C00009C9
:10DEB0002011000000000001830182010020C0C188
:10DEC00091040205A00000040001900182010000FD
:10DED000010089010000000200A0888200C100A1A9
:10DEE000000901890089C0C09010C14182900011D1
:10DEF000009090110020000101010020A1002000ED
:10DF000003010000000000080001000889019000E2
:10DF10009001040201020111010101A0A14021832D
:10DF20004001030282019000200040400100A00453
:10DF3000A101910000000320C082A101C00003895B
:10DF400021A00400020200000103010100410004BD
:10DF500000890101000000000000000000008200B4
:10DF6000C040A084A108040904850401900001A018
:10DF700000010101000003A1004008020080080820
:10DF800088400810050000000011004100800805CD
:10DF900011030010A0000200418808211000108524
:10DFA0000585030291000002004080110000084036
:10DFB00021A0102110000000098000802020000016
:10DFC0008390040980008080114140091020119144
:10DFD00002800284414010000000000000000000A8
:10DFE0008809081111898580C111A011C140020062
:10DFF000200010042020080000000000000023C4BE
:10E00000000000000000230000600000D0000000BD
:10E0100000000000000023C400810000D0000000C8
:10E020000660000BD00082004100000B00000000E1
:10E030000660000BD004428400000660000BD00094
:10E0400041500660000BD00021000660000BD0009C
:10E0500000420600000B000012420600000B000008
:10E0600000001100000B000000002184000BD00014
:10E0700000600660000BD000008400000909FFFC6E
:10E08000FFFC00000000000000C000000000F600DF
:10E09000F6F63C000000FFFFDFDF00000000101874
:10E0A000181827FF27C3FFF0363600000000FFFFD7
:10E0B000FFFF9199999900000000000000000F0FE8
:10E0C000F000FFFF0066FFFFF000FFFFFD9DF494EE
:10E0D000669900000408201004200240000000009F
:10E0E000000000003C0F0000BFB62F26BCBC3CBCAB
:10E0F0000000F6066F7E097EFC3CF0000000090976
:10E10000FFFCFFFC00000300000000C00000000056
:10E11000CFCF000000000000FFFFDF7FFBFF00000B
:10E1200018181818273C27000F003636000000008A
:10E13000FFFF3C3C000000006266666600000000D5
:10E140000F0FF000FFFF0066FFFFF000FFFF6D0DF7
:10E1500064046699000002014080081001800000FC
:10E160000000000000003C0F0000B9B029202C2C5A
:10E170003C2C3030F6066F1809183C3C00000000BB
:10E18000000000000000000000000000000000008F
:10E19000000000000000000000000000000000007F
:10E1A000000000000000000000000000000000006F
:10E1B000000000000000000000000000000000005F
:10E1C000000000000000000000000000000000004F
:10E1D000000000000000000000000000000000003F
:10E1E000000000000000000000000000000000002F
:10E1F000000000000000000000000000000000001F
:10E20000FFC3FF003F3F3F3F0030FFFFFCD0FC90CB
:10E21000000000000000F3F3FFFFFFFF00009393F6
:10E22000FF00DF004242420206000F00183CDBFF05
:10E2300000000000000000000000998900000000BC
:10E240000000FFFFF000FFFF0F0FFFFFF000FFFFD8
:10E25000424200FF000000410028A00000A0001181
:10E260000022000000000000000030F63FF6427E71
:10E27000F3F36666F0F0E7E7FCFC0080FF7F3CF01C
:10E28000FF66FCCFFF00000000260020FFFFD0D07B
:10E29000D090000000006000F3937CFFFFFF0000BF
:10E2A000F0FF00000000424242420F00060000243E
:10E2B000C3E70000000001000000000099996666B5
:10E2C00066460000FFFFF000FFFF0000FFFFF000C8
:10E2D000FFFF424200FF000041002800050000054A
:10E2E00011002200000000000000000030063F0680
:10E2F000427E3030F0F000FF2424C0C00000000057
:10E300003CF000660086006000B00080008600607F
:10E3100000B000800086006400B00000008600604D
:10E3200000B000000086007400B0000000860AF40F
:10E3300001B000050086008001880080000600F41E
:10E3400001B000000000C0C6C0F431B04903C0C72E
:10E35000C09431804303A08E54F4A1B50900008617
:10E3600000E001B01000008600E00190000000868F
:10E370000C6003980000000404D401A80010A086DB
:10E380005AE40190040500000000040000000000B1
:10E39000000033C0F3C000000000000040500080C7
:10E3A00000002FAF0FAF000000000000000430306D
:10E3B00030000000000000008AAA30303020000049
:10E3C0000000C1C1010100000400141000000000A1
:10E3D000000000003030302000000000F0F0F0F0CD
:10E3E00000000000000000000000000000050F0019
:10E3F000000000000008FFFFC300C0C03C50FF0049
:10E4000000000000003FFFFF0000000004000000CB
:10E41000F0F0F05033F0F3C0000000000000000006
:10E4200000800000AFAF0FAF000000000000000050
:10E4300000300000000000000000AAAA3030303098
:10E4400080008000FD0101010000000000000000CC
:10E450000000DFFF00003030303000000000F0F03E
:10E46000F0F00000000000000000000000000005C7
:10E470000F00AA0080000000FFFFC300E8E83C5046
:10E48000000000000000005FFFFF00000000FFFF31
:10E490008080FF3CFF3CCFFFCFFF000000005555C0
:10E4A000FFFF002000000CCF0CCF00000000FFFF9A
:10E4B000FFCB0000000000008C3C45550000000030
:10E4C000000000000000FCFCF0FF00003000003005
:10E4D0000000000045550000F0F0F0E000000000F2
:10E4E00010101010000000000000000000000000EC
:10E4F0000000000000000000FCFFDFFFAAF0FFAA00
:10E500003CFF033F0000000000000000000000008E
:10E51000FFFFFF80FF3CFE3CCFFFC0FF000000007C
:10E520005555FFFF002000000CFF0CEF000000001D
:10E53000FFFFFFCB000000000000843D55550000A8
:10E540003C3C3C3800000000FFFFFFFF00000000E3
:10E550000000000000005555000000000000000011
:10E56000000000000030000000000000000000007B
:10E5700000000000000000000000FCFFDFDFAAF048
:10E5800000AA00C3033F00000000000000000000DC
:10E590000800210021000000000011000010000010
:10E5A00004000000000000100000000011910000B5
:10E5B000040000000000000000080400111000200A
:10E5C0000420802000200090000000900400000043
:10E5D000000000000000000040A011040400000042
:10E5E0008001040180049104000000002101040066
:10E5F00020000090400240110000000804000000CC
:10E60000000000000000000000A041002100040004
:10E6100000000100000000000000000500110000E3
:10E6200000000000000000000000000000000040AA
:10E6300000000000000000000000000000110000C9
:10E6400000800080048000800000000000000000C6
:10E6500000C08200000000000000000000800000F8
:10E66000000040020002408002800000000000081C
:10E6700000000000000000800040000400042000B2
:10E680000000000000000005A000000500110000CF
:10E690000004000000000000000000000000000076
:10E6A000000000000000000000000000000000006A
:10E6B0000000000000010000000100000000000058
:10E6C000000000000000000000000000000000004A
:10E6D0000000000000000000000100010000000038
:10E6E000000000000000000000000000000000002A
:10E6F0000000000000000001000000000000000019
:10E700000000000100000000000000000000000008
:10E710000001000000110002001000410010000084
:10E7200000100000000000000000000500000008CC
:10E730000000000800000010001000200008001079
:10E740000041000800000008002100000011002125
:10E7500000410000000000000000004000400000F8
:10E76000002100212008000500000000000500082D
:10E770000000002100000003000200210000000052
:10E780000000000000020000000000210000001056
:10E7900000000004000000000000800080A000C015
:10E7A00000008540008200100010002000200000C2
:10E7B00000000084000000000000000100100309B8
:10E7C00085C18011040080004000000140A000A02D
:10E7D00000000300000000000000000000A0000294
:10E7E000000002A0000000108000000000C140C036
:10E7F00000A00020001000904000850000000000F4
:10E800000000000000C080000000000400A0002004
:10E8100000000000000000020000000802001000DC
:10E82000000000004090000000A1C0100080108592
:10E830000005001010100008000000081010100063
:10E84000000208100202000440000108C002010595
:10E85000000000000021000300000010001000056F
:10E8600000C10000C1001000C0212000840000048D
:10E870000100004184880000000883000810C000E7
:10E8800082000000000010002041000510A10000DF
:10E89000008000100000C00000C100000400000063
:10E8A000000040000000000010000000050105000D
:10E8B00000004000000010001000000000004100B7
:10E8C0000000000000000000020104000000000041
:10E8D0000000020009000000C10100000200000168
:10E8E00082010200000041001001110041000000FF
:10E8F0004100400040000201050003000300000049
:10E900000200030010001000100020001100800120
:10E910001100000440004000100000000000000052
:10E9200000000000010000000000000000090010CD
:10E930004000000001000000000000000000000096
:10E9400000110000000000000011000201000000A2
:10E9500000000000000000000000020200000100B2
:10E96000000203020100000000000004000000009B
:10E9700000008200010001210020000000000000D2
:10E980000000010000000002000000020100000081
:10E9900020020000008000000000000000000000D5
:10E9A0000000000000C00000400000C0C0000000E7
:10E9B0000008050010A000004000400040A080C1F9
:10E9C0004101C1000011000085014100004100A08B
:10E9D000008241000400040204020400040000005C
:10E9E000001010A000C002000000058420041000E8
:10E9F000030103A185A00000031005C14108030025
:10EA000000A0080085014184000009001005412094
:10EA100000404004008400040085000041400000E4
:10EA2000000000050000C000000001100005030008
:10EA30000041C0000010000000000111014005006D
:10EA4000041000200421889000050802C0000090F6
:10EA500000108240000005100191018001100505A1
:10EA6000000000002021000001000021842101801D
:10EA700000030004000440100000000000080080B3
:10EA80000000000001000240000084001010828499
:10EA9000C085A0800183000010830002840000A1D3
:10EAA00000211184001041848410000041004100C5
:10EAB00000100220022000100210008800840000D4
:10EAC00000200020412000100002000000C0024091
:10EAD0000000008804820400008808100400080276
:10EAE0000820000021020900001011840500200404
:10EAF00090A00200808805A011A04140000004A061
:10EB000041A08500212000100040008440C000008A
:10EB1000400040001108404000048008410009A066
:10EB200041840020000000000000020000000000FE
:10EB300000000000008000800080008000000000D5
:10EB400000000080008000800080000000000000C5
:10EB50000180000000000100010000000100010030
:10EB600001800100000000800000000000000000A3
:10EB700001800200010040000000000000000000D1
:10EB80000100000002000000008000800000000082
:10EB90000000000000040080018000002000000050
:10EBA000000000000000000000002000050000033D
:10EBB00010000300100080831100000941000003D1
:10EBC00000804080008084830200008900000003F0
:10EBD0008541000000000083C00021030080808385
:10EBE00080208880000000000003808040000980B1
:10EBF0000908092000404108118389A110410080C3
:10EC00000011002080080005C0039102054040402B
:10EC10001141020208021008829100098002048258
:10EC2000082000080040050200002000000000004D
:10EC30000001010000000100908385A000C10100D7
:10EC40000021A00289020002918384C000C100005B
:10EC50000001C1000000000000030520A190000297
:10EC60008883048511A0000000000005C004019005
:10EC700000842001010100010101014185400105DD
:10EC80000004C0000000080100008501910182011C
:10EC90000101020084010401010190030001A09020
:10ECA0000088010100010000000041002000410235
:10ECB0000300400010009000C1000001A00090007F
:10ECC0008300000084004000092000010201900040
:10ECD00083C040018400020089058200040020886E
:10ECE000C11100008200888883010000C0008400F8
:10ECF000C000C1011100028882402008C001A000AC
:10ED0000030103A1C000910091000909900010A027
:10ED1000410383000900108505850201010101827C
:10ED2000001101A19100910091009100020080006A
:10ED300005009000000080000000830000400000FB
:10ED4000800083000020800080000300004000114C
:10ED5000800083800010800080000390000380000A
:10ED60000000838800000000008083110000000480
:10ED7000800000000311C020C0C04080800000401F
:10ED8000210021110309040504001000C005210021
:10ED9000C1000505C10088009103C08804414020DE
:10EDA0000400100803111000100010001000008370
:10EDB0000021008380891000000000000003000093
:10EDC0008000008080831008800000800003000025
:10EDD00000000080808300000000214180830080CB
:10EDE00080000241008300000000082000030000B2
:10EDF00041000000800000030302008209030805AF
:10EE00000582002189851183411000910082100341
:10EE1000848200C00582A0C1100800A002839183F3
:10EE2000094180408302C0020011000802218803CA
:10EE3000001000840010028201A00020008800A1C0
:10EE4000000004A000C0888301A10884208490A150
:10EE50000000C00200C088838290009000204083A0
:10EE60000002042082820003008288400089908989
:10EE7000000000A090A084C000A1010100040100D6
:10EE800001910011049041840111019100890085D4
:10EE90000101902100050184918301890002008411
:10EEA00088880000900104000500000000010001B6
:10EEB000850100A000000001002000010001010008
:10EEC00000908390A1900001029021840201030030
:10EED000020483900190000102908201A08220012F
:10EEE00090C003C0200082000202839088898200C3
:10EEF000C088000083C18400A00000A0200004019D
:10EF00002001A0408589A0890988C0C008084083E5
:10EF10000201100201210185000101020089009116
:10EF20000101010283004004A000910000000002E2
:10EF30000000008800030005002100800010001080
:10EF40001000000083800480002100800380801076
:10EF5000900080808380048000210080C1090080AF
:10EF6000002100008303000505008080838000C02D
:10EF700000008280000083200005000002000040A5
:10EF8000C0408010000083A02111828321000082F4
:10EF900080A000048000038804A00021400000033A
:10EFA0000004081005008200C0022002400000009A
:10EFB00000910020000000000000000000000000A0
:10EFC0000000000000001200000B0000000006001E
:10EFD000000B000000001200000B000000000060A9
:10EFE0000000D00041002100000B000000000600DE
:10EFF000C20B000400000000000000000000000040
:10F0000000880000D000410000500000D000000047
:10F010000660000BD00011000600000B004000004D
:10F020000660000BD00021000660000BD00000003D
:10F0300000840000D000000000000000C3FFF3FFC8
:10F040000F0F0F0F0000FFFF000000FF0000FFFF89
:10F0500000000F0F00003C3C000000FF0000555571
:10F060000000FFFF000000FF00000F0F000000FF86
:10F0700000003C3C000000FF000000003C3C0000A1
:10F08000FFFFFF00FF0000053C3D553C3C0F505F7B
:10F090000CFC000000000C0CC3FFFF82FFFFC7C781
:10F0A000EFEF5C5C5C5C45C76DEF14D714D7C3FB16
:10F0B000C3EB00000000D7FFCFCF0000000000002E
:10F0C00000000F0F0F0F00000000000000FF000005
:10F0D000000000000F0F00003C3C000000FF00009B
:10F0E00055550000FFFF000000FF00000F0F00005B
:10F0F00000FF00003C3C000000FF000000003C3C22
:10F10000000000000000000000033C3F553C3C0FA5
:10F11000505F0CFC000000000C0CC3FF008200FFDD
:10F12000C7FFEFFF0000000004862CAE03033F3F43
:10F13000C3FFC3EB00000000FFFFFFFF0000000063
:10F14000FFFFFFFFFFFF0000AAAA0000F0F0000091
:10F15000FFFF0000FFFF0000AAAA0000F0F000007F
:10F160000000FFFFFF000000FFFF0000F0F00000C4
:10F17000AAAA0000FF000000AAAA00000000FFFFEA
:10F1800000005555FFFFFFFFFFFF707F707FF0FF0E
:10F19000FFAAFF0FFAFA3F3FFA0AAAFFADFFFFEFFF
:10F1A0003030828282BEFBF8CBC8FEF4AEA4FFFFF3
:10F1B0003F00FCF3F3F3B4AAB40000000000000029
:10F1C0000000FF3CFFAA00000000AAAA0000F0F027
:10F1D00000000000000000000000AAAA0000F0F0FB
:10F1E0000000FFFFFFFFFF00000000000000F0F044
:10F1F0000000AAAA0000FF000000AAAA0000000068
:10F20000000000005555FFFF80000000F0FFF0FFF8
:10F21000F00000AAF0000A0A3030FA0A0A000D00D5
:10F22000EFEF30308E8E82BE3B380B085E540E04FA
:10F23000FFFF2A15F4F1F1F1B4AAB400007E0078C2
:10F240000086006000B0000002C6016000B44940C2
:10F25000024101000104494002C701E001B44940F4
:10F260000241010001044140A2C6017400B44940BA
:10F2700002C70180018449400261018001E44D40E0
:10F28000000002C7016000B441400086706400B015
:10F2900000000886047400B20010008600B401B2B9
:10F2A000008005860AE00138008000860CF4A190F9
:10F2B0000005008600F401B800100086027400B951
:10F2C000200000000000FF7D0C0C0000000000A0EA
:10F2D00000A300AA003CF0F000F0FFFFFFFF4F4F3B
:10F2E000000000000000F0F000F02020FF100030CF
:10F2F000000C070F0F0F55005100F0FF3CFF1000EE
:10F30000BAAA0000F000FFFA000000000000AA20E6
:10F31000FFFFF0F0970097003C3C50504000000089
:10F32000033F033F00000000C3C3000000000000D3
:10F3300000000F0F2000002000000000000000006F
:10F340000000000000000000FF7D00000000000041
:10F3500000A000A300AA003C000000F0FFFFFFFE99
:10F360000F4F0000AAAA3C3C000000F02020101023
:10F37000000000000000000055005500F0FF3CFFB9
:10F380000040AAEA0000F000FFFA80000000000040
:10F390000020FFFFF0F0970015003C3C00500000FB
:10F3A0000000033F033F00000000FFFF00040000D7
:10F3B000000000020D0F000000000000000000002F
:10F3C00000000000000000000000F0F0F0F000007D
:10F3D0000000FFFFFFFF00F000AA00F0505028AA35
:10F3E000A8AA0AFF00000A0A0F0000F0505000000F
:10F3F000000014551F5F000000003C380000F5F5C8
:10F40000FF55FF0FFF55000055551555000000042E
:10F410000000000000000800DFFFFFFF10000000F8
:10F4200000000000D0D0D0D00000000095550000B2
:10F43000000000000F0F0F0FB6B6343400000000BC
:10F4400000000000008000000000000070F020A01C
:10F4500000000000FFFFFFFB00F000AA00F050508A
:10F46000AAAAAA2A0AFF00000A0A0F0000F05050B8
:10F470000000000000550F5FD0F0F0F03C3C0000B1
:10F48000F5F5FF55FF0FFF55000015551555000008
:10F49000000000000000FFFFFFFFFFFFFFFF101054
:10F4A000000000000000F050F0D000000000955572
:10F4B000800000000000A0501050A2A220200000F8
:10F4C00000000000000000800000000000000000BC
:10F4D0000000040000000000000000000000000028
:10F4E0000410000000000000000020000000009058
:10F4F000000000000000000000000000000000000C
:10F500000400110040000000000000002000000086
:10F5100000002000000000000000000000000000CB
:10F5200000000400000000002100020000000000B4
:10F5300000002001000000000000000000000000AA
:10F540004000040011000000000004000000000062
:10F55000000000000011000000000000000000009A
:10F56000000000000000001000210000200000004A
:10F57000000000000000000000000000000000008B
:10F58000000000000000000000000000000000007B
:10F59000000000000000000000000000000000006B
:10F5A000000000000000000000000000000000005B
:10F5B000000000000040000000000000000000000B
:10F5C0000000000000080000000000000000000033
:10F5D000000000000000000000000000000000002B
:10F5E000000000000000000000000000000000001B
:10F5F000000000000000000000000000000000000B
:10F6000000000000000000000000000000000000FA
:10F6100000000000000000000000000000000000EA
:10F6200000000000000000000000000000000000DA
:10F6300000000000000000000000000000000000CA
:10F6400000000000000000000000000000000000BA
:10F650000000000000000021000000000000000881
:10F660000000000000000000000200000011000087
:10F67000000000000000000000000000000000107A
:10F680000000000000000008000000100000000062
:10F69000000000000000000000000000000000006A
:10F6A0000010000000000008000000000010000032
:10F6B0000000001100000000000000000011000028
:10F6C000000800000000000000000003001000001F
:10F6D000000000000000000000000000000000002A
:10F6E000000000000000000000100000000000000A
:10F6F000000000000000000000000000000041A029
:10F7000041000000000000000000000000000000B8
:10F7100000000000000000000000000000000010D9
:10F7200000000000000000000000000000001000C9
:10F73000050000000500000000000000000000823D
:10F7400000000000000000000000000000000000B9
:10F75000051000000000000000000005000000008F
:10F760000000001000000000000000000000000089
:10F770000000000000000000004100000000000048
:10F78000000000000000000000100000C0000003A6
:10F790000003000000000000000000030000000063
:10F7A000840084000000C000000000210000100060
:10F7B000000000000000000300008403C00084007B
:10F7C0000000C000840000000021000000000000D4
:10F7D0000000000000000000000000000000000029
:10F7E0000000000000000000000000000000000019
:10F7F00000000200400000000000000000001000B7
:10F8000000000000000000000000040000000000F4
:10F8100000000000000000001000000000000000D8
:10F8200000000900020000000000000000000900C4
:10F8300000000000090000000000000000000000BF
:10F8400011000000000000000000000020902000D7
:10F850000000000040002000000000000000000048
:10F860000000000000000000000000000000000098
:10F870000000000000000000000000000000000088
:10F880000000000000000000000000000000000078
:10F890000000000000000000000000000000000068
:10F8A0000000000000000000000000000000000058
:10F8B0000000000000000000000000000000000048
:10F8C0000000000000000000000000000000000038
:10F8D0000000000000000000000000000000000028
:10F8E0000000000000000000000000000000000018
:10F8F0000000000000000000000000000000000008
:10F9000000000000000800000000000000000000EF
:10F9100000000000000000000000000000000000E7
:10F9200000000000000000000000000000000000D7
:10F9300000000000000000000000000000000000C7
:10F9400000000000000000A000A000000000000077
:10F95000000000000000000010000000000000088F
:10F96000200000080000000300000000000000006C
:10F9700000000000840000000008000000000000FB
:10F980000000000300000000000000000000000074
:10F99000000000030000000500000021000000102E
:10F9A0000000C00000000000000000008400000310
:10F9B0000003840000001010C005C000000000001B
:10F9C0000021000000000008000300008400000087
:10F9D0000000000002000000001000030000000012
:10F9E0000000009000000000000000000000400047
:10F9F0000000000000000000000000000000000007
:10FA000000000000000000000000000000000000F6
:10FA100000000020000000000000000000000000C6
:10FA2000000004000400204000000000020000006C
:10FA30000000000020000000200000000904000079
:10FA40001000000000001000000000820000000014
:10FA500000000084091000000000004000000000C9
:10FA60000000000000000000000000000000000096
:10FA70000000000000000000000000000000000086
:10FA80000000000000000000000000000000000076
:10FA90000000000000000000000000000000000066
:10FAA0000000000000000000000000000000000056
:10FAB0000000000000000000000000000000000046
:10FAC0000000000000000000000000000000000036
:10FAD0000000000000000000000000000000000026
:10FAE0000000000000000000000000000000000016
:10FAF0000000000000000000000000000000000006
:10FB000000000000000000000000000000000000F5
:10FB100000000000000000000000000000000000E5
:10FB200000000000000000000000000000000000D5
:10FB300000000000000000000000000000000000C5
:10FB400000000000000000000000000000000000B5
:10FB500000000000000000000000000000000000A5
:10FB60000000000000000000000000000000000095
:10FB70000000000000000000000000000000000085
:10FB80000000000000000000000000000000000075
:10FB90000000000000000000000000000000000065
:10FBA0000000000000000000000000000000000055
:10FBB0000000000000000000000000000000000045
:10FBC0000000000000000000000000000000000035
:10FBD0000000000000000000000000000000000025
:10FBE0000000000000000000000000000000000015
:10FBF0000000000000000000000000000000000005
:10FC000000000000000000000000000000000000F4
:10FC100000000000000000000000000000000000E4
:10FC200000000000000000000000000000000000D4
:10FC300000000000000000000000000000000000C4
:10FC4000000000000000000000000000000000882C
:10FC50000100000000000040000000000000000063
:10FC60000000000000000000000000000000000094
:10FC70000000000000000000000000000000000084
:10FC80000000000000000000000000000000000074
:10FC90000000000000000000000000000000000064
:10FCA0000000000000000000000000000000000054
:10FCB0000000000000000000000000000000000044
:10FCC0000000000000000000000000000000000034
:10FCD000000008000000000000000000000000001C
:10FCE0000000000000000000000000000000000014
:10FCF0000000000000000000000000000000000004
:10FD000000000000000000000000000000000000F3
:10FD100000000000000000000000000000000000E3
:10FD200000000000000000000000000000000000D3
:10FD300000000000000000000000000000000000C3
:10FD400000000000000000000000000000000000B3
:10FD500000000000000000000000000000000000A3
:10FD60000000000000000000000000000000000093
:10FD70000000000000000000000000000000000083
:10FD80000000000000000000000000000000000073
:10FD90000000000000000000000000000000000063
:10FDA0000000000000000000000000000000000053
:10FDB0000000000000000000000000000000000043
:10FDC0000000000000000000000000000000000033
:10FDD0000000000000000000000000000000000023
:10FDE0000000000000000000000000000000000013
:10FDF0000000000000000000000000000000000003
:10FE000000000000000000000000000000000000F2
:10FE100000000000000000000000000000000000E2
:10FE200000000000000000000000000000000000D2
:10FE300000000000000000000000000000000000C2
:10FE400000000000000000000000000000000000B2
:10FE500000000000000000000000000000000000A2
:10FE60000000000000000000000000000000000092
:10FE70000000000000000000000000000000000082
:10FE80000000000000000000000000000000000072
:10FE90000000000000000000000000000000000062
:10FEA0000000000000000000000000000000000052
:10FEB0000000000000000000000000000000000042
:10FEC0000000000000000000000000000000000032
:10FED0000000000000000000000000000000000022
:10FEE0000000000000000000000000000000000012
:10FEF0000000000000000000000000000000000002
:10FF000000000000000000000000000000000000F1
:10FF100000000000000000000000000000000000E1
:10FF200000000000000000000000000000000000D1
:10FF300000000000000000000000000000000000C1
:10FF400000000000000000000000000000000000B1
:10FF500000000000000000000000000000000000A1
:10FF60000000000000000000000000000000000091
:10FF70000000000000000000000000000000000081
:10FF80000000000000000000000000000000000071
:10FF90000000000000000000000000000000000061
:10FFA0000000000000000000000000000000000051
:10FFB0000000000000000000000000000000000041
:10FFC0000000000000000000000000000000000031
:10FFD0000000000000000000000000000000000021
:10FFE0000000000000000000000000000000000011
:10FFF0000000000000000000000000000000000001
:020000040003F7
:1000000000000000000000000000000000000000F0
:1000100000000000000000000000000000000000E0
:1000200000000000000000000000000000000000D0
:1000300000000000000000000000000000000000C0
:1000400000000000000000000000000000000000B0
:1000500000000000000000000000000000000000A0
:100060000000000000000000000000000000000090
:100070000000000000000000000000000000000080
:100080000000000000000000000000000000000070
:100090000000000000000000000000000000000060
:1000A0000000000000000000000000000000000050
:1000B0000000000000000000000000000000000040
:1000C0000000000000000000000000000000000030
:1000D0000000000000000000000000000000000020
:1000E000000200000000000000000000000000000E
:1000F0000000000000000000000000000000000000
:1001000000000000000000000000000000000000EF
:1001100000000000000000000000000000000000DF
:1001200000000000000000000000000000000000CF
:1001300000000000000000000000000000000000BF
:1001400000000000000000000000000000000000AF
:10015000000000000000000000000000000000009F
:10016000000000000000000000000000000000008F
:10017000000000000000000000000000000000007F
:10018000000000000000000000000000000000006F
:10019000000000000000000000000000000000005F
:1001A000000000000000000000000000000000004F
:1001B000000000000000000000000000000000003F
:1001C000000000000000000000000000000000002F
:1001D000000000000000000000000000000000001F
:1001E000000000000000000000000000000000000F
:1001F00000000000000000000000000000000000FF
:1002000000000000000000000000000000000000EE
:1002100000000000000000000000000000000000DE
:1002200000000000000000000000000000000000CE
:1002300000000000000000000000000000000000BE
:1002400000000000000000000000000000000000AE
:10025000000000000000000000000000000000009E
:10026000000000000000000000000000000000008E
:10027000000000000000000000000000000000007E
:10028000000000000000000000000000000000006E
:10029000000000000000000000000000000000005E
:1002A000000000000000000000000000000000004E
:1002B000000000000000000000000000000000003E
:1002C000000000000000000000000000000000002E
:1002D000000000000000000000000000000000001E
:1002E00000000000000000000100000000200000ED
:1002F00001000000000000000000000000000000FD
:1003000000000000000000000000000000000000ED
:1003100000000000000000000000000000000000DD
:1003200000000000000000000000000000000000CD
:1003300000000000000000000000000000000000BD
:1003400000000000000000000000000000000000AD
:10035000000000000000000000000000000000009D
:10036000000000000040000000000000004000000D
:10037000000002000000000000000000000000007B
:10038000000000000000000000000000000000006D
:10039000000000000000000000000000000000005D
:1003A000000000000000000000000000000000004D
:1003B000000000000000000000000000000000003D
:1003C000000000000000000000000000000000002D
:1003D000000000000000000000000000000000001D
:1003E00000000000000000000010080000000000F5
:1003F00000000900000000000000000000000000F4
:10040000000000000000FFFFFFFFFFFFFFFFFFFFF6
:10041000FFFFFFFFFFFFFFFFFFFFFFFFFFFFFFFFEC
:10042000FFFFFFFFFFFFFFFFFFFFFFFFFFFFFFFFDC
:10043000FFFFFFFFFFFFFFFFFFFFFFFFFFFFFFFFCC
:10044000FFFFFFFFFFFFFFFFFFFFFFFFFFFFFFFFBC
:10045000FFFFFFFFFFFFFFFFFFFFFFFFFFFFFFFFAC
:10046000FFFFFFFFFFFFFFFFFFFFFFFFFFFFFFFF9C
:10047000FFFFFFFFFFFFFFFFFFFFFFFFFFFFFFFF8C
:10048000FFFFFFFFFFFFFFFFFFFFFFFFFFFFFFFF7C
:10049000FFFFFFFFFFFFFFFFFFFFFFFFFFFFFFFF6C
:1004A000FFFFFFFFFFFFFFFFFFFFFFFFFFFFFFFF5C
:1004B000FFFFFFFFFFFFFFFFFFFFFFFFFFFFFFFF4C
:1004C000FFFFFFFFFFFFFFFFFFFFFFFFFFFFFFFF3C
:1004D000FFFFFFFFFFFFFFFFFFFFFFFFFFFFFFFF2C
:1004E000FFFFFFFFFFFFFFFFFFFFFFFFFFFFFFFF1C
:1004F000FFFFFFFFFFFFFFFFFFFFFFFFFFFFFFFF0C
:10050000FFFFFFFFFFFFFFFFFFFF000000000000F5
:1005100000000000000000000000000000000000DB
:1005200000000000000000000000000000000000CB
:1005300000000000000000000000000000000000BB
:10054000000000000000000000000000001000801B
:10055000000000000000000000000000000000009B
:10056000000000000000000000000000000000008B
:10057000000000000000000000000000000000007B
:10058000000000000000000000000000000000006B
:10059000000000000000000000000000000000005B
:1005A000000000000000000000000000000000004B
:1005B000000000000000000000000000000000003B
:1005C00000000000000000000000000000000040EB
:1005D00000000040000000000000000000000000DB
:1005E000000000000000000000000000000000000B
:1005F00000000000000000000000000000000000FB
:1006000000000000000000000000000000000000EA
:1006100000000000000000000000000000000000DA
:1006200000000000000000000000000000000000CA
:1006300000000000000000000000000000000000BA
:1006400000000000000000000000000000000000AA
:10065000000000000000000000000000000000009A
:10066000000000000000000000000000000000008A
:10067000000000000000000000000000000000007A
:10068000000000000000000000000000000000006A
:10069000000000000000000000000000000000005A
:1006A000000000000000000000000000000000004A
:1006B000000000000000000000000000000000003A
:1006C000000000000000000000000000000000002A
:1006D0000000000000000000000000000000810099
:1006E000000000000000000000000000000000000A
:1006F00000000000000000000000000000000000FA
:1007000000000000000000000000000000000000E9
:1007100000000000000000000000000000000000D9
:1007200000000000000000000000000000000000C9
:1007300000000000000000000000000000000000B9
:1007400000000000000000000000000000000000A9
:100750000000000000000000000000000000080091
:100760000000000000000000000000000000000089
:100770000000080000000000000000000000000071
:10078000000000000000050000000000000008005C
:100790000000040000000000000000000000000055
:1007A0000000000000000000000000000000000049
:1007B0000000000000000000000000000000000039
:1007C0000000000000000000000000000000000029
:1007D0000000000000000000000000000000000019
:1007E0000000000000000000000000000000000009
:1007F00000000000010000000000000000000000F8
:1008000000000000000000000000000000000000E8
:1008100000000000000000000000000000000000D8
:1008200000000000000000000000000000000000C8
:1008300000000000000000000000000000000500B3
:100840000000000000A000000000000000000020E8
:1008500000C00000000000000020000000000000B8
:100860000000002000000800000000200010000030
:1008700000C00010004000C00020008805000000FB
:1008800000000010030000000000001000880000BD
:10089000002000A000000000000000000000000098
:1008A0000000000000000000000000000000000048
:1008B0000000000000000000000000000000000038
:1008C00000210000000000000000000000000020E7
:1008D0000000000000000220004000000041000075
:1008E0000041000000000020000000000041000066
:1008F000002000410800001000400000000000201F
:1009000000100020004100410020001000200010D5
:100910000210004100100020000000000000000054
:1009200000000000000000000000000000000000C7
:1009300000100000000000000000000000000000A7
:100940000090000000000000000000000000000017
:10095000000000A0020000000010000000000000E5
:1009600000000000000000000090004002100000A5
:10097000008800200000000200C0002000000020CD
:1009800000C0000000020000000000C0000000C025
:1009900000100088000000000000000000000000BF
:1009A0000000000000000000000000000000000047
:1009B0000000000000000000000000000000000037
:1009C0000000000000000000000000000000000027
:1009D0000000000000000000000000000000000017
:1009E0000000000000000000000000000000000007
:1009F00000000000000000000000000000000000F7
:100A000000000000000000000000000000000000E6
:100A100000000000000000000000000000040000D2
:100A200000000000000000000000000000000000C6
:100A300000000000000000000000000000000000B6
:100A40000010000000C000000000000000000000D6
:100A50000000000000000000000000100000000086
:100A60000000000000C0008400100000000000C072
:100A70000010000000000000001000000000004115
:100A8000000000840090000000000008000000004A
:100A900000000000002000A003A0000000A0000053
:100AA0000000000000000000000000000000000046
:100AB0000000000000000000000000000000001026
:100AC0000000000000000000000000000000000026
:100AD00000000000004100100010000000000000B5
:100AE00000000021000000000010000000000010C5
:100AF0000000084100050041000800000041080016
:100B000000C00800000000050005400010000010B3
:100B10000000A00000000821004182000000000049
:100B200000000000000000000000000000000000C5
:100B300000000000000000000000000000000000B5
:100B4000000000000000000000000000000000C0E5
:100B500000000000001000000000001040404000B5
:100B60000004000000400300000000000000081026
:100B7000000000000300210000020000000100400E
:100B800000000010000200C0000000C0000440028D
:100B900000040000030002020040400000200000AA
:100BA0000010000000000000000000000000000035
:100BB0000000000000000000000000000000000035
:100BC0000000000000000000000000000000000025
:100BD0000000000000000000000000000000000015
:100BE0000000000000000000000000000000000005
:100BF00000000000000000000000000000000020D5
:100C00000000000000800000000000000011000053
:100C100000000000000000000000000000000000D4
:100C200000000000000000000000000000000000C4
:100C30000000000000000000000000000084000030
:100C400000000000000000000000000000000000A4
:100C50000000000000000000000000000000000094
:100C60000000000000000000008400000000000000
:100C700000100000000000840000000000000000E0
:100C800000C00000000000000000000000000000A4
:100C90000000000000000000000000000000000054
:100CA0000000000000C00084000000000000000000
:100CB0000010000000000000000000000000000024
:100CC0000000000000000000000000000000001014
:100CD000000000000010000500410041004100003C
:100CE000002100410005000000008200000000100B
:100CF0000821000000050000001000100010A010E6
:100D000000100005000000000005001000000005B4
:100D100000100800A00000410000000008000800CA
:100D200000038241004182058200000000000000B3
:100D300000000000000000000000000000000000B3
:100D400000000000000000000000000000000000A3
:100D50000000000000000000000000000000000093
:100D60000000000000000000000000000000000083
:100D70000000000000000000000000000000000073
:100D80000000000000000000000000000000000063
:100D90000000000000000000000000000000000053
:100DA0000000000000000000000000000000000043
:100DB0000000000000000000000000000000000033
:100DC0000000000000000000000000000000000023
:100DD0000000000000000000000000000000000013
:100DE0000000000000000000000000000000000003
:100DF00000000000000000000000000000000000F3
:100E000000000000000000000000000000C0000022
:100E100000000000000000000000000000000000D2
:100E200000000000000000000000000000000000C2
:100E30000000000000000000000000000090000022
:100E400000000000000000000000000000000000A2
:100E50000000000000000000000000000000000092
:100E60000000000000000000000000000000000082
:100E700000000000000000400100000000000040F1
:100E8000010000000000004001000000000000041C
:100E90000000000000000000000000000000000052
:100EA0000000000000000000000000000000000042
:100EB00000000000000000004000000000000000F2
:100EC0000000000000000000000000000000000022
:100ED0000000000000000000000000000000000012
:100EE0000000000000000000000000000000000002
:100EF0000000400000000000000040000000000072
:100F00000000100000000000000040000000000091
:100F10000080000000000000000000000000000051
:100F200000000000000000000000000000000000C1
:100F300000000000000000000000000000000000B1
:100F400000000000000000000000000000000000A1
:100F50000000000000000000000000000000000091
:100F60000000000000000000000000000000000081
:100F70000000000000000000000000000000000071
:100F80000000000000000000000000000000000061
:100F9000000003000000000000000000000000004E
:100FA0000000000000000000000000000000000041
:100FB0000000000000000000000000000000000031
:100FC0000000000000000000000000000000000021
:100FD0000000000000000000000000000000000011
:100FE0000000000000000000000000000000000001
:100FF00000000000000000000000000000000000F1
:1010000000000000000000000000000000000000E0
:1010100000000000010000000000000000000000CF
:1010200000000000000000000000000000000000C0
:1010300000000000000000000000000000000000B0
:1010400000000000000000000000000000000000A0
:101050000000000000000000000000000000000090
:101060000000000000000000000000000000000080
:101070000000000000000040000000000000000030
:101080000000000000000000000000000000000060
:101090000000000000000000000000000000000050
:1010A0000000000000000000000000000000000040
:1010B0000000000000000000000000000000000030
:1010C0000000000000000000000000000000000020
:1010D0000000000000000000000000000000000010
:1010E0000000000000000000000000000000000000
:1010F00000000000000000000000000000000000F0
:1011000000000000000000000000000000000000DF
:1011100000000000000000000000000000000000CF
:1011200000000000000000000000000000000000BF
:1011300000000000000000000000000000000000AF
:10114000000000000000000000000000000000009F
:10115000000000000000000000000000000000008F
:10116000000000000000000000000000000000007F
:10117000000000000000000000000000000000006F
:10118000000000000000000000000000000000005F
:1011900000000000000000000000830000000000CC
:1011A000000000000000000000000000000000003F
:1011B000000000000000000000000000000000002F
:1011C000000000000000000000000000000000001F
:1011D000000000000000000000000000000000000F
:1011E00000000000000000000000000000000000FF
:1011F00000000000000000000000000000000000EF
:1012000000000000000000000000000000000000DE
:1012100000000000000000000000000000000000CE
:1012200000000000000000000000000000000000BE
:1012300000000000000000000000000000000000AE
:10124000000000000000000000000000000000009E
:10125000000000000000000000000000000000008E
:10126000000000000000000000000000000000007E
:10127000000000000000000000000000000000006E
:10128000000000000000000000000000000000005E
:101290000000000000000000000800000100000045
:1012A000000000000000000000000000000000003E
:1012B000000000000000000000000000000000002E
:1012C000000000000000000000000000000000001E
:1012D000000000000000000000000000000000000E
:1012E00000000000000000000000000000000000FE
:1012F00000000000000000000000000000000000EE
:1013000000000000000000000000000000000000DD
:10131000000000000000000000004000000000008D
:1013200000020000000000000000000000000000BB
:1013300000000000000000000000000000000000AD
:10134000000000000000000000000000000000009D
:10135000000000000000000000000000000000008D
:10136000000000000000000000000000000000007D
:10137000000000000000000000000000000000006D
:10138000000000000000000000000000000000005D
:10139000000000000000000000000000000002103B
:1013A000000000000000000000000000000000003D
:1013B000000000000000000000000000000000002D
:1013C000000000000000000000000000000000001D
:1013D000000000000000000000000000000000000D
:1013E00000000000000000000000000000000000FD
:1013F00000000000000000000000000000000000ED
:1014000000000000000000000000000000000000DC
:1014100000000000000000000000000000000000CC
:1014200000000000000000000000000000000000BC
:1014300000000000000000000000000000000000AC
:10144000000000000000000000000000000000009C
:10145000000000000000000000000000000000008C
:10146000000000000000000000000000000000007C
:10147000000000000000000000000000000000006C
:10148000000000000000000000000000000000005C
:10149000000000000000000000000000000000004C
:1014A000000000000000000000000000000000003C
:1014B000000000000000000000000000000000002C
:1014C000000000000000000000000000000000001C
:1014D00000000020000001000000000000000000EB
:1014E00000000000000000000000000000000000FC
:1014F00000000000000000000000000000000000EC
:1015000000000000000000000000000000200000BB
:101510000100000000200000010000000020000089
:101520000100000000200010014000000000000049
:1015300000000000000000000000000000000000AB
:10154000000000000000000000000000000000009B
:101550000000004000000000020000000000000049
:10156000000000000000000000000000000000007B
:10157000000000000000000000000000000000006B
:10158000000000000000000000000000004000001B
:1015900000000200004000000000020000400000C7
:1015A00000000200004140000002020000000000B4
:1015B000000000000000000000000000000000002B
:1015C000000000000000000000000000000000001B
:1015D0000000000000000000090000000000000002
:1015E00000000000000000000000000000000000FB
:1015F00000000000000000000000000000000000EB
:1016000000000000000000000000000000000000DA
:1016100000000900000000000000090000000000B8
:101620000000090000000000809009000000000098
:1016300000000000000000000000000000000000AA
:10164000000000000000000000000000000000009A
:101650000000000000000000000000000800000082
:101660000200000002000000000000000000020074
:10167000080000000000100002000000040010003C
:10168000000000000400080011000200000000003B
:10169000110004000000020004001100000002001C
:1016A0000000020000000400050004000000030028
:1016B00040000400000003A000000000000004003F
:1016C00010000001100002000000084002000400A9
:1016D0000000000000000000000000000000010009
:1016E00000000100000001000000000000000000F8
:1016F00001000000000000000100010000000000E7
:1017000001000000000000000000000001000000D7
:101710000040000000000000010000000000000088
:1017200000000000010000000000000000000000B8
:1017300000000100000000000000000000000000A8
:101740000000000000020200000000000000010094
:101750000100000000000000080000000000000080
:1017600080000000000000000000000000000000F9
:1017700080000000020000000000000000000000E7
:101780000000088810000000000080008000802019
:1017900000900000000008000010801005100840B4
:1017A00000200020004180000500400100000201EF
:1017B00008A0000000A00041000800000002034053
:1017C00000020002001000000002000000104010A3
:1017D0000010800000000000000001000000000078
:1017E00000000200080000000000000000000000EF
:1017F00000000200000001200000000000000000C6
:101800000000000000200510004000004000100013
:101810004000000000400400002100214090002012
:1018200004100821040000C040100040010800001E
:10183000010800020000002182080090901000A022
:10184000002100A0029000400410000000100000E1
:10185000014188104020000000000000000000004E
:101860000000000000000000000000000000000078
:101870000000000000A000840010000000000084B0
:101880000000000800400084002000000008000262
:101890000088002000200000008400400084001028
:1018A000000080C0001000C000200040004000A0E8
:1018B00000A00084001000C000848041008200105D
:1018C000000000C000A0008200020084409100C01F
:1018D0000020001000830000000000000000000055
:1018E00000000000000000000000000000000000F8
:1018F00000000000000000000000000000000000E8
:1019000000000000008000000000000000000080D7
:1019100000000000000000000000000000050000C2
:1019200000000005080420000010000000800000F6
:101930000004000000100000000000021008400039
:10194000000584000000000000000000000200020A
:10195000000084000000840210000000000000006D
:1019600000000000000000000000821002000000E3
:10197000000005000000000000000000001008C08A
:10198000020000004010020000000282020041102C
:1019900080100000021000C0000000000000008461
:1019A00000000010100010001010000000008088DF
:1019B000080090110800038402000000C002100219
:1019C0009001100200900385410010A021114100F8
:1019D0000800A11003011001020004000000000033
:1019E00000000000000000000000000009000100ED
:1019F00000000000000000000000000000000000E7
:101A00000000010000100110011000410105010556
:101A100000054005A0000121C0050005000084105C
:101A2000C0050005909000000110A10508001010ED
:101A30000203820511401000004111410010119075
:101A400000A11108019008411002C0000021880285
:101A50001005A000402140400040000501050000A5
:101A60000000000000000000000000000000000076
:101A70000000000000000040000000000040008462
:101A8000000004900200000010400090004040C0A0
:101A9000002010C01000048204A0008800A00000F4
:101AA00000002140000000400210200000821001D0
:101AB0000510028802840400414040C00010210249
:101AC0001090084021C0100240A0200400A0009007
:101AD00000841020000220401002080021A0C00253
:101AE00000000000000000000000000000000000F6
:101AF00000000000000000000000000000000000E6
:101B0000000900000000010000000100000000804A
:101B100000000000010000000000000000000000C4
:101B200000000000000000000000000000000000B5
:101B30000140000001000300000000000000000060
:101B4000008001090000000000000000000000000B
:101B50000000000000000000000000000000000085
:101B60000200000000000000000000001100000062
:101B7000000002000000000000000000000000A0C3
:101B800000A01100000000100010808800C0038237
:101B900000A000000002108441400200002000026A
:101BA00003A000008010004002010010100000841B
:101BB00000C0001011C080852108808280000010C4
:101BC000030000C090020202028511849000C184CB
:101BD000A100000008A18900411090C083A011005D
:101BE00011022110000000100000000000000000A1
:101BF00000000000010000100010000000000000C4
:101C000000000000000000050000000002090005BF
:101C1000000310030000108091004085012108009E
:101C200090109000000002050090C1088491010905
:101C3000001090050803A000020200891005404032
:101C4000C009C041820540C1410083080000020074
:101C5000021002100011C04002058400020540106D
:101C60000810001010090000000000000000000033
:101C7000000000000000000005004100000000001E
:101C800000004000000000000800108000000382F7
:101C900000C000C011400303009002400340112126
:101CA000900409A008200000400485024102401071
:101CB0000810A0101110414109889089088908086E
:101CC00003030902110841088383804020000909A9
:101CD00089C00800400003844000808008400090D4
:101CE0002010038011040008000000000000000024
:101CF0000000000000000000000041080188009082
:101D000000000000000000000088034001C0904077
:101D100040A184C1208400881189100201A0909004
:101D2000080111040003010900004108C185019068
:101D300000081101C000000101010021840801C058
:101D4000000800010801000101019109024001029F
:101D50000008080585A0040400C0010004840100F7
:101D6000008490010084C003009100000000000086
:101D7000000000000000000000004000400088005B
:101D800082900000000000000000900100009040E0
:101D900088100801900089408485C001C090090125
:101DA00010891001110009058985000008008410C0
:101DB0001008904101000084010000014000C000B3
:101DC0004000890908019100A1109009C101108407
:101DD000A00909894000A084050084C00001820098
:101DE000401009850408021110000285000000005F
:101DF00000000000000000000000000000110000D2
:101E00000000800000000000000000000002000050
:101E100000000080821100000540A085A040A000C5
:101E20000210C00589028800820508850000112083
:101E300088030082801105000000050000100811D1
:101E400085001100031180080800900000051102B0
:101E5000C0008808C0051000101102008020004159
:101E600009030000400300080484830000C100004F
:101E70000000000000000000000000000000000062
:101E8000000005000000000000000000000000004D
:101E900000008080000011900004802005411100A6
:101EA00000918021C18803020040900905050000CF
:101EB000108200102041200508100002200920C0D7
:101EC000100280C00340400304020088210883916F
:101ED000029180088888C0030902000021002010B8
:101EE000888800088980040400C0000005888811E3
:101EF00000000000000000000000000000000000E2
:101F00000088A0829182002000400088009000405C
:101F1000000290008484008800108840A090890905
:101F20000008101184019103018340098488010590
:101F300000000085401000C10191002000010182D5
:101F400000820041C0024009C108001100110121B6
:101F500085080102A0C0854190890040C084A18805
:101F600008A0100900A0A08402888808001000853D
:101F700004820000000000000000000000000000DB
:101F8000000000858800900010080000000000009C
:101F900000008800900084009008A0008908880054
:101FA0008888000811888401008804C1900082009C
:101FB0009082000082018809C000C1080010010160
:101FC0000000010082408409040010C010010810C4
:101FD000A001082011854000820101408490000189
:101FE0008400008804014001840088084001A000AA
:101FF000910182A00000000000000000000000002D
:1020000000000000008300000000800000000000CD
:1020100000000000004000008000000011080511D1
:102020004011030040004111910203000402030922
:10203000031009800000890309109040208040802F
:1020400010050400400080110010001080808020E6
:102050000089004100100582080000211100C1081C
:1020600000088800000041204103840410009020F3
:10207000004008080400000000000000000000000C
:10208000000000000000000000000000420000000E
:102090000000000000000000000000000000000040
:1020A00000000000000000000000000082000000AE
:1020B00000000000418200000000000000000A0053
:1020C000000000830000000000000000000000008D
:1020D00000000000000000880000000000008200F6
:1020E0000000000000000000000000000000824826
:1020F0000A00000B000000000000000000000000CB
:1021000000000000000000000000000000000000CF
:1021100000000000000000000000000000000000BF
:10212000FF02FF0000C399F0F232FE3E069F069FB9
:102130000F001F18FFFFD8000000C74604BC0000B6
:10214000000000030003000E000600000000099FCD
:10215000000000000000000000006666667E0000CF
:1021600000000000FFFFDBDB2424F30C03FC5A5AC1
:10217000CCCC3C3C3333C3993C66000000000000EB
:10218000000000000000000000000000000000004F
:10219000000000000000000000000000000000003F
:1021A0000000FF02FF00FFC399F0C202CE0E060638
:1021B0009F9F0F001F18FFFF00000000110802146E
:1021C000F6FC660CFFFF000300060006000000009E
:1021D0000C3F0000000000006F3F603C0000003C2E
:1021E000000881080F0F0F0F4242BDBDF30C03FC26
:1021F0005A5ACCCCCCCCC3C3C3993C660000000077
:1022000000000000000000000000000000000000CE
:1022100000000000000000000000000000000000BE
:1022200000000000000000000000000000000000AE
:10223000000000000000000000000000000000009E
:10224000000000000000000000000000000000008E
:10225000000000000000000000000000000000007E
:10226000000000000000000000000000000000006E
:10227000000000000000000000000000000000005E
:10228000000000000000000000000000000000004E
:10229000000000000000000000000000000000003E
:1022A000000000000000FF00090900FF00FFFE021F
:1022B00067646FFFE7FF00090001BD669900000039
:1022C000000C0584CCCCCCCC909890987EFF7EFFFF
:1022D0000000000000000000C0C2C2C296969696A0
:1022E00066666666FF3030303C3CC3C3A5CCA5CCE7
:1022F00053535353F0F00F0FE4E41B1BF00FF00F98
:1023000000000000000000000000000000000000CD
:1023100000000000000000000000000000000000BD
:102320000000000000000000FF00C3FF99993C3C42
:102330006E62F70466F6667E009900819F669900DA
:10234000000080042452A5A5A5A5909090987EFF3A
:102350007EFF0901080000040400C0C2C0C09966E5
:102360009966E7E7E7663030303099996666A5CC24
:10237000A5CC3535353569696969E4E41B1B669977
:10238000669900000080000000000000009000003E
:1023900000000086006000B000000086006000B011
:1023A00000000086006000B000000086006000B8F9
:1023B000008000860A6000B000800186006000B8DE
:1023C0000000000000860C6000B000000086006085
:1023D000003000000086026000B000A000860A60A5
:1023E00000B8000000860A6000B900800286016023
:1023F00000B408400286016000B40840028601E093
:1024000001B40840000000000000000000000000CF
:1024100000000000C3A3C3A341417D7D0000000074
:102420005571F0710000020A828200FF0000000076
:10243000000C0C0C05000500F5F53F3F0000000006
:1024400001005500000030000030020203020000CD
:102450000000D7D728AA3A3AC33C3C280028FF00FE
:10246000EF40001C007FAFFFAFFFFF8F7F0FFFFF2C
:10247000FFFF00000C3FBCBC0000557F0000FAF1DC
:102480000000FFFF7F2F00000000000000000000A0
:10249000000000000000CAAACAAA30F330F300000E
:1024A00000005571F071000082AAD7D700FFE0E06C
:1024B00000E000000C005500550005053F3F45CFEA
:1024C0000000ABAAFFAA0000202010100A0A0F0A81
:1024D00000000000000000AA3A3A55AA0F0A000ABC
:1024E000FF00BF100010007CFFFFAAFFFFDF2F0FCF
:1024F000FFFFF0F00000055F3C7D00005555000037
:10250000F0F10000FFFF7F2F4000000000000000FE
:102510004000000000000002FA0AFA0AF0AA550F73
:102520000000000000000000010005003C55FFFF16
:1025300000000034EBE0000000020082EB280F0FE7
:10254000A0A0A0A0555555D70000FFFAC3C300FABC
:10255000000000000000000000000F1F0F0B0341EF
:10256000C3C30000000005FF0000FFFFFFFFC3C35F
:10257000C3C3000000000003C3C3FFFFFFFFFF0F42
:10258000FFAFFFFCFFFC30FF28FF00000000000051
:1025900000000000000000000000BE82BE82E8E8EB
:1025A0004D4D000000000000000003000F003C55EE
:1025B00000FF0034003400000000000A00AAEB28ED
:1025C0000F0FA0BCA0BC555555F50000FFFAC3C3C2
:1025D00000FA00C200000000000000004F5F0E0A79
:1025E000034103000000000004FF00000A00820015
:1025F00082D2C3C3AAAA20000001C3C3FF3CFF3C90
:10260000FF5FFFFFFFFCFFFC00FF00FF000000007A
:1026100000000800000000000000080000000000AA
:1026200000000000090000000000000000000000A1
:102630000000040000000000000002000000020092
:1026400000008001040089000201020000008200F5
:102650000000100004080010214080002088004085
:102660000200050011000400044004414100020082
:102670000420114002100000112040000400C0A0FE
:10268000400083A004008440044004010440000092
:102690000000000001000000000000000100000038
:1026A000000000000000000000000000000000002A
:1026B0000000000000000000000000000300000017
:1026C000010000000204000010000040000000C0F3
:1026D00002000000010000800000008010000000E7
:1026E00002800100000000009000008000820000D5
:1026F000000011400880050000000080010000007B
:1027000041000500401000000420058000400280C8
:1027100000000000000002000000000000000200B5
:102720000000000000000000000000000000800029
:1027300000000000020040008800000002000000CD
:10274000A000A000C01080C08090002000000010F9
:10275000000008000805800020200420000410006C
:1027600004100000024100400840200421034004FE
:1027700020028000C0108403200020008020401030
:10278000C0000802041000200000114000000000FA
:102790000000000000000000010000000000000038
:1027A0000100000000000000000000000000000028
:1027B00020000000000001200100020808000100C4
:1027C0000000410041002100400040100010842022
:1027D00090000080001088A0040005A1011108905D
:1027E00001400520002101C082A0018001910084E8
:1027F00001A1A1A040100508408201000110201095
:1028000001212111009001000000900002910011AF
:1028100000000011000000000000000000000000A7
:102820000000000000000000000000400000004028
:102830000000000000000082008200000002000092
:10284000002000008000009080100000000004C004
:102850000002008400000000000000C0008400822C
:102860000000008200080285000000888010080235
:1028700000028002000240828082200000008082EC
:10288000004080400084000840000082C0400008F2
:10289000080400080008000000000000000000001C
:1028A0000000000000000000000000000080001098
:1028B00000000000000800100200000000100000EE
:1028C000000800000011201188100200400384025B
:1028D000200800800021000000020020C0118805AF
:1028E00020200010900890030408000000000882D7
:1028F00000809010028410030010204120058240C7
:10290000200010200404080088092100100240C0A3
:10291000A0A08509821082080000000000000000CD
:102920000000000000000000000000001100000096
:102930000200001000108000000000A00000001045
:10294000000000000000408403000310088480851C
:102950000340098280C082100000912002200209F9
:10296000A1008284058502000521000880C009C0FD
:1029700002824102020221C18091000389A08204E7
:102980004002C0020302A041822080840020000295
:10299000210302000801C1908088000000000000AF
:1029A0000000000000000000000000000000000027
:1029B00000000000000000002000000000000000F7
:1029C00000000000000000100100840000008303EC
:1029D00020400890000302210310000004C0018879
:1029E0000120201110100004010000820008402185
:1029F00000418400008501808402080400842000D6
:102A0000049001C141800880418441A14040108070
:102A100084808482C000091002000241000000008E
:102A200000000000000000000000000000000000A6
:102A3000000000000000000040000000C0C00200D4
:102A40000000000000041102024010100000090202
:102A50002040004003A020A188400008000004C0DE
:102A600002C000000884008400A00084400802C066
:102A7000C14041C008C02102020202028302820258
:102A800002A0200420A041092010000202840800B6
:102A900010000800400441C0200203A0028400008E
:102AA0000000000000000010000000000000000214
:102AB0000000000000000000000000000000020014
:102AC000000000000003000300100005882100083A
:102AD0000041010900050002204009900280000029
:102AE000C000880000008800000820090000A090B5
:102AF000891002A0000289000410408390840283A0
:102B0000418001212000C1030040000800000800AE
:102B1000080040090000890200040008000941087B
:102B200000000000000000000000000000000000A5
:102B30000000000080000000000000000000000015
:102B4000000000000000210011A011100082100000
:102B5000831000C00084858400C009820082800048
:102B600000000310038900828284802088C08011C5
:102B7000828408001008118808000200050841003E
:102B80001110901191018509418880C003104040C7
:102B9000881080084041400805900010041000840F
:102BA00021100000000000100000000000000000E4
:102BB0000000000000001000000000000000000005
:102BC000000000000010000000000000001088411C
:102BD000880002100003000002030003001000033D
:102BE00010000000002100040010054120850508A8
:102BF00004042105004100038841004100400041D8
:102C000000000805400440024004000004000004E5
:102C100083094005020041820110840382000900FB
:102C2000000302000000000000000000000040005F
:102C3000000000800000800000000000004000084C
:102C40000011000900110040001100A10008000956
:102C5000100800C0808089001011008009800000E9
:102C60004000200000001100800080801100210938
:102C70000040084008020080800008C00083100463
:102C8000050411200410400800C000100505104084
:102C9000208510411090050300A088418285108591
:102CA0000021A082052000000000000000000000BC
:102CB00000000000001000001000000000000000F4
:102CC000000088010001200040210020000890C180
:102CD00084900120001102820584018900109082F5
:102CE000901000820120000000108408201000C015
:102CF0004000900090010101100484840141009083
:102D000010008900000000001141888502A1000028
:102D1000054040850400000800004084210009842B
:102D200041100409A0210009000000000000000279
:102D300000000000000000C00000000000000000D3
:102D4000000100C08889839111009082A184020152
:102D500082008411402002900500900004000011C0
:102D6000040190110021211000000402400141885B
:102D70008820028802080182214104108482A04038
:102D8000408509914108C101C11004009083C02110
:102D90000284A01084052090A0844000918203004A
:102DA00009020082000200A1C10200000000000030
:102DB00000804000000000000080000000000000D3
:102DC0000000000200808089899191001121829188
:102DD000A10500028008000880009108000800009A
:102DE0000082040808C004A110A0000000C0041064
:102DF0009000408804001109054084838991C01126
:102E000091208811C010C00402109002110508849E
:102E10000890059040A003A041411091004008A0F7
:102E2000100483A10511404100052090000000001E
:102E300000001100000000000000110000800000F0
:102E40000000008011000000400009800300000025
:102E50004008888810000000888020000000008062
:102E600003218080028541080910808300000089C9
:102E700010050385801020A008200240058484806E
:102E8000008080000300038500054105081090C103
:102E90004109028990099011212140A0C02141C11E
:102EA0004104418540054082404084024085000045
:102EB0000000000000000000000000000000001002
:102EC00000400040000201000000000001880100F5
:102ED00084880291841000200020A084214010A04A
:102EE000A0089189900801A08520212140110000AF
:102EF0000084A100008482018902014001058983C8
:102F00000404040808100120082000080088084173
:102F100009110190018490A0040000210185034162
:102F2000910901A0C1840388010909101089C18396
:102F30000000000000000000000000000000000091
:102F400000000000000000008291898482008888CF
:102F50000009010000000004840011000100038842
:102F6000880520848490C0A1854120049001902090
:102F7000000010030804881002C005410802020086
:102F800003028202050182009010830009400220A2
:102F900021A08841A02088012005C082020982402A
:102FA000410404C041028500890000200300400163
:102FB000030000000000000000000000000000000E
:102FC00000000000000000000000809189800000E7
:102FD000808020100211080821008904820040002E
:102FE000A0000010050080800088101003A0802140
:102FF000200000000002802000A08000A041858009
:103000008220910090A1052020050880A002C10324
:103010009008100010A01084051009404184091088
:103020000588100082888480880010000380850055
:10303000822188080000000000000000000000005D
:103040000000000000000000000000002141000B13
:10305000D00000000000000000002100000000007F
:103060000000000000600000D00000880088000020
:10307000C100000000008181000BD000008282416D
:10308000000BD0000084000000000000004100415F
:103090000000D00000008241000BD000820082417D
:1030A000000BD00041008200000B000006008200EF
:1030B000000B000000000000000000000000000005
:1030C0000000000000000000000000000000AAFF57
:1030D000AAFF00000000683060C000FFFF0037E476
:1030E00017030000000000FF000000FF0000D700F1
:1030F00082000300A0A0000000000000903011102A
:103100003C3C7C7D00FF0F0F02C243C30000000067
:103110003C633C6C95556AAA595959599969696932
:10312000556955699C3C63C3807F7F809C3C63C329
:1031300001C303C33500F7000000000000000000D9
:10314000000000000000000000000000000000007F
:10315000FFFFFFFF000000006A3362C300FFFF00B3
:10316000080B37870000000000FF000000FF000090
:10317000FF28FF7D0000A0A0000000000000C02686
:1031800040C43C3C7C3C55553C3C00C041C1000027
:103190000000C39CC393C0003FFFA6595959CC3CC3
:1031A0003C3CA5995569A0005FFF807F807F9C3CD7
:1031B0009C3C00C300C30500C700000000000000E5
:1031C00000000000000000000000000000000000FF
:1031D000000008CB08080000FFFFFFFFFFFFFFFA19
:1031E0003E3E3E001A82000000000000F0F00000A9
:1031F0003C3C00000000FFBE0A0A00000000000086
:10320000FF00FF0000F00055FF00CFC05C5C5C5C7D
:103210000AF50AF5728D5AA501FEFE01CCCCCC99B7
:1032200001FEFEFED8D8D8D801FEFE01D7D7D7D8E8
:10323000F0F0FF00FBA2BA200F0FC3C30000000094
:10324000000000000000000000000000000000007E
:103250000000000000C300000000FFFF033C060662
:10326000000000001F429C40000000000000F0F041
:1032700000003C3CFFFFFFFFFFBE5F5F000000005F
:103280000000FF50AF00C3C3C3C3F303C3C3A3A372
:10329000A3A308F700FFF00FD827FEFE0101F0F00E
:1032A000F0A5FE010101D8D8D827FE01FE0128288B
:1032B0002827F0F0FF0000000000F0F03C3C000088
:1032C0000000000000000000000000000000008678
:1032D000006000B00000010200B40380000000861E
:1032E0000C6000B8000000860C6000B00000A886EA
:1032F0005474A0B200150186007400B900000000EB
:10330000008650F401B00005A08652F4A1B000057B
:103310000086006000B00840C286C17430B4084323
:10332000C286C1F431B40843C286C1F431B4084343
:10333000028601E001B44240008600E001B00000D6
:10334000000000900800000000000090090000004C
:1033500000000000CFFFFFFFDF20DFDFFFFF0000E6
:1033600000000000000FFFF0FF00FF0000FF00FF63
:103370000004040401BFFFFFEBFC28FC2030200008
:10338000000055555555FFFFFFFFFFFFFCFFFFFFF6
:103390003D3DFFF0AA3C1414D7D7F5A055AA5CFF19
:1033A0000000BE003D00FFF0FFFFBE00AB00FFFFCE
:1033B000FFF5BC003C00555F0000AAAAAAAA800045
:1033C000010000000000000001400000002000108B
:1033D00001400000000000003000FF002020FFFF3F
:1033E000000000000000FF0F00F0BEBE828200FF60
:1033F00002FF001414140B1FFFFFEBC028C07F3F17
:103400007FFF0000501000003CFF3CFF0300000065
:10341000BFBDBEBC00F0AA3C033F033FF330C33C3A
:103420005C5000003C003D00FCFCFFFFAA00AB002C
:10343000F5F5FFF5BC007D00555D0000E8AAE8AA9F
:10344000000000000040400000000000004040007C
:103450000002020000000000000000000000000068
:10346000AAAA55AAFFFBFFFB0000000000C0FFCF87
:10347000FFFF024335355C5C00FF00FFA0AF0AFA96
:10348000D2D2F0F0000000AAC0EA00C300C30000DE
:103490000000C7C70505C0C0BE8200FF2FFF0000A7
:1034A00000000F35FF35FFFFFFF03D3C3C3CFFFFC8
:1034B000FF3C3C3C3C3EFFFFFFFF3F03FFFF008023
:1034C0000110FFFF0000400000000000000240006B
:1034D00000000000000200000000000000000000EA
:1034E0000000555500FF0008000805FF353503C3EF
:1034F000F3C3000002433C55553CCACACACA28EB74
:1035000082BED2D2C3C3000000AAC0EA00000001FC
:103510000000000005050505FCFCBE8200FFEFFF72
:10352000000000000035F035FFFFFFF03D3C3D3D61
:10353000FFFFFF3C3C3F3C3EFF3CFF3CFFFFFFFFEB
:1035400000080089FFFF00000000000000000000EC
:103550000000000000000500000000000000000066
:10356000000000000000000000000000000000005B
:1035700000001100000000000500004000000000F5
:103580000500000000000810008002100200020088
:1035900003000210080020A0000002000300020047
:1035A00009000520110002A0849002000000210003
:1035B000000011C0000011001100080804080400F8
:1035C0002188000804000820040400000000000016
:1035D0000000000000000000000000000000840067
:1035E00000000000000000000000000000000000DB
:1035F00000000000C000000000000000000000000B
:103600000000000000000000090000C000000000F1
:103610000800000084000000000000000000080016
:103620000000000084000000000010008200000084
:103630008200C000004010000000000002000400F2
:1036400000000000000000000800A0800000000052
:10365000000000000000000000000000000000006A
:1036600000000000000000000000A00000000000BA
:10367000000000000000000000400000000000000A
:103680000000410000A000900000800000000990B0
:1036900000100010000000C00090009000C000C0AA
:1036A00041880000008800002100002004080082FA
:1036B0000040000011C0000810A010C000C00000B1
:1036C00000C000000090212000A021108410000004
:1036D00000000000000000000000000000000000EA
:1036E00000000000000000000800000005000000CD
:1036F0000000000000008210000000000000000038
:1037000000100010000000100820A0210408000094
:103710000011002100000000A0210010000800108E
:1037200000110010001000100010004000100120D7
:1037300000102010881002030010A020000000409C
:1037400000000010000820100010A000021011213D
:103750000000000000000000000000000000000069
:1037600000000000000000000000000000840005D0
:10377000000000400084000000A04010000800008D
:103780000200400240840000000000000008A00089
:103790000000208404100410041008100210008897
:1037A000000000842008090021C003840900098466
:1037B0000010210840100010001010841002008436
:1037C0000000088800042188030008842002058482
:1037D0000084000000000000000000000000000065
:1037E00000000000000000000000000000000000D9
:1037F0000408400904040000000000402000882163
:10380000001002000005040500204003A00084040D
:103810002010000004040041040002110809840083
:103820002003000008048821C0008809100000005F
:10383000020800048820840208040003020984208E
:103840001000204002000403A004A0000011C000EA
:103850000000901100A00000000000000000000027
:103860000000000000000000030000000000030052
:103870000000A00020000084000000000000009074
:1038800000900008000000C0038800A000080008A5
:10389000008210C00000008803822188008820A0D8
:1038A00020900000008805880088008220884182DE
:1038B00000041188084041200000004005880000F5
:1038C0000390034000821000080010884108008225
:1038D00003401090A19000000000000000000000D4
:1038E00000000000000000000000000000000000D8
:1038F0000000000008000000000090000000000030
:103900000400900000000403000000110003000503
:1039100082009010A1090000A021A02188000220AF
:10392000082182090009C01120410005000590030B
:10393000900982200041A100880500099000042020
:1039400000201021C021841000118205882102214D
:103950008200A00302000821000000000000000017
:1039600000000000000002840000001002100000AF
:103970000000000200000000000000100000000035
:103980000000400000A010000000201008100004FB
:103990000388404009000010000009820000400236
:1039A00011902002000011001100004021102100A0
:1039B000002011C000C000C00002111000A02108AA
:1039C00010042100200021020090032009100200B1
:1039D000101010A020000340021000210000000081
:1039E00000000010000000000000000000050011B1
:1039F0000000000500000010000000080011040392
:103A000000412002000000100003820300020408AD
:103A100000080005004100008809000000408410F3
:103A20000000041004104011200982001008200238
:103A300090080202902004000021842110411040CF
:103A40001005881100110441900908214010A000C0
:103A5000A009400900000441C020A010000000009F
:103A60000000000000100000000000000000000046
:103A70000000000000100000000000000000000036
:103A800041000000000041000000000000100000A4
:103A9000082000100010040000000040000000009A
:103AA000201041000000118210A0000000000088DA
:103AB000008803100300001011082000A00000007F
:103AC00004000584034000000010004000000000D6
:103AD00000842110119009100000001020C0000087
:103AE00000000000000000000000000000000000D6
:103AF0000000000000000000820000000010001024
:103B0000042004000200000004200800C0049041CA
:103B10009003000388050241902188209003000053
:103B2000000804090200820388000841880002009E
:103B300002080011901000109008A00084112000CD
:103B40000400881100218841900804088808882012
:103B500010400204084008410800A02102408209E8
:103B6000800000000000008080000000000080084D
:103B700000800000000300090000400000800000F9
:103B8000000003000080000080000000000000082A
:103B900080000000000300080000400000800000DA
:103BA0000000800003000080000080000000000092
:103BB0000010800000000003004000004000008072
:103BC0000000800010000000008080001100000054
:103BD00000410000000000030040000000000080E1
:103BE000000082000000008200028200000000400D
:103BF000080000100800000100000000000000C0E4
:103C000000000800010000C0000882000000004021
:103C1000100082828800000100010000000000C046
:103C2000000000004000010000C0004082000000D1
:103C30000040080082A08800000100000000000091
:103C400000C0000082000100008200C0820000006D
:103C50000040C001000288000001000000000000D8
:103C600000100000000088000000000000001100AB
:103C70000000040090008201001088000000000095
:103C8000000001880000840000000000000089009E
:103C9000000004009000A001008208000000000065
:103CA0000000010800000000840000000000000087
:103CB0008900000002009000A100008820000000A0
:103CC00000000000012000001000000000000000C3
:103CD000210000000200900082010010200000007E
:103CE000000000010088000000000000000000004B
:103CF00084000000000008000941000800080800D6
:103D00000000004041000000000000000000000032
:103D10000400000000000800094100C080080800FD
:103D20000000004041800000000000000000000092
:103D300000000400000080004000020200408000FB
:103D4000080000000040410000008000000000006A
:103D500000000400000080004000034100098008CA
:103D60000800000000031100000000000000000037
:103D700000000000000041100021000000000000D1
:103D800000000000008000000000000011000000A2
:103D9000000000000000031000020000000000000E
:103DA0000000000000800000000000000000000093
:103DB0000000000000001000039100020000080055
:103DC0000000000000000080000000000000000073
:103DD00000000000000000800341004000000000DF
:103DE0000000000000000080000000000000000053
:103DF000000000000000001001880000000000002A
:103E000000000000000000C00000000000000000F2
:103E100000000000000000A0008900000000000079
:103E200020000000000000C00000000000000000B2
:103E3000000000000000000001A001C0000100001F
:103E4000010000000000000000C0000000000000B1
:103E5000000000000000000000100005000000004D
:103E60000000000000000000001000000000000042
:103E70000010000000100010890000000011010077
:103E800000400000000000400000001000000100A1
:103E9000001000000000000088000000000000008A
:103EA0000040000000000040000000C000000000D2
:103EB000001000C10000000000828800000000C067
:103EC00001000040000000000040000000880000E9
:103ED00000000010000000880084890000000082BB
:103EE00001000040000000000000000000A00000F1
:103EF000110000910000000010800200000000038B
:103F0000040000000000000000000000008000002D
:103F100002000091000000000800200000000040A6
:103F20000900000000000000000000000000000088
:103F30000000118000C10000000008002100000006
:103F4000004004000000000000000000000000002D
:103F500000004000001000000000080020000000E9
:103F600000A10800000000000000000000000000A8
:103F7000000000000000120000000000000012001D
:103F80000A48000BD00007000000000000000000FD
:103F900000000000000012000000000000001200FD
:103FA0001148000BD0001284000000000000000047
:103FB00000000000000000001200000000000000EF
:103FC00012601148000BD000120000000000000039
:103FD00000000000000000001200000000000000CF
:103FE00012008148000BD000120000000000000009
:103FF0000041000000000000000000000000000080
:1040000000000000000000000000000000000000B0
:1040100000000000000000000000000000000000A0
:104020000000000000000000000000000000000090
:104030000000000000000000000000000000000080
:104040000000000000000000000000000000000070
:104050000000000000000000000000000000000060
:104060000000000000000000000000000000000050
:104070000000000000000000000000000000000040
:104080000000000000000000000000000000000030
:104090000000000000000000000000000000000020
:1040A0000000000000000000000000000000000010
:1040B0000000000000000000000000000000000000
:1040C00000000000000000000000000000000000F0
:1040D00000000000000000000000000000000000E0
:1040E00000000000000000000000000000000000D0
:1040F0000000000000000EDE0000000000000000D4
:1041000000000000000000000000000000000000AF
:10411000000000007B700EDE0000000000000000C8
:10412000000000000000000000000000000000008F
:10413000000000007B7000000EDE000000000000A8
:10414000000000000000000000000000000000006F
:104150000000000000007B700EDE00000000000088
:10416000000000000000000000000000000000004F
:104170000000000000007B700663C0020000000029
:104180000000408C0700000000000000300200002A
:10419000000000004003C6600663C002000000008B
:1041A0000000408C0700000000000000300200000A
:1041B000000000004003C66000000663C00200006B
:1041C00000000000408C07000000000000003002EA
:1041D0000000000000004003C6600663C00200004B
:1041E00000000000408C07000000000000003002CA
:1041F0000000000000004003C66000000000000056
:1042000000000800000000000000050000000000A1
:10421000000000004100100080002020200020004D
:104220002100100008A08300A008800000000010FA
:10423000900011100210040002010000C0000040B4
:104240000008840084030010001084008002110024
:10425000000021000082880004880002C0000900DC
:1042600000A0044021C1C1A02001A0A0030404A01B
:10427000040004008001044002022101000000004B
:10428000000000000000000000000000000000002E
:104290000000000000000000010008000100010013
:1042A0000100000009000100400040000200000081
:1042B00000000300000001000000010200C04100F6
:1042C00000000000020002820000000008002080C0
:1042D0000000000000000000200000408489410030
:1042E0000000400000000408400001400300C080BE
:1042F000010001000100041000000980824000005C
:1043000000000000000000000000000000000000AD
:10431000000000000000000000000000000000009D
:1043200000000020800000008000100000008000DD
:104330001010000002008000000183000400000053
:10434000A0042020209080000020022000002000F7
:1043500021C1080880880410C1400920880804840D
:10436000040200000000002010C18403002004109B
:1043700090208002414000C02003201184080002E8
:10438000000000000000000000000000000000002D
:10439000000000000000000000000000820000009B
:1043A00000000000000002000400100001000000F6
:1043B0000400010000111100040000201010011081
:1043C000008040800080041002100010890000204E
:1043D0004000002000102011901002A004082110BD
:1043E00000101090000800200011084021820010E9
:1043F000000004900490820004109190024002108A
:10440000029000000000000000000000000000001A
:10441000000000000000000200000000000000009A
:104420000000000040000000001000020200119097
:104430000200000021000000000000104010800277
:104440009088000002020282210000020002110096
:1044500080820008400420404002838589C10240D8
:1044600020010202208802C002902110028202C0B4
:10447000040085C0004000040041000200840211D5
:104480001102A10200000000000040000000000036
:10449000000000000000000000100020002000408C
:1044A00000100010900000000010400400100041B7
:1044B000002101000010040200030420900090215C
:1044C000021041100000018001100000000800846B
:1044D00010050203040800104108012040040240B6
:1044E000010084020010021001000900C000000059
:1044F000C1100400400500021008000204840041BD
:104500000002001002100000000000000000000087
:10451000000000000000000000000000000011008A
:104520000000040000020000000005008000118867
:1045300000000000000000C000408408002000903F
:104540008000080004000000102010820040088253
:104550000002009000009008840000001120110467
:1045600000A0104000A10383040505009100042071
:104570008404898808008000200085042040840885
:104580008800000000402000000000000000000043
:10459000000000000000000000000000000000001B
:1045A00088000000000500A100000000820020003B
:1045B0000000820002100408000004090580049035
:1045C0008208040804000141000000908203C0A199
:1045D000024000A000088404021120050404000425
:1045E000A010101090A0A04020408884A0030410C8
:1045F000000020800400004020412100200008101D
:1046000004410210A0418889040500000000000058
:104610002000000000000000000002000000000078
:10462000000000C040000000200009000000401011
:1046300020A004820408040040400240040041001D
:10464000040004900900058821840000090010027C
:1046500005028400C0400040209010844140800149
:1046600040840504024102100401842010410484A6
:10467000002003030302A040112003A0A02000019A
:10468000402041024103052082C0848200000000D6
:104690000005000200000009820400000200004141
:1046A0004000000500050000000000004000000080
:1046B0000008000400000000010300001100910048
:1046C00004000100831100004010000800000010E9
:1046D000000020040300412120002004000000000D
:1046E0000440000900200140014001042000004076
:1046F00000110080084084200205900300034080E0
:1047000088204080000000400010040009200000C4
:104710000000000000000000000000000000000099
:104720000000000000000000000021000000000068
:104730000000890080084008211100000008800066
:104740001100021104880004200083C105A00000AC
:10475000008200098400804000089084100840A076
:10476000418805828304C1108220200000030800D4
:104770002102000020900984020184A000A0414091
:10478000092005900010031188824184028402C12F
:104790000000000000000000000000000000000019
:1047A00000000000000000000000001000000000F9
:1047B0000000040020082008400000A0000082083B
:1047C000040900088840820300031020042090039D
:1047D00000009011042004400404202004059008E7
:1047E000020808210841048804102010210588A02F
:1047F000040310A004104008044002402005820277
:104800002021900484208804C0200510880882207C
:104810002020000000000000000000000000000058
:1048200000000000000000000000020500108008E9
:1048300010400308800008050908050380002008CF
:1048400009040580838803C020832105102140418D
:1048500020200000A10490C0048520C009C14004AC
:104860002085090283038989080209410083801099
:10487000210989900811C1210008031000902140EE
:104880000808000540030020101000080000001078
:1048900000102008000000000000000000000000E0
:1048A0000000000000000000000000000100000007
:1048B0000800010101000800010001010101C00020
:1048C000110100000004C084104100100000050028
:1048D00004010101000088C01102C11000114090C4
:1048E000049104C0001091890510A18501890083FD
:1048F000C000C00009051100841184820190900954
:10490000840040A000C001018891890200210204B6
:104910000000020001000000000000000000000094
:104920000000000000000000000000000000000087
:104930000005000800009000058802110201000037
:10494000000000100000C0402000004003058890D7
:1049500004900821C101000004080485082085C0D6
:10496000049183414089111000102010A005088493
:10497000050511882091A001A00021914004A0C04C
:1049800004824000020020A1020110039010910354
:104990001003889008828388000000000000000057
:1049A0000000000000000000000000000000000007
:1049B00000090008000800000000828088A180082B
:1049C0000000000000850010200991000900C1834B
:1049D0004100A01105A1412000008883C008C00843
:1049E000908884C008411040108800040000804076
:1049F0002185A010C080802000114003084110A133
:104A000040A0808000058005804100104102000325
:104A1000202000A009419010900300000000000039
:104A20000000000000000000000000000000000086
:104A3000000002080004080840080280008009887D
:104A40000091050905050904108910408420909003
:104A500041C0080020210089038500000908214089
:104A600088838808110484054041042141414004A1
:104A700085C003038220100009898282C1C080089A
:104A800009C08903838021000280848089048020FA
:104A90008300054180090010040009400000000067
:104AA0000000000000000000000000000000000006
:104AB00000000000010100000000010101040004E9
:104AC00001850020004000C100411183C090A10178
:104AD0002085912000C000A000029021000021004C
:104AE000A1108508401000200920A1022008002103
:104AF000888385090983834010088910100405857F
:104B0000C000888404004002004001A0080404A002
:104B10008200A04008080400000000C0C00000009F
:104B20000000000000000000000000000000000085
:104B30000000000000008300880011000100000157
:104B40000090000100200100010200000100208906
:104B50008840840020044000010000000020000084
:104B600085040041402088A083214120C09002108C
:104B7000858840A105011108838988A0118208C099
:104B80004008400210010908882008202000400247
:104B900041080184910108088308842090000808D6
:104BA0000000000000000000000000000000000005
:104BB000000000000000000082008400C00010001F
:104BC000000805050008028003000800030010210A
:104BD00000200091800400800803110300050340B9
:104BE00000009000408804894000C0C141C189098B
:104BF0000980830583409004918083051109210277
:104C0000020003C10404C0100800118003008300E7
:104C100083800380400808084000830305000503E3
:104C200041800000000000000000000000000000C3
:104C3000000000000000000000008200000B0000E7
:104C4000000000000000D0000A002100000BC1009D
:104C500000002100000B000000508200000B00004B
:104C6000000000008181000BD00000008200000BDA
:104C7000000000000600000BD00006600A00000BD8
:104C8000D00082008181000BD00000608241000BC7
:104C9000D00081000660000BD00042000660000BCF
:104CA000D000000000000000000000000000000034
:104CB0000000000000000000000000003610128616
:104CC0009021A2287E007E00666666004000226673
:104CD000B99D766E0000000077771111C342000085
:104CE000FFFF00000000C018C0DB09F9C0C0C9C93F
:104CF000C9C9C0FCC0FC24249F06F6F624BD660684
:104D0000187EFF3C0000C090CF90090309F37FFF9D
:104D1000400000000000303F66664B4BB4B4F960C1
:104D20003C3C3333C3C3000000000000000000001F
:104D30000000000000000000000000000000508A99
:104D4000C89400128004180018000066000040009B
:104D50002266300C300C000000006FF60990C34250
:104D6000FFFF09F909F90000FC18FCDB09F9CFCFB6
:104D700000F00FFF8181BDBDBDBD9F06909024BD99
:104D80006000187E003C0000C09FCF9FF903F9F33C
:104D90007FFF400000000000CFC066664B4BB4B4FC
:104DA000069F3C3C3C3CCCCC0000000000000000D6
:104DB00000000000000000000000000000000000F3
:104DC00000000000000000000000000000000000E3
:104DD00000000000000000000000000000000000D3
:104DE00000000000000000000000000000000000C3
:104DF00000000000000000000000000000000000B3
:104E000000000000000000000000000000000000A2
:104E10000000000000000000000000000000000092
:104E20000000000000000000000000000000000082
:104E30000000000000000000000000000000000072
:104E4000000040EC0008000000003030F0F060602E
:104E500060601C1C000000000000F0F1F0F1810017
:104E6000A108999998998D0FFFFF00009F42064273
:104E700018BD0CBD0FC30FC3BDBDBDBDBD2460605B
:104E8000FFFF666600666464B4B4B4B49F9F9090FC
:104E90009900E6E600000000FFFFFFFF00FFD4D40A
:104EA000F0F00F0F65956595000FFF0F00000000F3
:104EB00000000000000000000000000000000000F2
:104EC0000000000004102100000000000000C0C02D
:104ED000006600662C2C101000000000F070F070CE
:104EE000002400220F0F0F0F8D99FFFF00009FDBA2
:104EF00006DBDBBDCFBDFF990099DB18CF0CBD24CD
:104F0000F9F9999900000066040400000000CFC080
:104F1000CFC0FF66EFEF00001880FFFFFFFF00FF2C
:104F200017179999666665956595FFF000F0000082
:104F30000000000000000000000000000000000071
:104F400000000000000000860CA001B000000086F8
:104F5000007000B00000088604F001B00000008678
:104F600000E001B0000000860CE001B0008000000D
:104F7000A08600F401B30000008600E001B3000049
:104F800008A604F001B2000008860AF001B0000093
:104F9000A08600F401B30000A08652F4A1B0084539
:104FA0001286219401840840128601F401B408405D
:104FB00000000000000000000000000000000000F1
:104FC0000000000000000000A0A0FF55000000004D
:104FD0000000000020FF3CFF00000000757D20283D
:104FE000FFFFF3D7828200FF0000FFFFC02522D61B
:104FF0000000FFFFFFFFFA0AFF0000FA00FC200894
:10500000000AFFFFFFFF000400FF0CFC59A9F8FD98
:1050100000000F0F0F0FFFFFFFFFFFFF000C00004E
:105020000103BFBFB3B37D7D14BE00000000FF00CD
:10503000FF00000000000000000000000000000071
:1050400000000000000000000000A0A0FF550000CC
:105050000000000000002CFF3CFF000000000000EA
:105060000000FC7DF055D7D700FF0000FFFF0C00CB
:10507000010A0000D5D5FDFDAAAAAFA000F000F0FE
:105080000000A824FFFF1F14008600FF0CFC59A994
:10509000085D00000C0008003CFF3CFF000C000C09
:1050A000000000018C8C8080282814BEF8F8FCF0E9
:1050B000FF00FF00000000000000000000000000F2
:1050C00000000000000000000000000000000000E0
:1050D0000000000000000000EFE545450000000072
:1050E00000000000C3C3C3C3CACA0F0F0000000002
:1050F00000C200000000F0F8F0F05D08DF8AD01078
:10510000F7F428BEA0FA0000FAF85F55FFF500009A
:105110007D7D0C00FC000A0A0A0A0C1C0000CFCF9F
:10512000C0C00F0D0F8FB4B4B4B4281E7D1E000094
:10513000FFFF000000000000000000000000000071
:10514000000000000000000000000000000000005F
:10515000000000000000000000004F454545000031
:10516000000000000000C3C34B41CACAFFFF00009B
:10517000000000FA00000000F0F8F8F85D08DF8A8F
:1051800000000000000000000000F0F0FFFFFFFF43
:105190008282FFFFAAAAAAAA0A3E0A3E0C0C0000BD
:1051A000CFCFC0C00F0D0F8FFA50FA50281E7D1EB2
:1051B0000000FFFF080000020000000000004000A7
:1051C00000000000000000000000000000000000DF
:1051D00000000000000000004001000090000000FE
:1051E00040000808000021A0C000800091000201DA
:1051F000C002000000000000000084100010020047
:1052000011A040110020A000200084002040202098
:10521000840104080000020011001100A040800079
:105220008304118911000588040804100410040087
:1052300020004011211000200008000000000000A4
:10524000000000000000000000000000000000005E
:1052500000000000000088000000010200001100B2
:1052600000000100010000000000030002000240F5
:105270000040418010000000000000C0400000001D
:1052800005000000014000A0020000002000018095
:1052900005202040000000000000A000900011C088
:1052A0002000200090020003040000000111100003
:1052B0000504000003044009008000000000000015
:1052C00000000000000000000000000000000500D9
:1052D00000000000000000000000000000000000CE
:1052E00084004000000004000000400000000000B6
:1052F00000004100801000C000008000000040203D
:105300000010000000080002042000000208102025
:10531000000000C02102800480020802000000108A
:105320008010032080004040001000080000800131
:1053300000400220000041088040002000100000D2
:10534000000000000000000000000000000000005D
:10535000004000000000000000000000000000000D
:1053600040001100010000000100000001000000E9
:1053700010000008000004080000001002000000F7
:1053800001C140000010000004000040000089003E
:105390000010C02140110011048804000040A0004A
:1053A0000010042104214010018800100000821028
:1053B000404020A1C190002100410421881000003C
:1053C000000000000000000000001100200020008C
:1053D000020021002000000000000000000000008A
:1053E0000000008480020000008800040000040027
:1053F00040000008000800A0822000008010000883
:10540000000000900000000082104001024000A057
:1054100040108001800404100802A009021002005C
:10542000800000C04008004120A0111100100200BF
:105430000010402182102082000088A1000200207C
:105440000400000000000000000000000000000058
:1054500000000000A000200000000000000000008C
:1054600000000000400502051040000082210000FD
:10547000A0020108A000820008110510820802089D
:10548000840000000408C01010000521852001419F
:1054900020119010020420902102010802028505CB
:1054A000A10302400011010500A09040100200027B
:1054B0004100000411820310C000100040400808A1
:1054C00000A02002002000000000000000000000FA
:1054D000000000000000008480100482031080009F
:1054E00011000000008840008200112000080082A6
:1054F00000000404C00021000410050020200088E2
:105500000300112000004120028200012100C000A0
:10551000201041051082410400C10801080140A08B
:1055200009A00400110810A121880340040041A033
:1055300040110220090080018488110009108305B0
:1055400008C0050000850000000000000000000009
:105550000000000000000000000002000100000048
:105560002000000000000000010005000083000092
:1055700000000011001141008800000084000010AC
:1055800000000000008000009080091188200000C9
:1055900004110000002000200080002000200004F2
:1055A00001080008A110001100200000A000010067
:1055B0000000904083800000024005008208000344
:1055C00004820000C009002000000000000000006C
:1055D000000000000000000000002000201020005B
:1055E00000004000041000A1400009000400C100B8
:1055F00000004010C1848303400400400910408231
:105600000804044000208000000040A004200200A4
:10561000088200004020002083100320001089A091
:1056200080100010020880004100080408020410E5
:1056300010022100001004000310410008844040C3
:10564000108440021102102003000000000000003E
:105650000000000020000000000000000000010029
:1056600001000010A10001089004051000000110C5
:10567000100000009000200420088810A0080008F6
:10568000A0004008852084890400000001084180B2
:10569000902040050240008240880402C088C0007B
:1056A0000205040000118820040890414080404019
:1056B000030400080000900803200400C000000854
:1056C0000000400008000200A000100000000000E0
:1056D000000000000000100000000000200020007A
:1056E000800000002184008400A000200000000051
:1056F00021C004820300208204000800110440102D
:105700000408091011C0002000C100200000412041
:105710000908040080004189401000C08010058401
:1057200008A00004110182081110040204008285FF
:10573000008520C084110240040002000840400897
:1057400002A020200300101004840808004100007B
:105750000000000000000000000000000000010048
:10576000010010000000000000000000008000099F
:105770000000000001050000000082050100008219
:10578000000000000000900000800020C000000029
:105790000020401001000400000204410000040049
:1057A0000009000800A090202004000000008408E8
:1057B00020200040890020208800A00001000480F3
:1057C00089090005008008000000210500108840BC
:1057D00000000000000000000000000000000000C9
:1057E00008000400000008009103040400400909B7
:1057F000114140100040C041210389040904914136
:1058000002208010000309820888888503C1404077
:10581000000003401041202120410890009010A07A
:105820002184041109210588081104898089001048
:1058300011C02103004080032011C011859083888E
:1058400002894109200410888220A18305C109A092
:105850002091000000000000000000000000000097
:1058600000000000000020009000890100011001EC
:105870000000100000010000C001910185018400BA
:10588000840101C184010010001000090884C005D2
:1058900001050000010105000400000121111009AB
:1058A000C005001020020410824101080203844058
:1058B00002830008040100002000010002A004414E
:1058C00004C0008400900000050840014108051054
:1058D000C04010C0000000000000000000000000F8
:1058E000000000008800A0004000C000011001C0BE
:1058F0000011010004000802088209000800418923
:10590000A001090088A00841A12010110490409135
:10591000022003020000002020892040208409206A
:1059200041A1200283029020A108900304024103B8
:1059300020091021110805904085410390041000B2
:1059400000914109000210A084A1880385C0A00233
:105950000590038321080000000000000000000003
:105960000000000000000000000900008009200085
:105970002100009103000500858405C003009111FA
:1059800040880802A010208811C1080502104003B9
:10599000A141C041C021000040841041408891C015
:1059A00090804008409182910489410320A189910F
:1059B0001083C008C08810048502880305838820EE
:1059C0002000400802A020910400824108839089B1
:1059D0000882201184049084000000000000000070
:1059E000000000000000000080080008104000884F
:1059F0000911080909049103208800110011A0036E
:105A000009830020411021844090802091C103022D
:105A10004111082109A141910000080509A11008C0
:105A2000C0100590842108A082C104052103211122
:105A3000830989A0024008911040200403402002FD
:105A4000C0414040401088A141A1104003084021BE
:105A500008C190C005C0839108C00000000000008C
:105A6000000000000000000000000800000001002D
:105A700000890100000101011101C109000000209D
:105A800088010310008800890182118502010884C1
:105A90000100010009A01084214000000102000261
:105AA00001C1110900910504050840050090C0A03E
:105AB00004902100A0840000C184400091000100F6
:105AC0000100A10000091011038401030801010075
:105AD0001089891105A02020208402020000000006
:105AE0000000000000000000000000000091009095
:105AF0000000002001400183000801000141010075
:105B0000000000888308C011840310050220A0054E
:105B100088084008A0208420840040000000A000E5
:105B2000030104000400850241400801088882A0A6
:105B3000050982000400A0041021830008C082101F
:105B400008A1102082C084080403844121884009F0
:105B5000008511A100A0010200089083A0020000AE
:105B6000000000000000000000000000000000082D
:105B7000000000000000030020820909400020C14D
:105B8000042140042000899021C083850910400928
:105B9000A1040909858004A02191A040880000008B
:105BA0004100101083090300908090084110030801
:105BB0009185028304028803210488411003C000F8
:105BC0008583C00405020300C0801110409020119D
:105BD00005850821212104A10821054040081080E5
:105BE00000000000000000000000000000000000B5
:105BF0008181000BD00000008181000BD0004100AA
:105C00001100000B000000848181000BD000000017
:105C100000410000D00000480600000B000000001A
:105C200000008200000B000041001100000B00008A
:105C300000008241000BD00041410660000BD00003
:105C40000A008241000BD0000A418100000B0000D5
:105C500000008200000B00000A410660000BD0002B
:105C60000000000000000000000000000000000034
:105C7000000000000000000100000CFCF5F53C3CB9
:105C80005555000C0000001000400FF06FF90A4C51
:105C90001400DAD08A80AAAAFF00C0BEC082CFC09A
:105CA000CFC00000AAF0AAF0FA504141C3F0AA0008
:105CB000B2B23C0000FF0A5F0F0F1EAFE3E02320EB
:105CC000CFC00A0A00000078414FF1FFFF00F0F05A
:105CD000E545E0400FCA00CACF0AC00A1E1E1E1EBC
:105CE0003F3F05F50000000000000000000000003C
:105CF0000000000000000000000000000CFC050592
:105D00000F0F00FF00A00003000000000000696901
:105D1000131121E1DFD58F85F0F0C3C3FCBEFC82F7
:105D2000AFAFA0A00000C3FFC300FA50EBEBC3F07D
:105D3000AAFFB2B2FFC300FF14BE0F0F1E05EFECA7
:105D40002F2CCFC0FAFA000078FF41414141C3C374
:105D5000AAAAEF4FEA4AFFCAF0CACFFAC0FA00AACD
:105D600055FF303005F50000000000000000000085
:105D70000000000000000000000000000000EB2810
:105D8000FCFCAAAAFFFF0400000155145454FF288C
:105D9000F0F0288078D0030314D7FFFF5555022A6E
:105DA000436BF0FC05050000417D417D29AB29BF17
:105DB000550F00C33C173C03BE14FF00FBC8FF0097
:105DC00010D013D3AF41AF4B41551410FF0EFF0E4F
:105DD000C300C3FFE0A0EAFA010B515BFF05FFF52A
:105DE000FFC33C007DFA28FA00000000000000001C
:105DF00000000000000000000000000000000000A3
:105E0000EB28C0C0F0F03C3C2D104488141414144E
:105E10002828F0F0000050503F3F14D74D4D00FFB0
:105E2000163E577FF3FFF5F500000C0CCFCF3DBFBA
:105E300029BF550FFFC3FF17FF3FF5A0FF003B0829
:105E4000FF001CDC1FDFAFEBAF4B41550010FF0E16
:105E5000FF0C0F550F55E5A5EFFFA1ABF1FB55C3A7
:105E600055C3B2B2B2B27D5028500000000000000D
:105E700000000000000000000000A08650F4A19087
:105E80000005088604F401B2001000860C60019938
:105E900000A0A0862CB4A1B80005A086007400B3B1
:105EA0000000008600E001B300000000008600E072
:105EB00001B30000008600E001B30000008600F49A
:105EC00001B00000A08600F401B30000A0865AF4DF
:105ED000A1B00085008600E001B30000008600E06C
:105EE00001B30000A08600F401B300000000000030
:105EF00000000000000000000000000000000000A2
:105F0000FFFF000000000000000000000000000093
:105F1000FF3CFF3C202020000004FFFFC2C2C282E1
:105F2000FFFFFFFFFCBEFCFC505000FF0000000024
:105F3000080AFFFFFFFFFFFFFFFF1F4FF4F100AA5A
:105F40004100DFFFDFFFC3C3C3C3FFFFFFFFC0FC90
:105F500055AA000000003CFCFFFC20202A2AFFFF7D
:105F60000F0F550055FF96969696A3FFFFFF000072
:105F70000000000000000000000000000000000021
:105F80000000FFFF00000000000000000000000013
:105F90000000FF3CFF3C202020000004080082821B
:105FA00082823CFF3CFFFCBEBEBEFAFA00FF00004E
:105FB000080A080A7F7F3FFFC0FFFCFF144114411D
:105FC00000AF000010001000C00080003CFF3CFF4C
:105FD000C0FCA5A500000000FFFFFFFFFF00FF00C1
:105FE000F0F00000550055FF3333333300FF00FF5E
:105FF00000000000000000000000000000000000A1
:1060000000000000028A0000000000000000000004
:106010000000000000000010000000001000000060
:10602000C3C3000000030043C3C38782CFC00F0F68
:10603000000000000000F00000003E3E3C3C080074
:10604000CBC7D010F0F03000FFFF00F000F00101EE
:10605000010300000000282AAA2A3C7CBCFC55C38E
:1060600055C3F0F0F0F00000000000F500BC202067
:10607000F5550000000000000000000000000000D6
:1060800000000000000096DBDB690000000000005B
:106090000000000000000000000000000000000000
:1060A0000000CBCB0A0A00030003C3C3C3C3CFC0A5
:1060B000FFFF000000000000F00000003CBE3C3C80
:1060C0000800CBC70000D0100000CFFFC3F300F0E2
:1060D00001010101000000000002AA023C3C3C3C1E
:1060E00055C355C3FFFF00008000000000A000BCA6
:1060F0007575F5550000000000004000000000002C
:106100000000400000000000000800200000000027
:10611000090041000200000800880400002000007F
:10612000110004A04010000800080000201020000A
:10613000041000000000040000084100040009A051
:10614000210803A00000040000A02090009002108D
:1061500041100008002002A002080210040003C041
:1061600020A0000000C011001100212000C00988FB
:10617000000000100000000000000000000000000F
:10618000000000000000000000000000000000000F
:1061900000000000000000000000000000000021DE
:1061A000000020000000000000000000200000218E
:1061B000000000000000000010004000000000038C
:1061C0000009000000088400000000002000820098
:1061D0000000000004200000000000202003000058
:1061E00090110400000282000811880008000003DA
:1061F00088200021C0000000000000000000000016
:10620000000000000000000000000000100000007E
:10621000000000000000000000000000000040003E
:10622000000000000000000010004000000000001E
:10623000410000900000000000000000004000202D
:10624000000041000000000200000010000000C03B
:106250000004048200024120000800100010110018
:10626000000800A0000000A00000408800102120CD
:10627000008800000820000000000000000000006E
:10628000000000000000000000000000000000000E
:1062900000000000000000000000000000004000BE
:1062A00000000000080000000000000000004000A6
:1062B0000000000000100000A0000000000000002E
:1062C00008210000A00000100000041000080000D9
:1062D00000004010004000214010022190000020EA
:1062E00082098421040800204009000800210020C0
:1062F0000010001000410020000800000000000015
:106300000000000000000000000000000400000089
:10631000000000001100210000000000000000004B
:106320000000000000004000040004001100404094
:1063300009004002110800080000001000000000E1
:106340000002040800840508008403001184210071
:10635000110000C02184080803C004A040400220AE
:1063600003A0090040C008A040020010040200A0E1
:1063700009000540004004A004A00802000000003D
:106380000000000000000000040000000000040005
:1063900020000000001188020410882188000000FD
:1063A0000040041040038400401004114010840099
:1063B000A00900050405822182101003404100005D
:1063C00004038810A00084104010400384000421BE
:1063D000884108200410880982418400100240216D
:1063E0000210044082211011041190208203000346
:1063F00090218420100884002010C0098221900977
:10640000000000000000000000000000000000008C
:1064100000000090000000C000000000020000002A
:10642000000000000000100000000000000000005C
:10643000042011000000040000000000000008001B
:106440000000200800101100000000080084000473
:106450000020088200820520002010844002009065
:1064600003901008058811022090000421200040AC
:1064700009C010100240412004C00200000805823B
:1064800000100000000000000000000000000000FC
:1064900000000000000000000000000000000000FC
:1064A00000030000000900000000000000000000E0
:1064B000900000000000000000000205020500211D
:1064C000101100000020400088002010402000052E
:1064D00090108403200940028200000290022004F0
:1064E000A002040290218811884140214011100827
:1064F00040084010A004A009900300218802021067
:1065000002208409000000000000000000000000DC
:10651000000000000000000000000000000040003B
:106520000020000000000000000000200000090022
:1065300000000000000009004000400000000000D2
:1065400000000900000000A04110098209820084B7
:1065500000001000410804001100090000000000C4
:1065600000100902092000900082100009080000B4
:10657000059010C000000000000800880984110088
:1065800005C0218441000000000000000000200040
:10659000000000000000880000004000880000416A
:1065A00000210209000082400005000388059002D6
:1065B000080590209000821088050402C011044153
:1065C0004041824088000000C041902140200008E6
:1065D00082208205020310409005401040020440D2
:1065E00002030008844190110011900240059020A0
:1065F00090418420A0400840880840008840A003C3
:106600008811404008110808000000000000000048
:10661000000000000000000000000000000000007A
:1066200000000000000000002100004000100000F9
:10663000400000000000000000000000000000001A
:1066400000000008000011000000409000C0118808
:1066500004000090008220000000000011004100B2
:1066600000C0000010880000200000004002000868
:1066700005100010411020A04110000840000984BE
:1066800009821088100000000510000000000000C2
:1066900000000000000000000000000000000000FA
:1066A00000000000000000000003000900050000D9
:1066B000000004008811020200000003042104000D
:1066C00000100400002188410005000040029020D5
:1066D0008200C0022000040902114003C040822150
:1066E00090119008040000210805202104004010AA
:1066F0000040042104418208881184218203822001
:10670000A041C000200520039011000500000000FA
:106710000000000000000000000000000000000079
:106720000000000000000000000000000000000069
:106730000000000000000000000000000000000059
:106740000000000000000000000000000000000049
:106750000000000000000000000000000000000039
:106760000000000000000000000000000000000029
:106770000000000000000000000000000000000019
:106780000000000000000000000000000000000009
:1067900000000000000000000000000000000000F9
:1067A00000000000000000000000000000000000E9
:1067B00000000000000000000000000000000000D9
:1067C00000000000000000000000000000000000C9
:1067D00000000000000000000000000000000000B9
:1067E00000000000000000000000000000000000A9
:1067F0000000000000000000000000000000000099
:106800000000000000000000000000000000000088
:106810000000000000000000000000000000000078
:106820000000000000000000000000000000000068
:106830000000000000000000000000000000000058
:106840000000000000000000000000000000000048
:106850000000000000000000000000000000000038
:106860000000000000000000000000000000000028
:106870000000000000000000000000000000000018
:106880000000000000000000000000000000000008
:1068900000000000000000000000000000000000F8
:1068A00000000000000000000000000000000000E8
:1068B00000000000000000000000000000000000D8
:1068C00000000000000000000000000000000000C8
:1068D00000000000000000000000000000000000B8
:1068E00000000000000000000000000000000000A8
:1068F0000000000000000000000000000000000098
:106900000000000000000000000000000000000087
:106910000000000000000000000000000000000077
:106920000000000000000000000000000000000067
:106930000000000000000000000000000000000057
:106940000000000000000000000000000000000047
:106950000000000000000000000000000000000037
:106960000000000000000000000000000000000027
:106970000000000000000000000000000000000017
:106980000000000000000000000000000000000007
:1069900000000000000000000000000000000000F7
:1069A00000000000000000000000000000000000E7
:1069B00000000000000000000000000000000000D7
:1069C00000000000000000000000000000000000C7
:1069D00000000000000000000000000000000000B7
:1069E00000000000000000000000000000000000A7
:1069F0000000000000000000000000000000000097
:106A00000000000000000000000000000000000086
:106A10000000000000000000000000000000000076
:106A20000000000000000000000000000000000066
:106A30000000000000000000000000000000000056
:106A40000000000000000000000000000000000046
:106A50000000000000000000000000000000000036
:106A60000000000000000000000000000000000026
:106A70000000000000000000000000000000000016
:106A80000000000000000000000000000000000006
:106A900000000000000000000000000000000000F6
:106AA00000000000000000000000000000000000E6
:106AB00000000000000000000000000000000000D6
:106AC00000000000000000000000000000000000C6
:106AD00000000000000000000000000000000000B6
:106AE00000000000000000000000000000000000A6
:106AF0000000000000000000000000000000000096
:106B00000000000000000000000000000000000085
:106B10000000000000000000000000000000000075
:106B20000000000000000000000000000000000065
:106B30000000000000000000000000000000000055
:106B40000000000000000000000000000000000045
:106B50000000000000000000000000000000000035
:106B60000000000000000000000000000000000025
:106B70000000000000000000000000000000000015
:106B80000000000000000000000000000000000005
:106B900000000000000000000000000000000000F5
:106BA00000000000000000000000000000000000E5
:106BB00000000000000000000000000000000000D5
:106BC00000000000000000000000000000000000C5
:106BD00000000000000000000000000000000000B5
:106BE00000000000000000000000000000000000A5
:106BF0000000000000000000000000000000000095
:106C00000000000000000000000000000000000084
:106C10000000000000000000000000000000000074
:106C20000000000000000000000000000000000064
:106C30000000000000000000000000000000000054
:106C40000000000000000000000000000000000044
:106C50000000000000000000000000000000000034
:106C60000000000000000000000000000000000024
:106C70000000000000000000000000000000000014
:106C80000000000000000000000000000000000004
:106C900000000000000000000000000000000000F4
:106CA00000000000000000000000000000000000E4
:106CB00000000000000000000000000000000000D4
:106CC00000000000000000000000000000000000C4
:106CD00000000000000000000000000000000000B4
:106CE00000000000000000000000000000000000A4
:106CF0000000000000000000000000000000000094
:106D00000000000000000000000000000000000083
:106D10000000000000000000000000000000000073
:106D20000000000000000000000000000000000063
:106D30000000000000000000000002000000000051
:106D400000000000000008010200820000011100A4
:106D50001100110000C0800120A004000008000004
:106D60000201409100002001840120A02091001127
:106D7000000003000000C003110000900000110893
:106D80000410040880200440840104110440880099
:106D900088000301048982100210802121108201E1
:106DA00002210200020000000000000000000000BC
:106DB00000000000000000000000000001000000D2
:106DC0000000000000410000014001000310C0402D
:106DD00000000041000000082040000040080000C2
:106DE00000000140014000C0010810089100910816
:106DF00000020010C00000000382880000000000B4
:106E0000000001110000202000800240004004C169
:106E10004110090084400120400021024008200068
:106E2000210201A00100010000000000000000009C
:106E300000000000000000000000800082008000D0
:106E400040004000400040A04000400040004000A2
:106E50004000000040004000000000010000000071
:106E60000000000000000000000000000000000022
:106E7000000000000008008808200000000000005A
:106E80008000100002200000800000008000001040
:106E900000000000000210A00008800804204090BC
:106EA0000040000000210008002000000000000059
:106EB0000000000000000000000000004000110081
:106EC000400001000100010001000100010001007B
:106ED0000100011000000100C100000000040000DA
:106EE000000000000000000008100040001000201A
:106EF0000000A01000200000000000108210000818
:106F000000090200A1110305000910200009020870
:106F10000021004190100010000000082010841093
:106F200001080010040000A00000408800000000DC
:106F30000000000000000000000000002000000031
:106F400000000000210000004000000011100001BE
:106F5000000000100041110000000210030002C0F8
:106F6000100010900000410082840482000080081C
:106F70002040A0110902408404000408008200029D
:106F8000020200A000020020050810000810842062
:106F9000808484904040C040082041402100C0844B
:106FA0000302004110880008840820100409000032
:106FB00000000000000000000000000000000005CC
:106FC000020000000005900000000000000000101A
:106FD0000010000000000010880200000000000007
:106FE0000002011001000000000803410041000000
:106FF000080001000304000803000111010020093A
:10700000008000009010001000000010404190042B
:10701000410002020500821009028541C000901162
:1070200011020080C02001100040050010099120CD
:107030000000000000000000000000000000000050
:1070400000000400000000A000C0020002000202D4
:10705000000000000000002000900202000000106C
:107060000000000102000240000002A08300840032
:107070000000840020049010900140204100100086
:1070800010204000204008000000200040001000B8
:1070900020A00400020002402100039020020540CD
:1070A0002008100920021100820940018800080010
:1070B00080100000000000000000820000000000BE
:1070C00000000000040000000000000001000100BA
:1070D000010004200000000000000000018000000A
:1070E0000010080000040100010500050121020054
:1070F00010100000040521001000040801800203A4
:1071000000080890011000851000C005040908055A
:107110001000112004000540018484400004024155
:10712000108000081084849120100202894004001D
:107130000000041000000400000000000000000037
:1071400000000000000000000200000000C000007D
:1071500000002100000040042004201000A00800CE
:1071600009C00084000000100084210000400000DD
:10717000094009080000A0A00411090320A1400251
:10718000109000000300830809104100108241891B
:1071900002C0000402104110040209000420400350
:1071A000090003850010002004020900852141C068
:1071B000C190054020840000000000000000001085
:1071C000000000000000004000000000004000003F
:1071D0000000884140100000000000000041000055
:1071E0000508820004410010840800020400000029
:1071F00000000080401000002100002000A00104D9
:10720000000800008800000040000000002004107A
:1072100000200000040209020211010340080110CD
:10722000900400210040A00000890108401004C023
:10723000000004082080C0040000000000000000DE
:107240000000000000000000000004000000040036
:10725000048403000000008400100000000000000F
:1072600002080800008409100090000000000000DF
:10727000111004101100118400001110820409087B
:107280000011208421C00000098389C02002210848
:1072900000108300001090824004890020402100EB
:1072A00000A0050802081108110882048085021157
:1072B000001003101000101004040400000000006F
:1072C000000000100000000000000000041000009A
:1072D000000000000000000000000400C0100000DA
:1072E00000210100012000000010001190040000A6
:1072F0000005000300000010000000000002200054
:1073000000000040001000109008204040080411C8
:107310008810000004000220104188090410C010E9
:1073200082008802840509024005820802C1041017
:1073300000400209404002108202000500000000E7
:10734000000000000000000000000000404021217B
:10735000102120200003400041000008000300002D
:10736000030000090083C090090000802008030486
:107370001103200900108010000800100000884050
:107380002104A0080310052020400041034003828F
:107390000390110241090240840590840340A0A09B
:1073A000219020848920410205408240C00200854E
:1073B000A18500058002102084850284052100003B
:1073C000000000000000000000000000000040007D
:1073D0008400000000000001A10001000001000184
:1073E0008800000000000009910885C000C000016D
:1073F00020000000010090012001000100000000B9
:1074000084004001080001012001A00002000000EA
:10741000A00282C100414188894008020440100353
:10742000084120850521824020010500C10182001C
:1074300010A140C0201020848908A008110900086C
:10744000000000000000000000000000000000003C
:10745000830040412011C0009000A0002000C1A086
:107460002000A00840009108000190048888830053
:1074700002A09000410090C02000049191010004FE
:1074800000001008A12020058201C110080508098C
:10749000C0010000000301880110A002A008C0087C
:1074A000C1080021408541C1C0080320A089901077
:1074B0008289C00220084004409110404009910098
:1074C00040C10000000000000000000000000000BB
:1074D0000000100000028008800000200000000072
:1074E0008300800000800000030000028000808094
:1074F00083008005030005002080C040C0410208D1
:1075000010040000C180400900209141100083C197
:10751000C002A110211103C140411084109090803D
:107520001090900320A10841108803209090A14161
:1075300003C1911020041100A000800840910510A3
:10754000082021880000000000000000000000006A
:10755000000000001010009000C1401000890000E1
:107560000000000300000090008000830080008085
:1075700088848083114000A0002141880800000019
:10758000008010800080804008880380851009906A
:107590000340088582410341201008032041400533
:1075A000A0852040082109038304909011210989B6
:1075B00000C02021408502902103A080898589A1F7
:1075C000000541030321000000000000000000004E
:1075D0000000000000000010002000210021000237
:1075E00000200082004100A00002001000830090F3
:1075F000840402A0888300890004002000A1008880
:107600000008008401040080040001040084094192
:10761000001101900184C0200040900985040110F0
:10762000891110A102A0C09190040905408584052C
:10763000A091000400824082A10905021108048380
:10764000C10240040410109000000000000000007F
:1076500000000000000000000000002000000020EA
:10766000C190A0008200414091008801900040C07C
:1076700001090000000088889040008410840820E0
:10768000410809911008C100008001A1008500880F
:1076900001A0010000110100002084088991C001AF
:1076A000090010081183A18591008908030941028E
:1076B000880090020804110104098801088890419B
:1076C0002182A11108022100208800000000000092
:1076D00000000000000000000000101021802100C8
:1076E000200003030009000008000302004000001E
:1076F00000000311000000118080000800200091AC
:10770000000010008410100490000080034103105A
:107710001105210008112140201140002080200483
:107720000541411090802110A08210002000100817
:10773000028920008309C0A02121C140002000400F
:1077400040C005A1A0C003212111210000000000BC
:107750000000000000000000000000000000000029
:107760000000000000000000000000000000000019
:10777000000000002100000B00000000004100009C
:10778000D000000000000000000000000000824166
:10779000000BD00000600600000B0000420000005B
:1077A0000000000000001182000BD00000008200E9
:1077B000000BC1000A410660000BD000004111829D
:1077C000000BD00000888181000BD0000000000079
:1077D0000000000000000000000000000000A19078
:1077E0004528801010803C3C00003C3C0000FFFF1E
:1077F00000000F0F0000FFFF0000FF00000000006E
:107800000000FF02FF003A530020000000000000CB
:1078100080981901C3C3F6F6C018C0DB01310D3DD5
:1078200081BD81BD4046494F094020517E187E18D8
:10783000000000000000000000C90FC990909F9F49
:10784000030303030F0F3C3CEFAD6E2CFCFC6F6099
:107850000000000000000000000000000000000028
:10786000408A1081001800183C3C00003C3C00009D
:10787000000000000F0F000000000000FF000000EB
:1078800000000000FF02FF0651408255000000008A
:107890000000BF9BD9FDC3C30606FC18FCDBC1F189
:1078A000CDFD3030F3F3D0D6D9DF5031E0069F9FC5
:1078B00006060000000000000000F0C9FFC903F345
:1078C00003F33F3F3F3F0F0F3C3CCB894A080C0C72
:1078D0006F600000000000000000000000000000D9
:1078E0000000000000000000000000000000000098
:1078F0000000000000000000000000000000000088
:107900000000000000000000000000000000000077
:107910000000000000000000000000000000000067
:107920000000000000000000000000000000000057
:1079300000000000000804006011080000000000C2
:107940000000000000000000000000000000000037
:107950000000000000000000000000000000000027
:1079600000000000020201023C3C3C3C00003C3CA8
:107970000000666600003C3C00006666000000FFF8
:10798000FFFF000000000000FF99FFFF42000432EB
:107990003200422D00007C7F4043C9C9C3C38DC360
:1079A0008D008D3F813FFF990099F3F3F3F3E78159
:1079B0000606390001840000000000004679819F1E
:1079C0008106FFF0F9F9C3C3000083008300E43CA3
:1079D000E4FF606FFCFC00000000000000000000FD
:1079E000000000000000050120043C3C3C3C00007D
:1079F0003C3C0000666600003C3C000066660000FF
:107A000000FFFFFFFFFF00001000F9F9FFFF4141F9
:107A100088418E0D09A000007C7F40439999939383
:107A20008DFF8D3C8D3FBD3F0FC30FC3CFC09F90D7
:107A3000E7819F9F0003C400000000000000EED417
:107A4000E79FE706F303F303E7F3243000000000A9
:107A5000E400E4C3606F0C0C0000000000000000B4
:107A6000000000000000000000860C6000B008402C
:107A700002C7016000B4494002C7016000B4494038
:107A8000024701E0010441400086007400B000009C
:107A900000860C6000B000000000A58650F4A1B084
:107AA0000005008600E001B300000086006000B31E
:107AB0000000008600F401B00005008600E009B374
:107AC0000000A08600F401130000A18602F401B8B2
:107AD0000080A08600B401930000000000000000B8
:107AE00000000000000000000000000000006B1D0E
:107AF00005820A2108D1699800A2FFFCFFFF00025D
:107B00000040BEBEBEBE0000D700FEFE40400000EA
:107B100000002CE0947000C0C0C000000000000015
:107B20005055F0FF0000000000FFC0FF10200000D3
:107B30004941D7008E388232802054C1FFFFFF7F39
:107B4000FF000000555550100CCFD7D7000000CAD9
:107B5000F0FFF0FCFF00FF003030FFFF00000000EE
:107B60000000000000000000000000000000000015
:107B700084286B1526C2068014A22314000C000072
:107B800000000000BEBEBEBEFDFF00FFFFFF000004
:107B90000F280F7DA020903A0000C00000000000D8
:107BA00000005555FFFF00000000C3FFC0FF850A1D
:107BB0002D00122C0203903202621C100081FFFF84
:107BC000FFFFFF001E1E555550500CCF141400002F
:107BD000000AF0F0F0FCFF3CFFFE70F0FFFF000039
:107BE0000000000000000000000000000000000095
:107BF000000000000008000000004807821200009A
:107C000000000001999840000000F5FA05FA000014
:107C100000003C3C3C3C000000000F3C0F3C0000DE
:107C200000000000820AFFFF000000007878FF5586
:107C3000000000000000000041EB0505F303FFFF1A
:107C400001FF00FF0FFF0F00000000000004000014
:107C50001414141400000000F0F0F0F01555555500
:107C60000000000000000000000000000000000014
:107C7000000000004104140800000000462AB7423A
:107C800000000000C9C0920000000000000505FAD5
:107C9000000000007C3C3C3C000000000F3C0F3C1E
:107CA000000000000000000055FF00000000000080
:107CB0005555200000000000000041EBAFAFF3037A
:107CC000FFFF00FF00FF0FFF0F000000000000009B
:107CD00000021414141080000000B0B0B0A005051C
:107CE00055550000000000000001000000000000E9
:107CF0000000000000000000000000000000000084
:107D000000000000001002000241001000001000FE
:107D10008000000000001020020002100000400857
:107D20001100000000084090048821108290020099
:107D3000841000088201910491402009800900010B
:107D40000001A101401004100240000000014000A9
:107D50008008114040000010002004011040031171
:107D6000020091820000000000400040000000007E
:107D700000400000080000000000000000001000AB
:107D80000010000000000000012101C00000000000
:107D900001001000000000000100010000000000D0
:107DA0000000000000C00800C041000400001121D4
:107DB0000109100820002104208020800104020411
:107DC0000040000810400000000000000010000209
:107DD00000001080C0852000001090C0200400002A
:107DE00084040100200000000000000008000000E2
:107DF0000000000000000000000000008000000003
:107E00000000801080000000000000000041000021
:107E100000000000000000010000000080000000E1
:107E20000000000000000000000000000000000052
:107E30008010004082008000000000000000000070
:107E400000000000400000004000000000000000B2
:107E5000800800000000800000080088000000008A
:107E60000000801100400021000000000000000020
:107E70000000000000000000000000000000020000
:107E8000000000000200020000000000000000C02E
:107E900000000000404100000040000220084000B7
:107EA00000100041004000410000000000200000E0
:107EB0000010101000400305020090008200000036
:107EC00000100210000000080000910000080000EF
:107ED000901040C1000000211000000000080020A8
:107EE00000100041202000900090000000000000E1
:107EF0000000000000000000000000000020000062
:107F000000000000000011002000000000040090AC
:107F10000289110000820000208200A0000200A05F
:107F200000100000008400C0008400000000000079
:107F30000082028280001004020802820000000019
:107F4000208400020410008800000090400240A03D
:107F5000001004004020004004C009A000100420CC
:107F60000485008220081102000900820000000040
:107F700000000000004100000000000082000080BE
:107F8000000040000002000000000110000002801C
:107F90000200014000004000000520000009000030
:107FA00000204000000300000404004100000041E4
:107FB0008403C00800081008010821000500000023
:107FC000400311000000C105820910108211010058
:107FD000084120082005890590820910002100022F
:107FE0002000414000119003C010884000100000A4
:107FF0000000000000000000000000000000000081
:10800000000000400000000100010001210000010B
:108010000300000080000000000080004000040019
:1080200041000340C00000C000000000400000000C
:10803000110041002000000011004040020000003B
:10804000400085902000100009000400020020007C
:1080500040000000050800840000840220010200A6
:108060000900040009040982000040000000110416
:1080700000000000000000000000002100000000DF
:10808000000000000080000000040004000400055F
:1080900000040000000020000000000002000100B9
:1080A0000000A000908010000841820082000009BA
:1080B0000000A0110020400000050010004000005A
:1080C0004041000002020010002010000810A01023
:1080D000A0050100A00002090000900941800008ED
:1080E00040210002090000000800A0100008200044
:1080F000A08800000000000000000000040009103B
:108100000000000000000000100405C020100388DB
:1081100040100084200000000082090000000000E0
:10812000024000A000000402200000102100000016
:1081300000A0000040000010058200824000000006
:10814000020000408500111005028000001002822C
:10815000C1C0101041A0004002401040102004C0D7
:1081600085A180820084401010908508094004C0D9
:1081700000829008000000000000000000000000E5
:108180000000000000000000000001800000A100CD
:108190000010A000200001002000021002000008D2
:1081A0000010C10900110021902000030003040009
:1081B000000500030000C00088004020884008053A
:1081C00084080008C0212000C008900002409000F0
:1081D00041030211000040080082C084049004831F
:1081E000032120040405820310100810202102003E
:1081F000411188210802000000000000000021A0B9
:1082000011000000000040100010000000200010CD
:1082100000000000008400000000000100A0110028
:1082200000820000008200A0008200000084001094
:108230001104081021840000040011000200418292
:108240000400400009000400400011000800080478
:10825000040240000200040040C00300108420C05B
:1082600040A11010038311101040044040081182F7
:1082700040044010084004C0000000050000000059
:10828000000000000000000001000041001000801C
:1082900000000000000000000000081000040000C2
:1082A0000000001000000000004100080000A021B4
:1082B0000040A00000000809000082020000000049
:1082C00084030040834008100040000800000000C4
:1082D00000820104000000004005090000409000F9
:1082E000A0080440000810402002A0C10010008037
:1082F000A0030010821004820208000000000000A9
:1083000000800000000000000000801121098909A0
:1083100000110003404011404100000300104000E4
:1083200000008303904041034140208811C1410275
:108330000810000000000000000000000000000025
:1083400000000000020583A12020402000C0410958
:108350000480C14005880008808804100220820241
:10836000210820058080C100850002002000000057
:108370000880200008059003032041080000000049
:1083800000000004000000000000900088001001C0
:10839000C00100000001880000010100000140014F
:1083A000010000000200110001000100210584030A
:1083B000014100010000000000000000000000007A
:1083C00000000000000041832010018301C1201043
:1083D000080200020521001100A14003A1210105AE
:1083E0000841000501209020822021080120014041
:1083F00088A0034000C0A1018300820101000100A8
:10840000000000000010010000000000001009C082
:1084100009091005100010004100890191010400B4
:1084200003C0100005014000038541011000210038
:10843000820383200800000000000000000000000C
:108440000000000000000000A00100002040C1105A
:108450000200C00408010440908241044121084008
:10846000A0900283100888C10240030404C0A02128
:1084700090008500A0208909400089A020844190B7
:1084800010000000000000800800000000000080D4
:108490008500A120400240080000C10040400309BF
:1084A0008000C00080008340C10090030241910021
:1084B000200020882120081100000000000000009A
:1084C0000000000000000000000020034000110038
:1084D000C08089088980210200882111210005902F
:1084E0008800C1C09141882011830080048083806E
:1084F000048503099011848009050500020041826A
:1085000020800000000000000000000000000000CB
:1085100000000980080008030805000000C00009E9
:10852000400340400010108940030841008800418A
:108530002020102080080091890900000000000020
:1085400000000000000000000000000021C08011B9
:10855000839103C1051000218040A04003A0802129
:1085600040850810A04100A1C185088880211040E5
:10857000A10880080083C104030200C011C00005E7
:1085800005A0808500000000000000000000000041
:108590000000000089040088018240910020004111
:1085A000008301410189000900030141000800C165
:1085B000008320900190C021821010400000000034
:1085C00000000000000000000000000000000002A9
:1085D0004084102001A100058488108903090085CA
:1085E0000800008400C084090404030808A00801EE
:1085F000A10485C104880008C010A0092021000240
:10860000008201A1880800000000000000000000B6
:108610000000000000000091002101000088010915
:10862000000000000082018801010100009001406B
:108630000111000100880009010000010140000053
:1086400000000000000000000000000000400000EA
:1086500040201140C18540000888894089010800F8
:1086600002094110A10403054021A10385890441A9
:1086700088850802820010828821888208012020D3
:1086800082000840A001C04000000000000000007F
:1086900000000000000000004120118509092100B0
:1086A000090840400000008003C0101002110000C3
:1086B0001088048811414000201008200840100054
:1086C00000000000000000000000000000000000AA
:1086D0000000058082C008C100000921411140400E
:1086E00000000502050041A088841083A084212198
:1086F000A19011A021110311118000C0000380106E
:108700008000C100A182910811100000000000004B
:10871000000000000000000000000660000BD00018
:10872000000000410000D000004100840000D000A3
:1087300000000000000000008100000000000000B8
:108740000000000000000000000000000000000029
:1087500000000000000000000000815000600000E8
:10876000D00000008100000BD000000000000000DD
:10877000000006480660000BD0000A828241000B10
:10878000D00000008241000BD00006000000000075
:108790000000000000000000000000004001100484
:1087A00000FF0000000000AA000000F00000000030
:1087B0000000000300008090008A200000C14100FA
:1087C00090B0084800000000000000000000000019
:1087D0000000000000000FFF0F001A028C10F0FFD5
:1087E0005F5F3CFF0F3CAA0AA0000B01ABA1AFAF3B
:1087F000A0A0EB41A0A00000FFFF0000C00000000F
:108800000000FF00F0F00020010100000000000067
:1088100000000000000000000000000000008002D6
:10882000200800FF0000000000AA00000000000077
:10883000000F0000000300000060D00802840D0457
:108840006029062201100000000000000000000066
:1088500000000000000000000FFF0F005800212161
:10886000000F50503C000F3CEA4AE0405B51FBF1E6
:10887000F303F303EB41F5F50030FF3F0000C0C008
:1088800000000000AAAAC3C302020010800000007A
:1088900000000000000000000000000000000000D8
:1088A00024000024200008000A00000000A00000AE
:1088B000000000000A0A00009500D04246040000B3
:1088C000000000010246030000000000000000005C
:1088D0000000000000000000000000AC00AC4214EA
:1088E0000586EBBEEB82FA0AFA0AF5F5A0A0CF0CDA
:1088F0000F0F820AD70AFF55FF0F00000000FF0F7D
:10890000F000000000000000FEFFF000F000FFFF9C
:10891000FFFF000000000000000000000000000059
:10892000000081000081002000080A00000000A073
:108930000000AA000000000000000080004349027F
:10894000000001100114C4988070000000000000B5
:108950000000000000000000000000000000FFFF19
:108960006280106028BE28823F303F30BE14BE14A3
:10897000CF0CFF00825FD75F0FC30FC30000000062
:10898000FF5FF555000000000000FFFFF0C3F0009E
:108990004000000000000000000000000000000097
:1089A00000000000A08650F4A1B80005C0C6C06455
:1089B00030B04903C0C7C06430B0430300860C60C8
:1089C00000B0000000860C6000B000000000000055
:1089D0000000000000000000000000000000008611
:1089E000006000B000800086007400B000000086C7
:1089F00000E009B000000086006000B300000086BF
:108A000000F4A1B80080008600F401B000000082EC
:108A100000B40190000000000010090000000000F8
:108A20000000090000000000000001408823000051
:108A3000000010202543000000000004000000009A
:108A400000006401C811000000000C6BA2BC000013
:108A50000000000000000000000000000000000016
:108A600000000108F0F000006C4117008220500067
:108A7000C382C2823CFFFFFF41EB0A0AF0F0C3C38E
:108A8000FFFFFFFFF500A0001324080848061904A3
:108A90003CFFF0FFFF00FF0000000020001001007D
:108AA000000000200000010000000000002422A8B7
:108AB00000000000A2008046000000000005000049
:108AC000000000001A08102200000000515D082973
:108AD0000000000000000000000000000000000096
:108AE000000000036100F8FD080D8002700D24886D
:108AF000408A828282823CFFFFFF41EB5F5FFF0082
:108B0000AAAACFFF0CFFFF0AFF5F0881150C80A9FE
:108B1000C52C33FF0FFFFF00FF02004000000002E2
:108B20000200004000000000020000000000000001
:108B3000BFFF0000000001200000000000008420B2
:108B4000091000000000006C0052FFFAFFFF000453
:108B500018000000000000000000000000000000FD
:108B6000000000001004428800C3FFC33F0F3F0F06
:108B700003003FFF00AA0CAE00004143024A482612
:108B8000C3AAF0003C7C3C3C3505FF0005AF828267
:108B9000AA00D2D2000000002000008000000000E7
:108BA00000000002000000000000000000000000C3
:108BB000000000000000000000881080000000009D
:108BC0000820038900000000001800E5000A0000EA
:108BD0000800010400000000000000000000000088
:108BE00000000000000090835A0000C3FFC33F0F45
:108BF0002F0F0000FFFF00AA0CAE0000414189408A
:108C00008808C3AAF0FFFC7C3C3CF5C5FF0005AF1B
:108C1000D7D7FF55D2D2000000002000008000000E
:108C20000000000000000000000000000000000044
:108C30000000000000000000000000000000000034
:108C40000000000000000000000000000000000024
:108C50000000000000000000000000000000000014
:108C60000000000000000000000000000000000004
:108C700000000000000000000000000000000000F4
:108C800000000000000000000000000000000000E4
:108C900000000000000000000000000000000000D4
:108CA00000000000000000000000000000000000C4
:108CB00000001000000000000000000000000000A4
:108CC0008800000020004000000005410010000066
:108CD00000A0040021014000050000202100200028
:108CE00000004000004004100300000008002110B4
:108CF000110000000010040011C000A000000000DE
:108D000000100000020883010308400041C004086D
:108D10001121000080080010A1A088A00800C00157
:108D20001000000000000000000000400040004073
:108D300000000010014000000000000000000000E2
:108D400000000800000000000000000000C000203B
:108D500000000010000000200000001100000000D2
:108D6000880000C0000000808800000000000508A6
:108D70000000200000000011000000400000A000E2
:108D80000008000008000040024000000000C00091
:108D9000C080000800002003000002002100010242
:108DA000052001000000000000000000000000009D
:108DB0000000000000000000000000000082000031
:108DC00000000000400040000002410200000020BE
:108DD000000000020000000000000004000000008D
:108DE00000000000000080008000800080C02001A2
:108DF0000900880080100000000000A0000000A012
:108E0000000000100000000000A0080000000000AA
:108E10000400000000C000900000001021000000CD
:108E20000008000800100000000000000000000022
:108E30000000000000000000000000000000000032
:108E400000000000C0000100010000802080000040
:108E50000080000000800009000000000080000089
:108E600000200000000800000221080002000400A9
:108E70000102001020100400901004000000000007
:108E8000000000001041042100080000400800001C
:108E90000000001000100020001000100000002151
:108EA00000080000001000080000000000000000A2
:108EB0000000000000000000000020002000000072
:108EC00000000000000000100010000002A00000E0
:108ED00000021102000040000000020000A0048215
:108EE000000000000000411000000084004000006D
:108EF000004040000020040002200084090000908F
:108F000082400488118411404008100240900040C3
:108F1000204040C1000204028340820200021190FE
:108F20000082212000102088A00290000000000094
:108F30000000000000008800000000104000000059
:108F4000400000030010002100210010000000007C
:108F500000000080029000008800000582000041AF
:108F6000A121402100410010000000000005002167
:108F7000000000020400C004A00089910000040069
:108F80000808104004099008900590080011A000FE
:108F900000834011884008084008020802419002FE
:108FA0000000100502050000400904000000000058
:108FB0001100000000000000000000088084000292
:108FC00000000000002100010020002003A0000498
:108FD000000002000020C02005888420410000001D
:108FE000890085041100C182000802000000100001
:108FF000100000000200020009001184800000003F
:109000000488100040101040110000000584084042
:1090100003014140109008880090000020200420A7
:109020000220408800000920212082000800000062
:1090300000000000000000000021000000082005E2
:1090400040000000000384A0002000800080000099
:1090500000004000A1000000040000000200000029
:10906000000010004080000010000000A00500007B
:1090700000059120000501058541080882052005AD
:10908000000500050100A0031189840000210008EB
:109090002000004004858405404110090010102084
:1090A000900000034002020020829080090004101A
:1090B00000000400000000000000000000000000AC
:1090C000040020000000000000A0210000000400B7
:1090D00003A00000008400000000008820000200BF
:1090E000111100850300218400C005081040021002
:1090F0000000412004890420108200A000880004A0
:109100004084020208000500024010C0040810401C
:1091100002084002000009C0418400A0021000C003
:1091200020A01002401010400202001002904010D7
:1091300040100000000000000021000000000002BC
:10914000002190032003C00390000000A000A002B3
:109150000041001000000005002100000000002177
:109160004021082040208421080500000000010063
:10917000000000000080014000000002000000002C
:10918000000500054121900300038505840990C076
:10919000110004A1A041C0100040001040100105C2
:1091A0000040840401080008A0C0840840208421F5
:1091B000022040020000000000000000000000004B
:1091C0000000008440018003000180880084008446
:1091D0000000000080A000000288808900100800C4
:1091E00011024040218403A003A0C185080103218E
:1091F0000510008200000410002080204120004063
:109200004008080011024084410002A01020101004
:1092100041A089020808008280919084A0824108C0
:109220002004114004C01188200003100520110003
:109230000200110891100000000000000000000072
:109240000000000000080120042000200420040089
:109250000000000082000800000001000240000041
:10926000000000800400000000000009200400103D
:10927000A040881000000000010500A004800080CC
:1092800000210002000000050000A005010002848A
:1092900082090041020004081000100210050203B8
:1092A0002083010000A10408C04100000041C0006B
:1092B00084008200008008C100000000000000005F
:1092C000000000000000000002820090001020A1B9
:1092D00082030000028000000003800011090900E1
:1092E0000003000090000400C0030808212040C0D3
:1092F00082842040008903410000838804A08541C6
:109300001105002100038890000903002000880057
:109310002000030888100888400821099002408333
:1093200040C109808800080083802111009108084D
:109330000311A04004090021020800000000000001
:1093400000000000000000000000011190088840AB
:109350000010890504848990000400010800C00001
:10936000000000018800A100000088824109898373
:109370000020898201850288098900001103C0212B
:10938000418990408840C0888303004040409190CC
:10939000C1880090908882850111114009C004099C
:1093A00000080141001082C00188102021098402B8
:1093B000001191A089010100C0910000010000008E
:1093C00000200008010000000000000890000808CC
:1093D0000808000890018484108805000400C00477
:1093E0000800830100000004000001C18201C040A8
:1093F0008841090888000009894183A10000A190E3
:1094000088092084408282C0C0A010412100400011
:1094100091008300100003018490A089C01188018D
:10942000850808101108041010821109C021A0003D
:10943000840404008210A0088804A10982000200AC
:10944000000000000080400000000000000000005C
:1094500080808000000080090000008003008400FC
:10946000800000008305004000000000031100029E
:109470008020804109A185091090A040C010000003
:10948000C00804821005101100000289801010002D
:109490004000100008009100020889008208A185A0
:1094A000101010C1100584050040400205A19082F3
:1094B0000041800380100080888041880803C10932
:1094C000000000000000000000000000000000009C
:1094D00040C000900003A0C0800000800000C103D5
:1094E00000800000100000030400000000808003E2
:1094F0004008008300208808880580419020A188CA
:1095000000802088C18408208390080900840540D9
:10951000A083000800C084880011100900400820C2
:109520002111A0100090104103100021808484417B
:109530000085090200024002050403820305104071
:1095400020110000000000000000000000000000EA
:10955000000000100008848410110804049000002A
:10956000890500080082008800050090009000A096
:109570002041000984C00001890982000200A10184
:109580008989008011A010904109A18200028410F5
:1095900041212183004140A110111088009088834F
:1095A00020210040C1408811A082914000C040416C
:1095B00010404020004104A004A00088A0900101B8
:1095C0000001210000000000000000000000000079
:1095D0000000000008890988A1010808051010880A
:1095E00004019000010100000000000883108800C1
:1095F00088001000081089A0010020000511041047
:1096000090104089008020A0080520890208009061
:109610000182010000080041004000010008090922
:109620008905208220918420C1A190011188C04128
:1096300089054100098204000410C00020840188CB
:109640000104911001400000000000000000000033
:1096500000000000000091839100A1028980038432
:1096600000800021800003110000000000008380C2
:10967000000400008000030890001000C00020914A
:10968000054089110985008041400240890205009A
:1096900003100500210020C000030040000200006C
:1096A00088C004030888A141C103A1400940A0006B
:1096B000080240C1200940804110040091002000B0
:1096C000038020C082030821000000000000000089
:1096D00000000000000000008241000BD0002100CB
:1096E0008100000B000000008200000B0000000061
:1096F0008100000B000000008241000BD000000040
:109700008100000BD000124100001100000BD000BE
:1097100006601182000BD00000812100000B0000C8
:109720008100000000000000824200000000D00024
:10973000006000410000D000828200000000D000E4
:1097400000482184000BD0004141000000000000CF
:1097500000000000000000000000CF000000D20A5E
:109760000084FFFF000066660000FFFF0000FFFFAF
:109770000000FFFF0000FFFF000000020A80B800A9
:10978000082C0000000000000000000000000000A5
:1097900000000000FFFFFFFF3030FF0F000000005F
:1097A00000FFF0F0BF4085A0E1E10099000000005B
:1097B0000000000090F6818167666666A00604A03E
:1097C0007E7E6F09FF3C0F66818160F9000000001A
:1097D000000000000000000000000000FF0000008A
:1097E0001000010800000000666600000000000094
:1097F00000000000000000000000000081010024C3
:109800000810082000000000000000000000000018
:10981000000000000000FF07FF083030FF0F0000CD
:109820000000C3C3999940802200E1E166FF000077
:1098300000000000000090F6E7E7676F666642B040
:10984000446218186F09003C0F66E7E760F90000F2
:109850000000000000000000000000000000000008
:1098600000000000000000000000000000000000F8
:1098700000000000000000000000000000000000E8
:109880000000000000004008040000110821000052
:109890004008040000110821000000000000000042
:1098A00000000000000000000000000000000000B8
:1098B0004008040000110821000000000000000022
:1098C0000000000000000000000000000000000098
:1098D0000000000000000000000000000000000088
:1098E0008412D451FFFFFFFF000066660000FFFFF7
:1098F0000000F0F000003C3C0000FFFFFFFF9999E2
:1099000000000200FFFF0000000000000000000057
:10991000000000000000000000007E7E7FFE0000CE
:10992000F0F000000000C010B0C2360105000006D3
:1099300000C0000000000000000000000000FFFF69
:10994000FFFF0F03000300000000500A080C000096
:1099500000C0000000000000000000000000000047
:109960000000C13212010000000000006666000025
:1099700000000000F0F000003C3C00000000FFFF91
:10998000999900198100FFFF00000000000000000D
:109990000000000000000000000000007E7E7EFF4E
:1099A0000000F0F000000000226010A040038400DE
:1099B0004963801600000000000000000000000065
:1099C0006F0FFF9F9F0390030000000030815CD069
:1099D000000000420000000009000000000000003C
:1099E00009000000008600940188084002C7018039
:1099F00001844940024701E001B4494002C701A087
:109A000001B4414000860C9401800000000600C0B3
:109A1000018000000000008600E001B000800086A8
:109A200000E401990000008600E001B0000000861B
:109A3000006000B000000086006000B0008000867A
:109A4000507400B000000086006008B800000800F4
:109A500000F40130000000000020000001000000C0
:109A6000002000000100F300FF003C303C3C2C3C97
:109A700000000F0F070700000000000000040800AE
:109A8000080001480000FF14FF000F0F0F0F0F0028
:109A90002828FFFF000000001000000055FF0F3CC9
:109AA000000000000004000000000000EA3BBE13BC
:109AB0001079944100509009EB28EB2800102820E1
:109AC000A1080040EA1050026002002400000000DB
:109AD0000000F0F03C3C00000040000000000200EC
:109AE0000040000000000200000000000000000034
:109AF0002C3C0000000000000000000000000000FE
:109B00000800FFFF008200A8EB00FF000B0B1F1FE7
:109B100000002828FFFF00000000000000005500A2
:109B20000F3C00000000000000100000000010804A
:109B300040019444012240B950ACF3F330300102AB
:109B400004048200730424047387800000810008E9
:109B500000000000F0F03C3C0000000000000000AD
:109B60000000000000000000000030F00000003C99
:109B7000003CA080A0A03C3C3C0C00000000003C4D
:109B800000000000000000000000F0F0E8F000FC21
:109B900003FF0FF0FFFBBEEB14AA0000829210C07F
:109BA000BB1B15174446440C000030000000C08069
:109BB0004600300000000400AA00E1E105AF414189
:109BC0000000080800800C42AA00D2D220C9162A40
:109BD000EB4150500000F0F03C3C505F00000000B2
:109BE000000000000000000000000000F0F0000095
:109BF00000380038A080A0A0000000000000000095
:109C0000003800050000000000000000F0F0E8F05F
:109C100000FF00FFFF00FFFF001455AA00000280B4
:109C20008500B437BA32046602D95555755580009F
:109C3000200084000080001C0200FF55E1E105AF18
:109C4000EBEB0000080040079818FF55D2D2C18204
:109C50002480EB41FAFA0000F0F03C3C505F4000F9
:109C600002000200000000000200000020000001CD
:109C7000800000000000000000000900000021003A
:109C800004000440200088A00400A0A0A000400020
:109C900040004100080002080000A1000800000088
:109CA000040011110410040040002100040004A06D
:109CB000000004A0040010100400000004001000C4
:109CC0002010040000A0402004100400020010092D
:109CD00020080020050005000200201000000400FC
:109CE0000100010001000009000001000000010066
:109CF0000010400000000000000000000000000014
:109D00000000000000000000050000000400080042
:109D100000000000000000004100000008000000FA
:109D200000C000000020200020000400840000008B
:109D30000000A000C0000800010001400000400039
:109D40000100000020004000890000000000090020
:109D50000102880000200000004109008900100075
:109D60001040000000002000000000000000000083
:109D7000000000000000800000080000000000005B
:109D800000004000400000004000000000002100F2
:109D900000000000008402000940000000000200F2
:109DA0009008000000000000000000000000080013
:109DB00080000001000000000000009000A00000F2
:109DC0000000000000908000002000000010001043
:109DD000000800A00020080000A000820010000081
:109DE0000000002000000000010000000000000052
:109DF0000000000000000000040000000000A000BF
:109E0000000000000100010000000100001000003F
:109E100000000000000000000100008000000008B9
:109E2000010003800000000000000000000000218D
:109E3000000002200004000000000000A00000005C
:109E40000809841000000020101000100000000914
:109E500000080020001000100100000008100000A1
:109E6000002184100020000000000000000000001D
:109E700000000000000000008920830089034040AA
:109E80000010008480400000200020400288A100D3
:109E9000008400888002000080208020040000C030
:109EA0000010801000200000002000000020022090
:109EB00000400040020080400010000000900000C0
:109EC000000800108340001009842184400000A095
:109ED0000011400200020040831000024102000015
:109EE0001020080200100002000000000000000026
:109EF0000010000000000000040020000405022003
:109F00009000901000110400C000C000C005C00007
:109F100004000021000004C104000480020090003D
:109F20000008A000082084C000000089C000409004
:109F300000890009C01002044005002100058200CC
:109F4000000004054000040010101005000310106C
:109F5000004100400421020240884010101000110E
:109F600000044100C0059041A0080000400000002E
:109F7000A000C000C000A004400009001104890333
:109F800011200400004004000000030004000991B7
:109F900009908320008580908800050082A0090038
:109FA000800080A0100020C0410000004104020495
:109FB000020410040000001008008201410041006A
:109FC000020010002000000000002000090009002D
:109FD00004011000008403111000C0840500020178
:109FE00040000809100000000000410000000100CE
:109FF0000000410021002100418001000000C080DC
:10A000000220C080C1000005C100C0111000850001
:10A0100000020000048000200410050084000400F9
:10A020000011020002000111A00000000000C08029
:10A030000089A190A1800009820000002108000091
:10A0400000000100000000008205A00000000008E0
:10A050000000000200210804004000001140A000A0
:10A060000008000000400000000088080400000014
:10A070000000000084200802000004900402000098
:10A08000A04180200084000004000000000082C085
:10A090000984040084A041000000410003C111C0F4
:10A0A00021000940400020404020092021020000FA
:10A0B00000C0108241042090000010C000C0C10800
:10A0C0000210008403044002102000C04004C108B4
:10A0D0000084000805404108001040C0038410843B
:10A0E0000910212010104104208820841004210828
:10A0F000000000000400058001800000010801004C
:10A100000403218440C0820000000111000084008B
:10A110000400A000A12005112005821100000010FC
:10A120000000000004C088008480A09110804004DA
:10A130000000C0098420A010A14088108400C01134
:10A140000490111000110000020420210400A0005E
:10A150001090C0212002A090089000100805041162
:10A16000C005024140000040100421210000404091
:10A1700090C000008000800000000083000203C146
:10A180008083000000000020020000404100009099
:10A1900000A00488048400840090080200030003E7
:10A1A0000040050004200000820003201182808806
:10A1B000821000002010090000840000038200A02B
:10A1C00000100882008210C041000500100210003B
:10A1D00020840300001000C00582090011100084D3
:10A1E000A110218410020284200020052040408418
:10A1F000410020000000100020000000001000803E
:10A2000082202020000900000400010082000005D7
:10A21000C00084000100010000004000018000A097
:10A2200000A01010000001C10000200088A08403DD
:10A230000803028300000100000090100000A00944
:10A24000A0000041C00500100100900000030109BA
:10A2500091000000A010020382050010820000415E
:10A260000005024100050303010001000484A00869
:10A27000000002000203A0031004000811410303C0
:10A280004000001100088000040903000000820360
:10A2900000000880000000030000008000800083B0
:10A2A000002000800080110389040205414088A13C
:10A2B000C020022009830000040889848311894199
:10A2C00080100003820900400040000800100008D0
:10A2D000080385408203038884030241A1030941E6
:10A2E0008010080310410020084080110920030459
:10A2F0004080008040002000910101019001000198
:10A300000101000090000000840021010000000015
:10A3100089919090919000900001908840040004F1
:10A32000A0890009888800909101C10190009100E6
:10A330001082A0C0890400840000002103021021C3
:10A3400085210201900003000000C088000500087C
:10A3500002404182112085C001A11041088484C0BF
:10A3600000A10883090800100041910008000001C5
:10A3700000008908821001820902910188002020D2
:10A38000099001000910890083C00801C0C008912C
:10A3900083C190009184888891909000C00004004F
:10A3A000010400010084888883900200C002C0017B
:10A3B000C1009011840091A011C00000A04184044C
:10A3C0008520890200A0892100100900A00040001A
:10A3D00083008900A001880482C0854041018588EE
:10A3E000A00889910800C01011C188C10100008433
:10A3F000008901A0010001C001090100200208003C
:10A400000000830008400880C000838000088000AE
:10A410000009908580000800008003001040800043
:10A42000800003850002000080808380400040801F
:10A4300000110302108489400580829000000910F9
:10A44000C010100020C111804010402003000900FE
:10A45000830010000800C004084005838800200322
:10A4600082008221210508202111A182208302027D
:10A470000200034008092000108305200508001190
:10A480000000092100830340000800114083000000
:10A49000008020800080000000800000400311093F
:10A4A000000000800083004080008000808309035A
:10A4B00000C1088811032009080011002090000045
:10A4C0000209040489090910030040000080080003
:10A4D000050080000000080010040008404020C172
:10A4E0008940802000858321020000008080850053
:10A4F00040A1001121C021C0000580089104008501
:10A5000000000000000188890100000000000089AF
:10A510000090000201040402009088900000019164
:10A52000008840409004000500018800A000888950
:10A53000010400890085892100408482C0900810B0
:10A5400000000121919003218820A0200120000813
:10A5500009400000C000200020000082900990A067
:10A5600088088488109110A00320008840400404CB
:10A570009040010900090010A08282C0C08940C03B
:10A58000C00490010840080120202103110482002A
:10A590002088C1088384110088C091018800880048
:10A5A0009000890104400000C0C0839188018200AE
:10A5B00088880108898400010002820800000801DF
:10A5C000C01000002109901121012190010200908A
:10A5D0000100000000000000000000080501A000CC
:10A5E000A000850808909101210120040800104076
:10A5F000C001401110009040880120000140010975
:10A600000100000000028010802100000391400042
:10A610001140118003A04000C00091000310000011
:10A62000000080000308800000009180839180403A
:10A630000000808003829105400903008011000919
:10A64000000300800000030500C0044002001080E9
:10A65000219102404000002000050041008090034D
:10A6600002408520200008031004A11020004109A9
:10A670002011C120031040000584852141000800FD
:10A680002084104040008241000BD0000000824135
:10A69000000BD00006000041000BD000000082003B
:10A6A000000B000000008200000B00000000820090
:10A6B000000B000000002184000BD000000082008D
:10A6C000000B0000006000000660000BD0000000DE
:10A6D0004188000BD00000000000000000000000D6
:10A6E0000000000B0000424100000000000021417A
:10A6F000000000000000008400000000D000000006
:10A7000000000000D0000000000000005500140010
:10A71000003000F014000500FFFFBFFC0000000047
:10A720000000FFFF0000555500003C3C00003C3C91
:10A730000000FFFF00003C3C00FF55553CFF171791
:10A7400000000000FFFFFFFF00000C0C33330C0380
:10A750000803020A020400000000000000000000DC
:10A7600000005050EB41A0F3A0030000173082829C
:10A77000F3300000000000000000FF00C3C3000031
:10A78000280A00004043CACA0F0000000000000071
:10A79000140000300000140005003C3CBFFC000029
:10A7A0000000000000000000555500003C3C000087
:10A7B0003C3C0000000000003C3C3C3C0F0F00C350
:10A7C0001717000000007D7DFFFF00000C0C00004B
:10A7D000000F000F01211018000000000000000011
:10A7E00000000000FAFAEB41AFF3AF0341001E1B7B
:10A7F000BEBEF3308000000000000000F0F0AAAA06
:10A800000000282800004141CACAFFF0FFFC3000C8
:10A81000000000000A0A0C0CC000C30000FF00FF8B
:10A82000FFFF0000AAAA0000F0F00000FFFF0000F8
:10A830003C3C0000FF0000005555FFFFAFA0FCFCB2
:10A84000BEBEFAFA3A0000070000000000008800CF
:10A85000280005C0F5C0860488A100280F2F82D7E4
:10A860000A0A000FC3556091221122222282AAAA4D
:10A870003C3C7D287D28000000000000000005AF62
:10A8800041413C0000AA000000007D7D2828FFFC1B
:10A8900030003030282800000000C000000000FF19
:10A8A00000FFFFFF0000AAAA0000F0F00000000077
:10A8B00000003C3C0000FF0000005555FFFFAFA02A
:10A8C0000C0C1414FAFA88409008000000010000F3
:10A8D0002800280005CFF5CF75008C0A00000F0F67
:10A8E00082D75F5FFF0FC3551181045C8080808039
:10A8F000F0F0FF00F5F5A0A0000000080400000043
:10A9000005AFEBEB3C0000F000000000F5A0F5A067
:10A9100000860AF401920010080604F40182001077
:10A920000586007400B0084002C7018001844940D8
:10A9300002C70180018449400243018001844140F3
:10A94000088604B401B20010008600E001B00000E7
:10A950000000058600F401B0000500860CF401B08B
:10A9600000A00086006000B000000086004100A04A
:10A97000000001860A6000B0000000860C6000B094
:10A98000000000860070A0B80085A086507000B05E
:10A99000000000108000FFFF000000000402FFFF25
:10A9A00000000082008220000000303030300B0BAD
:10A9B0000F0F282828280F030F0FDF20DFFFFFFFCE
:10A9C000000000FF00FF00003030FFFFFFFFFFFF2F
:10A9D000FFFF00000040011008820010000000008E
:10A9E00068D994000000000000000000B4B4B4B4C2
:10A9F0002A3E6B7F08B0460C300004405008A0840B
:10AA00000140822B30C330000F0FFFFF0000000019
:10AA1000FA0A030386C00001FFFF000000000401E2
:10AA2000FFFF00000082F0820000000000303030A4
:10AA3000000000000028282800000000DF2020007F
:10AA4000FFFF000000FF00FF00053035FEFEF0F0C4
:10AA50007FFFFFFF00002000000018000100000041
:10AA6000000008A2A0680000000000000000FFAA8B
:10AA70005500021643578606D04050141A82100023
:10AA80004822001C870430823082FF8F00FF0000C4
:10AA90000000FA0AF3F30000000001242000000087
:10AAA0000000AFFA05AA0000000000AA0000700034
:10AAB000F0000C000C0C2AAA2AAA14041404DFFFCC
:10AAC0002000AAAA55AA00000000000000007000A3
:10AAD00000001C1C1C3C0000040092005050EB4184
:10AAE0000000000000000F0FE7A10498AAAAFF00D1
:10AAF00001010101820082004B4B00AAF0F0FF002F
:10AB00006475D5CBFFFFFFFF0000000000000000D0
:10AB1000F0E8AAAA000000000000000088E824284D
:10AB200000000000000555AA0000000004AE040467
:10AB30007000F0000C0C0C0C000000001414141435
:10AB4000FFFF0000555500FF0000000080000000DE
:10AB5000000070001C1C1C1C000000000300FAFA1E
:10AB6000EB410000000000000F0F1110A841F0F0B1
:10AB7000C3C300F00FFFFAFA50504B4B55FFC3C34D
:10AB8000AAAA7BD83003DFFFFFFF0000000000000F
:10AB90000000F0F0AAAA0000000000000000000081
:10ABA00000000000000000000000000000000200A3
:10ABB0004000000080000010000080100001002113
:10ABC00080000000000000A0020008000200110048
:10ABD0002000000091009110020000001010910070
:10ABE00002001120000040A010000400040000003A
:10ABF000200021A0000000000090031020080000A9
:10AC00000300040008000000041002902110080056
:10AC1000801021091000C120021111A000000000C5
:10AC20000000000000000000000000210000000003
:10AC3000010001000000020000000000048000206C
:10AC400000900800840000000000000000000000E8
:10AC500000000000000002000200010000C001002E
:10AC6000020091000080000001000140A0002000CF
:10AC700020000000000040004000004100100000E3
:10AC80000000000000000000000040000400000080
:10AC9000400008000420C100101001400021000005
:10ACA00000000000000000000000000000000000A4
:10ACB00000002100800000000000090200000000E8
:10ACC000000000000000000100020202400000003D
:10ACD0000000000000000000000000000004000070
:10ACE00000000000000880C0000000000008000014
:10ACF0000000001000000000000000C10000002063
:10AD0000000000000010002000000000020400A06D
:10AD10000010040890A0000000008010400010887F
:10AD20000000000000000000000000000000000023
:10AD30000000000008000200000000000080000089
:10AD40004000000000000000000200800100000040
:10AD5000002000200410000000000000002002A0DD
:10AD6000000000000000A000020008000000001029
:10AD70000800002000000810A000000000040010DF
:10AD8000204100080000C0030090002000000108DE
:10AD90000008000001100220001000001010012027
:10ADA0000020000000000000000000000000000083
:10ADB0000000000102020400000000020002021074
:10ADC000001000C100020202200900008800008279
:10ADD0002000000004000000008808004100050277
:10ADE00008020000808410204100030008C008848D
:10ADF000039000840084008300048900090011107E
:10AE000000100804058410404108411008000500A6
:10AE100041000900111005A0020085C110820488BC
:10AE200040002004000000008800000000210021F4
:10AE3000000002000010008500050041008002882B
:10AE40000310000090020083008000020400020052
:10AE50000010000000218400100010208800400530
:10AE6000C002C00900000440C1A100050041000863
:10AE700088000000002190211004828202059000C9
:10AE80008441102000C01005000520210805202164
:10AE900082038410C02104100005100010208300DC
:10AEA000C0038440401109000900000000000000B8
:10AEB000000000A0008400100200400000C04020FC
:10AEC00000400000000100000002410000100002EC
:10AED000080011001184001003008300100805C051
:10AEE0004140410005000000051000004110040031
:10AEF0000388030085A00800C101210041004184AE
:10AF00000000000003001000000880011100002074
:10AF100000001010210020841000210080824020B9
:10AF200090090900218502000000000000000000D7
:10AF300000008800880002000000000000080000F7
:10AF4000000000119011004004410000880340C03F
:10AF500000090000000320000000000010000108AC
:10AF60000000004100030010000000050000000088
:10AF700001210010002102008409200402000000C9
:10AF80000010004100002000842100051020001066
:10AF9000088904208805001000100000000808112E
:10AFA000018003880003000201110000000000007E
:10AFB0000000000000000000000000010000000090
:10AFC0000001004000000040000200880000000076
:10AFD0000000020000008200A040008404000488F9
:10AFE000800802004000048200000000052041406B
:10AFF0000588050804A00200008441202084058201
:10B000001000040441C020C041050808008400402D
:10B01000102008A12000400003000290020003203D
:10B02000034020210240050002409000002140051D
:10B030004021000000050005000500090410004043
:10B0400000210040028000000090028800040004FB
:10B0500000212000000000004005408084400000E6
:10B060002011042004050510050204050000849049
:10B0700000000204A0838200890000084010010043
:10B080000000000510C10003010084C0C0040000DE
:10B0900000030211080820050008002140090200F1
:10B0A0000280C02090A084900800C103022100000B
:10B0B000000000000000111011000984110002C0FE
:10B0C000001082100000800140004010400080C04D
:10B0D0002100000080000821082011849101020055
:10B0E0000000110002C00840009009840820000000
:10B0F00002840001C10003C000880384040002022E
:10B1000020840408021005044104108810900804EB
:10B1100000842000100011A0040084000010211001
:10B120009110040020020208008804C002C040847C
:10B130000000000000000000000800000003040000
:10B1400004400040200000080240000002050040CA
:10B150000821000040000208011000000003024026
:10B16000A0050000001104009009040004000088FC
:10B170000000000000020410001000000000002089
:10B180004110010000030100040000C19000000014
:10B1900000800000000901100000004102000000D2
:10B1A0000000021001000003008000008400010084
:10B1B000110000000000000000000000000000007E
:10B1C000000040218503A00811200083898005002C
:10B1D0000041808300828900008000030000110587
:10B1E0000000024140204120402091038904A01129
:10B1F000410500008000040011000000830280026D
:10B200002102404108080309081000004040880856
:10B210001110C00002082040094105400000000054
:10B22000000000008080800003800000800505830E
:10B23000410200C00000000000000000000000000B
:10B240000000000000004000C10000000009C01024
:10B25000008800088883842009A00084000104007D
:10B26000000000009100200090019101890103017C
:10B270002000010000008800890004000000410057
:10B2800002010000010040108841008200C0A101BD
:10B290000201000085000511058900010001000080
:10B2A0000000000000000882C082012000901041D0
:10B2B000110801C188050000000000000000000026
:10B2C000000000000000A000A010A00082011101F9
:10B2D0001000100011C09001A000A000838508009C
:10B2E0000200A000832141000185A111000109C1D4
:10B2F00002C00211212000009089042089820910D7
:10B300000101C08501050988C00185A19021C111F5
:10B31000210185038401C12009A0092082C00808F9
:10B320001001000008000820030108100309C08470
:10B3300040858282A021A0090000000000000000DA
:10B3400000000000000000000000022180088005CD
:10B35000201000000000038400100000800083859E
:10B360008440800080008385880020414003104194
:10B37000A11089008091034100000810880020C0BE
:10B38000030040100241208320050802A009100894
:10B390008909C003880910028389A085A00202419F
:10B3A000902180100000800000809040A1C085089E
:10B3B000050480830000801100850000000000006B
:10B3C00000000000000000000000101100881000C4
:10B3D00008C000808000A1A0808300C100800080A0
:10B3E000000300C1000020000083904000A0008204
:10B3F000C19009854009008411830080000003008A
:10B4000000000000C1850002002002200989009090
:10B410000909C040A088001009094080822000204E
:10B42000218220900000000008000000000000C001
:10B430001110801010000000848040000000000007
:10B4400000000000000000000000000000020009F1
:10B45000018220080020C008108508050008008827
:10B4600082900001001000A000820009119100C12B
:10B470000085408801020021000391030080C04044
:10B48000014000081008C002008800890211010371
:10B490009004A18909098903008801890120820992
:10B4A000000101840388000000000100000000A0EA
:10B4B00040109121884101880090A0108908000067
:10B4C000000000000000000000000000000000413B
:10B4D0000020010000A00985840040001020839016
:10B4E00090000000A00289098800200090080082D6
:10B4F00000900101010003050282028903A000807F
:10B500004111418810C0029002A002852001101054
:10B51000408991C1040008059111020588012108A4
:10B520001084880583000888020102000200A088B8
:10B53000842188000100110805010804048811080D
:10B5400000000000000000000000000000000000FB
:10B5500021910300210008000382410000000080C7
:10B560008300000000414100038241008000008010
:10B5700041802010204020008310C1C18909C08073
:10B5800000800888088088C1880089088540C140FB
:10B590004180108504840000009009409021004003
:10B5A0001000A190C1C02005A08080028000800012
:10B5B00000008882840802210500030211804000F7
:10B5C00041800000000000000000000000000000BA
:10B5D00000002184000BD0000000000000000000EB
:10B5E00000008200000B00000000000000000000CE
:10B5F00000008200000BD00006848181000BD00087
:10B60000110000008100000B0000418100000000DB
:10B61000D000068400410000D0000000008100003E
:10B62000D00082008200000BD00012000000000059
:10B63000000000001100000B00000084006000000A
:10B64000D000060000000000000000000000000024
:10B6500000000000004088003C3C0000FF000000AB
:10B66000FF0000003C3C00003C3C0000FF000000EC
:10B670003C3C00000000000000000000660F3CFFA2
:10B68000E7243F3F000008601C04000000000000A9
:10B69000000000000000FF0099669F60DB24FFC3EC
:10B6A000003CC738C7380000000000000000000060
:10B6B00000000000000066466646FF0FF0FFFC3CFD
:10B6C00067E700000000000000000000000000002C
:10B6D0000000000000000400050038380000FF00F2
:10B6E0000000FF0000003C3C00003C3C0000FF006C
:10B6F00000003C3C00000000000000000000660F5D
:10B700003C00E724030300004080003000000000FC
:10B710000000000000000000990099009F60DB24F9
:10B72000DBDB2424DF20DF2000000000000000001D
:10B73000000000000000000066460000FF0FF0FF60
:10B74000FC3C642400000000000000000000000039
:10B7500000000000000000000000000000000000E9
:10B7600000000000000000000000000000000000D9
:10B770000000000000000000400804000011082044
:10B7800000000000000000000000000000000000B9
:10B790000000400804000011082000000000000024
:10B7A000000000000000000000004008040000113C
:10B7B0000821000000000000000000000000000060
:10B7C0000000000000000000000000000000000079
:10B7D0000000000000000000000010002A10F0F03F
:10B7E000F0F000003C3C00003C3C000000FF00008A
:10B7F000FFFF0000F0F0FFFFC3C3000000000000E7
:10B800000000FCFC24E7F6F67E7E0000000000004D
:10B810003FC3303C000000000000000000FF9F60BC
:10B820003404CBFB669966696666695900000000BE
:10B83000000000000000000000000000FFFFFFFF0C
:10B840000100910000000000000000000000000066
:10B85000000000000000000000000000A002000046
:10B86000F0F0F0F000003C3C00003C3C000000FF29
:10B87000000000000000F0F0FFFFC3C30000000064
:10B8800000000000C0C024E7F6F618180000000011
:10B890000000303C303C000000000000000000FFD1
:10B8A00006F93404CBFB666666696666A9990000F2
:10B8B0000000000000000000000000000000FFFF8A
:10B8C000FFFF00000000FEFF00000000000000007D
:10B8D0000000000000000000000000000000000662
:10B8E0000CF401B0084002C7016000B449400241B5
:10B8F000018001A4494002C7016000B441400086B4
:10B9000000E001900000088604F401B2001000007D
:10B91000008600E001B000A00086006000B000805A
:10B92000C086C07430B00803C086C07430B0420313
:10B9300000860020019000000086006000B000003A
:10B9400000860C20019000000886026400B0000010
:10B9500000000000000000000000000000000000E7
:10B9600000000000000001000F0F00000F0F00009A
:10B9700000000000080008000800080002000000A5
:10B98000000000000004FFFB00104B8E0A000104C1
:10B99000000000102000050901491000030080800C
:10B9A0000002000100020000000010004802000137
:10B9B0000004FFF0FFF00000BEBE10802020000059
:10B9C0000000FF00FF0017171414FFFF2828F5FFE1
:10B9D000FDFF00000000000000000000000000006B
:10B9E000000000000000000000008F0F80000F0F1B
:10B9F00000412828AA0000000000100048000000B4
:10BA00000000000000000000FFFF40001F8E020841
:10BA10000C000000810000000F0B2888000A008045
:10BA2000800400200000080000804001020000E0C7
:10BA300002008000FFF0FEF0003C82BE02004020C9
:10BA4000000000002828000017551455FFFF2808A3
:10BA500005003D00000000000000000000000000A4
:10BA60000000000000000000EBEB00000000000000
:10BA700000000000C300C0C00C0014000000000063
:10BA80000028002800000000003C003C00000000EE
:10BA900000846020000000000000F3BB9ACC00008E
:10BAA00000005F5F505000001000F5A04141000011
:10BAB0000000EB41505000FF00008A8F0AAA0000EE
:10BAC00000005555555500010000027F027FFFFF21
:10BAD000FFFFF0F0F0F000000000000000000000A8
:10BAE0000000000000000000000014140008000026
:10BAF000000180000000000000000C0014000000A5
:10BB000000000F0F000000000000003C003C00009F
:10BB100000000C400010000000000000FDBFB9A7AD
:10BB2000000000000000000002004180F5A0EBEBE7
:10BB300000000000EB41FAFA00FF00008F8F0A0AB4
:10BB400000000000D75555550000080000FF027F97
:10BB5000FFFFFFFC70F070700000000000000000AC
:10BB600000000000000000010000210000000000B3
:10BB700009000000000000A00000000020000020DC
:10BB80004100000000000000000040000001210012
:10BB900002000000A10000010000000000000310EE
:10BBA000110011900000400200A00000028200007D
:10BBB00008002100000002101100400011010010D7
:10BBC000041004C08040090021000508000800405E
:10BBD000821009900490041004000000000000414D
:10BBE0000000000000000041001000000000000004
:10BBF0000000000000000000000900000009000033
:10BC000000000000000000020000000001000040F1
:10BC10000000000000001041844000C0000000004F
:10BC20000080000000000010000000000000010083
:10BC30000000A1008400020000800000000000025B
:10BC40000041A10000001080000000000020A000C2
:10BC500082C1201000088500840000000000000060
:10BC60000000000000000000000000008000000054
:10BC700000000000000000000000000000000000C4
:10BC80000000000000840000000000000000000030
:10BC90000002000080008000801000000000000012
:10BCA000000000000000000800100000000000007C
:10BCB0000000000000000020000400100000000050
:10BCC000000000000000001000000000100800113B
:10BCD00000040008000400880008002000000000A4
:10BCE000000000000000000000000000000008004C
:10BCF0000000C00000000000000000000000000084
:10BD00000000000000000000000000100000000023
:10BD10000000009000000800400002000010000039
:10BD20000000000000100000000808000041002092
:10BD300000000000001000200090008040088210E9
:10BD40008800000000109011002000100020012049
:10BD5000000400C100100080000800800090001066
:10BD600000000000090000001100000004000000B5
:10BD700000000000024080840000800000000000FD
:10BD800011000000000104840010000000000010F9
:10BD90000000000000000288400000010000840054
:10BDA00000000805040109410400021005400900D3
:10BDB00000C00000001002008500000404200803F9
:10BDC0000008002000200082102000200410042120
:10BDD0000020200485A0A0859001000004008001BF
:10BDE0000020000000000000000000000000000033
:10BDF000000000000000018040030000044000003B
:10BE00000005C003C0080020000040000000000042
:10BE100000020000820000000000001000208400EA
:10BE20004020000001A00110002000100003841039
:10BE30000009900200030080C1090203208082856E
:10BE400011080088009000911040828800A188109D
:10BE500010A00480018002002104020410020102EB
:10BE6000040800C100000000000000000000000005
:10BE70000082000008880920008200000488002059
:10BE8000000009820000008800900390000020005C
:10BE90000200004000840088008202001020008818
:10BEA0000000008200000420082011208420058862
:10BEB00004000490200000011001038410A0000081
:10BEC000C100A00084820484040000820400800079
:10BED000000408000001A00020040304024000093F
:10BEE00004001001840900000000000000000000B0
:10BEF0009000880000000100000000200000010503
:10BF000000200000001000000000001000000000F1
:10BF1000000004000000000000000000010000001C
:10BF200000000000001000000100010000100900E6
:10BF30000000010089100010000200020009004109
:10BF40000008040504100310010801000010910806
:10BF500040089000200004202140118000C1898900
:10BF60000004010001082188000000000000000812
:10BF700000000000000000000000000109408000F7
:10BF80008400040080028000800004200000030080
:10BF9000C000040189200001000010000000000022
:10BFA00080C0400082000001000000820400040004
:10BFB000C00800C00000042002024010030002027A
:10BFC0000002108240084182000804000300410280
:10BFD0000404022105000004882041004100020001
:10BFE000414085401020202000080000000000058E
:10BFF000000000000000000000009021000284808A
:10C0000002000500010004C10421040091800040E9
:10C010000200040001200480C02000020003080583
:10C02000C010040000000440A02000000000011126
:10C030001100050810030010018001050008000030
:10C04000C0840282040001008400080303089041B8
:10C050000840038800844000008004A1040000021E
:10C0600091110280408883A08588000200000000B2
:10C0700000000000000000000400000000000000BC
:10C080000000000000200090000009841100000062
:10C090000082002000881100000000000000000065
:10C0A00002000000008200000000000000008888FC
:10C0B0000983880000821102040209020802208418
:10C0C00000840208008400004100A0A020A02120DC
:10C0D000042002082008000002000010C100201106
:10C0E0002010034085200002058409840400840098
:10C0F00000000000400800000000001000000000E8
:10C1000000000010882100800000000000000000F6
:10C110000011002004880000000400100008002125
:10C120000400011082030000000000000000000075
:10C130004141880241209009008000808280008077
:10C1400001000010A000002100000000030501080C
:10C150000088018000000000880004100003200017
:10C1600001409000009020000080000002000100CB
:10C1700000000000000000000000000000000000BF
:10C18000000300094111000082030000000000804C
:10C1900082030000A08000008803A100C08000008E
:10C1A000000080001100000020080504820405043E
:10C1B000000000834000800000114003800000A0C8
:10C1C00000000003910040000002208000804080B9
:10C1D0002000858082000800040040C089822191EF
:10C1E0004084A08400A000020588820489101110F8
:10C1F000031100000000000000000000000000002B
:10C2000000008801200182010000898984842000C7
:10C21000000289910000409000A089A1C082C10461
:10C220000002000020000000000020000801C00003
:10C2300000000000008309C0A0900090014182002E
:10C240000011000000010900000000000082904081
:10C250000010000089881104000201000189858412
:10C26000038901C040C1048400C1018409C0C10028
:10C2700000C001C00000000000000000000000003D
:10C280000000000002004088A00182019001848427
:10C2900000880504900102840088A1A09000008419
:10C2A0000490038208000000010000000490902028
:10C2B00008208200000040019000C00083C190016E
:10C2C00083008840858402008200A0880300C000AB
:10C2D000020020084101010108A0010300C08821DB
:10C2E00085A188010001400141859001418401013F
:10C2F000C100898883C100000000000000004000E8
:10C300000000000000008000858080118005800909
:10C310000000008083808010800000800300800087
:10C32000000080800382A00021000805200080001A
:10C330000002008480000000101000008000839143
:10C3400000084000800083808020000000008300FF
:10C3500041100411038003031140000010021183F7
:10C3600004C08810A0091120410441092021098836
:10C3700010080808900010A0000000000000000055
:10C38000000000000000000009800080008921807A
:10C39000000080800080C083000000800000C00397
:10C3A000008000800000C0830000000000000080CA
:10C3B00008884002000405040000801100001000FD
:10C3C00000830080000009000003800000020000DC
:10C3D000008300050040044000040009800908A112
:10C3E000808803090002A02180C003110020108969
:10C3F00089008504851104020090000000000000FF
:10C40000000000000000000000000108000200031E
:10C4100001400020020282C0890300908490C0C0C5
:10C4200089A10002C09000008903009000880020CC
:10C43000000401910088008290C0000002C0828840
:10C4400000100083001000880040009110A000A0A0
:10C4500000900083049000021003880800408821A7
:10C46000A0858888A1009000A1058889018840885E
:10C4700082850288104189410008888800000000F8
:10C480000000000000000000000000000188019092
:10C4900001880020212000909001900203030000F9
:10C4A000C0019002A101040002019002018801A0D4
:10C4B000000100C0014000000000001000008301E6
:10C4C000824004000800918588908200C0C08301EA
:10C4D00004828800000888A000910000004001C08C
:10C4E00089100100A010C0038500C100C188910817
:10C4F0004091C00020C0C0098800820002020000F4
:10C500000000000000000000000000000000039197
:10C510000400098000800320008000218080839037
:10C520000000002180000303800000218080038040
:10C530000403004003000803030911000980000000
:10C5400083021000000080000382800000008280CF
:10C550008308808000040200004000840002000084
:10C5600008008840024009802102400340090980F8
:10C570000900204104200380000280000000000028
:10C5800000000000000000000000000000000000AB
:10C590008241000BD00000000600000B00000000EC
:10C5A0008200000B000000008200000B000006600B
:10C5B00000600000D00000008200000B00000000BE
:10C5C00000008241000BD00000008200000B000040
:10C5D000420000410000D00041008241000BD00029
:10C5E00000812184000BD00000008241000BD000AC
:10C5F000420000840000D00021001182000BD00016
:10C6000000840000000000000000000000000000A6
:10C6100000005A5A05FAFF00FF000000FFFF00006B
:10C6200055550000FFFF000055550000FFFF0000BA
:10C630005555AAFF1414000000008809000082402C
:10C6400020000000000000FF00003C3C00003C3CDB
:10C650000000555500003C3C00000F0F000000009A
:10C6600008400004F5F5F5F53C3C00000000000032
:10C67000FFFFFFFF0000FFFF207520750000000096
:10C68000FFFFFFFF000000000000000000000000AE
:10C69000000000005A5000F5FF00FF0000000000FD
:10C6A0000000555500000000000055550000000036
:10C6B00000005555AAFF141400000000C0178800A0
:10C6C000000810200000000000FF00003C3C0000BB
:10C6D0003C3C0000555500003C3C00000F0F0000A2
:10C6E000000008028800F57555557CFF00008000A9
:10C6F000000020A0FFFFD000F828005500550000E2
:10C7000000007FFFFFFF00000000000000000000AD
:10C710000000000000005FA0FFF5F0F0F0F0AAAA12
:10C720000000FFFF0000AAAA0000FFFF0000AAAA65
:10C7300000000000FFFF00000000120B004C04008E
:10C740001000AAAAAAAA00003C3C00003C3C000041
:10C75000F0F00000F0F000003C3C00000000FFFFA3
:10C7600000000000F0F000AA000000000000FF0040
:10C77000FFFFFFFFFEF0FFFFF3F700043EFF00C1E5
:10C78000FFFFFFFFFFFFFFFC0000000000000000B4
:10C7900000000000000000005FA0FFFFF0F0F0F0DC
:10C7A000AAAA000000000000AAAA000000000000E1
:10C7B000AAAA0000FFFFFFFF0000000040888C8C49
:10C7C00010020000AAAAAAAA00003C3C00003C3CBF
:10C7D0000000F0F00000F0F000003C3C0000FFFF23
:10C7E000FFFF00000000C0C00028000000000000A3
:10C7F000FFBE3C3C3CFCFFFFFFFFF0F500053E3E6A
:10C800000000FFFFFFFCFFFFFFFC00000000000036
:10C810000000000000000000000008060AF401B05B
:10C82000084002C701800184494002C70180018499
:10C83000494002C70180018441400586007400B070
:10C84000008000860CE001B008400000A245019481
:10C850000104494002C7012001A44940A2C7017454
:10C8600000B44140A0865004A1B000150086001419
:10C8700001980085A1865044A188000500860064C7
:10C8800000B00000A0865024A188008500000000B0
:10C890000000000000000080010000000000000017
:10C8A0000000000020203030000000FF3434000081
:10C8B000050501053C3C00000000070700000000E2
:10C8C000013122180000000000000000000000AA52
:10C8D000FFFF3C000C00FFF0FFF0FFFFFFFFF0A0A8
:10C8E0005FFF00010010AAAA000000000000FF8204
:10C8F000FF8200FFFFFFFFFFFFFE5500FFFFFFFF6E
:10C90000FFBE3CFFFFFFFF00EB00AAAABFFF000035
:10C9100000000000000000000020000000000000F7
:10C9200000000000080030303030000000F33C3CD4
:10C930000000050501050C3C000000000F0F000081
:10C9400000000D4C144600000000FB000000000039
:10C9500000000C0C00000C00FFF0FEF0FCFFFFFFDD
:10C96000F0A05FFF00000000AAAA000043C3C3C3F9
:10C970008282828200FFDFFFFFFFFFFE550055002D
:10C98000FFFFFFFE0CFFFFFFFFF0FBF000003FFF8B
:10C990000000000000000000000000000000020095
:10C9A000000000000F002F2F3C140000141404049A
:10C9B000A0A0A0A00C0C0404EF0000001414141498
:10C9C00000000000141414140000000040000400D3
:10C9D000000050001400000000000000F0F0007D96
:10C9E00000FF00000000800162200F0FFFF0FFFF3A
:10C9F000FFFFFAFA00000A0A0A0AFFFF8282C3DF79
:10CA0000C3DFFFFBFF007FFFFFFFFFFFFEFEFFFF17
:10CA100000AF000000000000000040000000000027
:10CA200000000000000000002F2F3C3C0000141408
:10CA300014148080A0A00C0C0C0CEF000000141447
:10CA40001400000000001414141400000000000082
:10CA50000000000050001400003C000F0000F0F047
:10CA60000F7F0FFF000000000320004A0000FFF0CE
:10CA70007FFFFFFFFFFAFF000A0A0A0AFFF2828225
:10CA8000005F005FFBFB00007FFFFFFFFFFFFEFE7C
:10CA900000AF00AF00000000000000000000000038
:10CAA0000000000000C000A0000000000000000026
:10CAB0000000A001000000000000000000000000D5
:10CAC000000009000000000000000000020000005B
:10CAD000020004000000001000080000000000C078
:10CAE000000000101108000000000000110000000C
:10CAF000000000088001001000000020210000005C
:10CB00000000050000202100090009000900009034
:10CB1000110084100400000000000000000000412B
:10CB20000021002100000041002100000000000061
:10CB300084000000051000008200000000000200D8
:10CB400000020000020000000000000000000200DF
:10CB5000C0000000020000C0000000000000000053
:10CB600000000021001020000000000000008221D1
:10CB7000040000000000040800000021000800007C
:10CB8000000040000004000202000000000002005B
:10CB90000000A02109410111000000000000000078
:10CBA0000000000000000000000000000000000085
:10CBB0000000000000000000000200020000000071
:10CBC0000000000000000000000400000000000061
:10CBD00000000000000080000000000000000000D5
:10CBE0000010000000000000000000000000000035
:10CBF00000000000000000002010000800000000FD
:10CC00000000000000100000000000C000000090C4
:10CC100000900000009000000000000000000000F4
:10CC20000000000000000000000000000000000004
:10CC300000000000000000000000000000000000F4
:10CC400000000000000000000000000000000010D4
:10CC50000021000000100010200000000003000070
:10CC60000011001100100010001000000000000072
:10CC70000010000000100021001001110010001031
:10CC8000001000210010001000200000000800101B
:10CC90000010001000410000002100100000000002
:10CCA000000000000000000000002100000004005F
:10CCB00000000000210021842110210102000090C9
:10CCC00011A0000008100010080000000000000083
:10CCD000030821000800008400100000000000008C
:10CCE00000C0118809840510001000000000041025
:10CCF00003004100091000000984051005084100E7
:10CD00000500059003904110008400004040088217
:10CD1000024005000584040805080084008900001D
:10CD200000000000000000000000002000000000E3
:10CD300000050041000000000000000000080000A5
:10CD400000110000000000000000001000000000C2
:10CD500000008800880000000000A000A010000073
:10CD60000005001000100000000300008810A00063
:10CD70008800821090088800C00082000000000532
:10CD800002410000880004030002C01108020810DC
:10CD900008100011C0210008001000108208004097
:10CDA0000000000000000000000000000000000083
:10CDB0001100000000000000000000000000000062
:10CDC0004100000000902088000000000088000062
:10CDD00000000000000000200000000000008400AF
:10CDE00000000400000020000500400000000000DA
:10CDF000000005880590028400C01088090000002A
:10CE000011840008000802000000009003C0000028
:10CE1000000000000000208200000800090020003F
:10CE200008040000000000000000000000000000F6
:10CE30000000900000000200000000200000000040
:10CE400000000010000000000002002000000000B0
:10CE50000008000000000005002000200020000065
:10CE600011000000002000000000900000410003BD
:10CE70000000000000000000000504009000000019
:10CE80000000100000000041000000200000000829
:10CE900000112003000000410403080300200000EB
:10CEA00001080180000000000000000040000000B8
:10CEB000000000000000000000C0000000000010A2
:10CEC00000000040000000000910000040000000C9
:10CED000090008000000000000C000400000001031
:10CEE000000200000000000000000082000000C0FE
:10CEF00005C00500008841C000001100008410A09A
:10CF000000000008081000004184030000000384B2
:10CF10000000000000400040000000001000000879
:10CF2000091005001084000000000021000000002E
:10CF3000000000008800000000210005040000003F
:10CF4000000000000000900000000021020000002E
:10CF5000000000100000000000000000C0080010E9
:10CF600004000021041000000011001100218800BD
:10CF70000000880888101011C0000010C0090000CF
:10CF80000000042100090121900500000021041087
:10CF9000000000080402C00800009020A000000962
:10CFA00000090009000091210000000000000000BD
:10CFB0000000000000080000000000000010001049
:10CFC0000084000800820000000000002000001023
:10CFD0000000030011100000000000840010008415
:10CFE000008400000082080000000900110020A059
:10CFF00000824000400040100000000000002010AF
:10D000002010008421001082000000080040200051
:10D01000000400000000118209000000110020102F
:10D020004010008400A0050800000000000000007F
:10D0300000000000000000000000000000000000F0
:10D0400004000000002000080000000900209000FB
:10D0500004009041000000000000880000008805E6
:10D06000044100000000A008A110000000410011D0
:10D0700090008800042088000003020000000000E7
:10D08000020000082003A000A00082040408901001
:10D09000C0020400880300000010000800000040E7
:10D0A00088034020044002110400844080000000F6
:10D0B00000000000800000000080001000804000A0
:10D0C0000003000300000200008000008000000058
:10D0D0000000000080000000000000100000800040
:10D0E000000300030000000000800000000080003A
:10D0F00000000000000080000000008080100000A0
:10D1000020000003004100000000008000008000BB
:10D1100000000000008080000000008000408000CF
:10D12000000000030803000003000000000082006C
:10D1300000000082000882000000002010010002B0
:10D14000080000010000000001000008000082004B
:10D150000000008200088200000000A01001000210
:10D16000C0000001000000000000001000000000EE
:10D170008200000000820088820000000020080178
:10D1800008C0850000010001000000000010000040
:10D1900082000000008200108200000000100800E1
:10D1A000040884000001010000000100009000005C
:10D1B0000000020000000000000009000000200044
:10D1C0009000C0010000C0010000000000080190B4
:10D1D0000000C000000000000000910000000800F6
:10D1E0009000A0010001C0000000000000010090BC
:10D1F00000000000020000000000000089000000A4
:10D2000008009100040100A00200000000000001DD
:10D210000088000020000000000000002100000045
:10D22000400003008901000084000140000000016B
:10D230000110000080000000000000000400000059
:10D2400000002100C10800200041200000000089EA
:10D2500041000000800000000040000004000000C9
:10D260008000210003400020001120000000000386
:10D270001100000000008000000000000000040019
:10D2800000000000020083410020802020000000F8
:10D2900000031100000000000000000000008400F6
:10D2A00000008000900041100000004110000000CC
:10D2B000001041800000000000000000000000009D
:10D2C000000008A100200000100000000000000085
:10D2D000008000000000000040000000000000008E
:10D2E000000008A10008000010000000000000007D
:10D2F00000800000000000000000000000000000AE
:10D30000000000004140002000001000000000006C
:10D31000000000800000000000000000000000008D
:10D3200000004000108000020000410000000000EA
:10D3300000000000000000000000000000000000ED
:10D340000000004001020000000001000000000099
:10D3500000000008000000000000000000000000C5
:10D360000000004001020000000001000000000079
:10D37000000000100000000000000000000000009D
:10D38000000000000040012000000000010000003B
:10D39000000000000010000000000000000000007D
:10D3A0000000000000A0012000010000C0000000FB
:10D3B00000000000009000000002000000050000D6
:10D3C000000000009000000000830000004000000A
:10D3D0000000000000000088000001000040000084
:10D3E00000000000900000000083000000400000EA
:10D3F0000000000000000088000000000000002085
:10D400000000000000409000000000830100004088
:10D410000000000000000000001000200100008358
:10D42000000000000140C10000000082000000A0D8
:10D43000000000000010000010C100800500008204
:10D440000000000040001100000000820500008084
:10D45000000000000000000000000000020000408A
:10D460000000000040001100000000820300008066
:10D4700000000000000000000000000000000500A7
:10D4800000A1000000000800110000000082080058
:10D490000080000000000000000000800000040088
:10D4A00000020000000002009000000000C0110017
:10D4B0000000000000000080000080C000000000AC
:10D4C0000000120000000000000012008148000B64
:10D4D000D00012000000000000000000000000006A
:10D4E0000000120000000000000012008148000B44
:10D4F000D000120000000000000000410000000009
:10D50000000000001200000000000000120081482E
:10D51000000BD000120000000000000000410000DD
:10D52000000000001200000000000000120081480E
:10D53000000BD000120000000000000042000000BC
:10D5400000000000000000000000000000000000DB
:10D5500000000000000000000000000000000000CB
:10D5600000000000000000000000000000000000BB
:10D5700000000000000000000000000000000000AB
:10D58000000000000000000000000000000000009B
:10D59000000000000000000000000000000000008B
:10D5A000000000000000000000000000000000007B
:10D5B000000000000000000000000000000000006B
:10D5C000000000000000000000000000000000005B
:10D5D000000000000000000000000000000000004B
:10D5E000000000000000000000000000000000003B
:10D5F000000000000000000000000000000000002B
:10D60000000000000000000000000000000000001A
:10D61000000000000000000000000000000000000A
:10D6200000000000000000000000000000000000FA
:10D6300000000000000000000000000000000000EA
:10D6400000000EDE000000000000000000000000EE
:10D6500000000000000000000000000000000000CA
:10D660007B700EDE000000000000000000000000E3
:10D6700000000000000000000000000000000000AA
:10D680007B7000000EDE00000000000000000000C3
:10D69000000000000000000000000000000000008A
:10D6A00000007B700EDE00000000000000000000A3
:10D6B000000000000000000000000000000000006A
:10D6C00000007B700663C002000000000000408C78
:10D6D0000700000000000000300200000000000011
:10D6E0004003C6600663C002000000000000408CDA
:10D6F00007000000000000003002000000000000F1
:10D700004003C66000000663C00200000000000085
:10D71000408C070000000000000030020000000004
:10D7200000004003C6608664C002000000000000E4
:10D73000408C0700000000000000300200000000E4
:10D74000000040032661000000000000000000000F
:10D7500000000000000000000000000000000000C9
:10D7600000000000800003010001000100018000B2
:10D770001000000020000000400000010011040023
:10D7800000000001C004000000040000000121109E
:10D7900000100000800080000000000180000000F8
:10D7A0000000000080008008400100000000A1107F
:10D7B00000001101030802000200000080022000A6
:10D7C0000005800000212120000000000000000072
:10D7D0000000000000000000000000000000000049
:10D7E0000000000000000200001000108220002055
:10D7F00002000100000001000000010000400002E2
:10D80000010000000010218400C00080000000041E
:10D8100000800000040010044000000000102010F0
:10D820000010001000004004100001400000000043
:10D830004000000000400000010000000000200047
:10D84000A0100090400000C0909000000000000078
:10D8500000000000000000000000000000000000C8
:10D8600000000000000000000000000000000008B0
:10D8700000000200000000000000000000000000A6
:10D880000000000000000000000000000020000078
:10D890000000400000400000008200000000000185
:10D8A000008320000000000000000090000000083D
:10D8B000000000080000000000000040009000028E
:10D8C0000000001000A1004000A0000800000000BF
:10D8D0000000000000000000000000000000000048
:10D8E0000000000000000000000000000000000038
:10D8F0000000000001000000000000100000000017
:10D900000000000000000000000200000000009184
:10D910000000002101000083000220080010000028
:10D92000000400040110820000000000001000004C
:10D930000080000804800008000000000090000043
:10D94000000000100010002000880000009000007F
:10D9500000000000800000000000000000008000C7
:10D96000800080848000000080000001000004101E
:10D9700000000802100000840010000800000000F1
:10D980000082800190100084000803C002000000A3
:10D99000080100000884820004400000000000002C
:10D9A000008400008310091010080000000020828D
:10D9B0000308000205084120041000088004000448
:10D9C000100800C00010040800C12011200900093F
:10D9D000000000000000080000000000001100002E
:10D9E00004050400040004000041020000080000D7
:10D9F0000100000001800141000000000011A000B2
:10DA00000000000020042100000800000000014187
:10DA100000000120000001100900000000000000CB
:10DA200010000005A0402041001000000000000090
:10DA300001000021008000800080000000000288BA
:10DA400000800180001100050010820401200120E7
:10DA500000880000000040000000000000000000FE
:10DA60000000000000000000210000000000000095
:10DA70000000000000000000410000000200000063
:10DA80000000000000000002000100000000000093
:10DA900000000000800080008000000020004000A6
:10DAA0000300020003002101210020000200020007
:10DAB0000000000009000000000011840000008444
:10DAC000000021001000000100000010040021826D
:10DAD0000000A101000000000000000000000000A4
:10DAE0000000000000000000000000000000000036
:10DAF00000000000400000000041000000000100A4
:10DB0000000000210000000300054020000000117B
:10DB1000000000020000200510092000040084001D
:10DB200090020400890082058804000505050100B3
:10DB30000104000004050408840990050010C000D9
:10DB40009009000090090100000400080005010987
:10DB50000011840004080000000000000000000024
:10DB6000000000000000000000004100000000086C
:10DB700000000010000021A088002110A1840800EE
:10DB800000C000100000048200000004041008A07F
:10DB9000000803400404000020009021A12103009C
:10DBA0004040030000101000008420842104A010D5
:10DBB000210005100502028204000000000080859B
:10DBC0000040008221040300848220900004008829
:10DBD00080110083020521410000000000000000C8
:10DBE0000000000000000010000000000000000025
:10DBF0000000880000000000000005000010080080
:10DC000001000000841000100000000000850110D9
:10DC100001000000008000900000010011A008A099
:10DC200000050108000888A101100000110088808B
:10DC300021100010001188000110001000000003E6
:10DC40000420000000000088001002000100009085
:10DC500000002020902089A082A000000000000089
:10DC600000000000000004000000000000000000B0
:10DC7000000000000000000000000004210020005F
:10DC800000840010080000020020000005C000848D
:10DC900003A100880040039040200000042011C030
:10DCA00004850085000040048090800000842005E9
:10DCB000201100001100020041010082040000094F
:10DCC00011100008200508200085800400040000D1
:10DCD0000409410500842104004090000000000078
:10DCE0000000000000000000000000000000000034
:10DCF00000000041000000000000000000004000A3
:10DD00000000A0020041010500000003000900100E
:10DD100000100008000000800000000000000485E2
:10DD20000020040404048400010002000241900564
:10DD3000858405048210004121008240C000021148
:10DD40000040000000039184010020042021C00352
:10DD50008400040404C09000008000001100000052
:10DD600000000000000000000000000000000000B3
:10DD7000A1002100008010008000080009008280BE
:10DD8000008091800000004080C089100090000257
:10DD900005058040001000C080A121100010000087
:10DDA000A183210409A121A1038205080921088377
:10DDB00002058909834040400000058005800080FD
:10DDC000028300C021114004884000401011030468
:10DDD000A0100589839104840800094010410305BF
:10DDE0000000000000000000000000000000000033
:10DDF0000000208288A000C0010010000100000087
:10DE000089820004A02000900008900209410005CA
:10DE100000010100C00088018882A08583C100A1A3
:10DE20000000208300C191020084018391A000883A
:10DE3000008401018801C1010000C088030800C0FE
:10DE4000000401412004C008019003008400010087
:10DE500000001003911120C0000201002100000108
:10DE60000100000000000000004000000000000071
:10DE70000008000020002020C0C0000000000000BA
:10DE8000009003002100208882830001910089888E
:10DE9000830082012104200489C0080020A0080119
:10DEA00082C0000000000484050083850101C100D8
:10DEB0008590091000880104019001000500C1004F
:10DEC0008284110401000100011001088800010290
:10DED000000021880000210001010185C120890482
:10DEE00003A08320000000000000000009000000E3
:10DEF00000000000002100008080808000410000C0
:10DF000000000000912084008580A1910902C000DA
:10DF100085808900210888A180A10302A10300A1B6
:10DF20000021802100000800C000C121898520084F
:10DF3000400020008380080009004084050085021D
:10DF40000200408802C140084040058003002011C3
:10DF50000800081009800820880010210989909085
:10DF600090808885A0A00000000000000000000054
:10DF700000000000000000800000808000000040E1
:10DF80000004000300210011808003A180C00880EC
:10DF9000004000C0A08010000000100005800300B9
:10DFA0000080000021000000094000822189084013
:10DFB0000810009140A005034040004010891090D7
:10DFC00000808010089000900902800200020983FE
:10DFD0000010000508080085201080218089C040BD
:10DFE0000890080400030285000000000000000003
:10DFF0000000000000000000001084840404000001
:10E0000000210041004000080021202000218883D9
:10E010000190900920A18882010000000100008881
:10E020000040A02000900090000001049089009121
:10E0300000A1010508C1838440890088008500890A
:10E0400041830002C0210009081100A0029040880D
:10E0500001050009008301C0008200C1C085088558
:10E0600020C0010500850090208400000000000011
:10E07000000000000000000000002021040020003B
:10E0800000104020200040008800838920032101E7
:10E09000100000010089000088888300A090C10062
:10E0A000899090038500890089020000828921C13E
:10E0B000A0010482A040820188004040014001A1EB
:10E0C00001010100410801028200082008108800B7
:10E0D00090000200110101008801008840A0C100E9
:10E0E000890001882103219090010940000000006F
:10E0F000000000000000000000000000000380009D
:10E100008000008000808000800000008382C08941
:10E110008211A0000011002000048080100505205D
:10E120008811900003051004100010800000C0C08A
:10E130000405090988800000000200118000030026
:10E14000024109024000080502034011400000801E
:10E150000005000280008920080389204040030553
:10E160000405092040000989119041408880000081
:10E17000000000000000000000000000000082001D
:10E18000000B00000A0000000000000000008241B7
:10E19000000BD00000488241000BD00000008241FB
:10E1A000000BD00000008200000BD0000000000037
:10E1B0008241000BD00000820000000000004100FE
:10E1C0008241000BD040008100410000D0000000DF
:10E1D0008100000B0000000000410000D0000000A2
:10E1E00000820000D00000000041000BD000008140
:10E1F000000000000000000000000000000000001F
:10E20000000000000000000000000000000000000E
:10E210003C000FFFFFFFFF7E00000000F0FFF0FF5B
:10E22000B410200400000000800200040000000080
:10E230000000E00F00003804000000000000D310D0
:10E24000D310DCCC24000C103C00FFFFFF7FFFFF4D
:10E25000FF0F00000000FFC30000FF000000F4F605
:10E260002466FFFFFF7F66006E087E661800666604
:10E27000300000000000000000000000000000006E
:10E28000000000000000000000000000000000404E
:10E2900000003C000FFFFFFFFF7E00000000F0FFCA
:10E2A000F0FF8E060004000000002414440C00005F
:10E2B00000000000F00F00003C0000000000000023
:10E2C000D310DF1CCCCC3C3CCF10FF00FFFFFF7F06
:10E2D000FFFFFF0F00000000F3C36666FF040004A9
:10E2E000F4F42424FFFFFF7F660066007F6F1000B8
:10E2F0006666000000003000000000000000000022
:10E30000000000000000000000000000000000000D
:10E3100000000000000000000000000000000000FD
:10E3200000000000000000000000000000000000ED
:10E3300000000000000000000000000000000000DD
:10E3400000000000000000000000000000000000CD
:10E3500000000000000000000000000000000000BD
:10E3600000000000000000000000000000000000AD
:10E37000000000000000000000000000000000009D
:10E38000000000000000000000000000000000008D
:10E3900000000000000000000000000000008A10E3
:10E3A00000002000DFFF101850D20000F6F6120027
:10E3B0007320DBDBDBDB00000030FFF90020604076
:10E3C000000000000081DFFF06FF00F93C3CFC3C40
:10E3D00000000000FFFFFFFF242400F0FEFFFEFE10
:10E3E000FFCFFFFF00007E6600FF00FF01016767AF
:10E3F00076307630000003010000000000000000CD
:10E40000000000000000000000000000000000000C
:10E4100000000000000000000000000001000000FB
:10E42000208023840000FFFF090F02803C3C6666C9
:10E4300002193042DBDBDBDB00000030FFFF0000B5
:10E440006060050800040000FFFF00C300C3181847
:10E45000181800000000FEFFFFFF24240000000049
:10E46000D1D1FFCFFFFF01097F6F00002020010005
:10E4700067FF3030303000000F0F000000800800D0
:10E4800000000000000009000000008600800180FC
:10E4900000000086006000B0000005040094010840
:10E4A0000000000600F40100000000860CE4A190CA
:10E4B000001500860CC001B00000000000000A94A6
:10E4C00001A000000086026000B900A0058600E4FB
:10E4D000013000000186007400B0000500860AE0EB
:10E4E000019900A00086006400B00000008600646E
:10E4F00000B000000086006400B000800000000052
:10E50000000001000000002000000100AAAA0AAAE1
:10E510003C2C3C2C10000202001000000C00FF55A7
:10E520000C000500BEBEBEBE0000D7003000B282A7
:10E53000FFFF000000000008020040000000000093
:10E54000000000000800FEFFFFFF15FFFFFF0000B6
:10E550000000FAFB003CFFFFBABAFFFF0000FFFF1C
:10E56000FFFF00000040FFFFFFFF82005555FFFF47
:10E57000FFFFFFFFFFFFFFFFFFFFFFFFFFFF004069
:10E580000000000000000040000000000200000049
:10E5900000000000000001000414000000000C0056
:10E5A000FF000C000500BEBEBEBEFDFF00FF002048
:10E5B00082A2FFFF00000000000080200004000095
:10E5C0003030F00000000800FFFFFFFFFFFF1FFFDB
:10E5D00000000000FAFF003C30303030FFFF000147
:10E5E000CFDFCFFF00000000FFFFFAFA80005F5F7F
:10E5F000FFFFAFAA7FFFFFFFFFFF3CBCFFFFFFFB5A
:10E6000040000000000000000000000000000000CA
:10E610002030203000005505000000000000000000
:10E620000A0008080C000F0004000000F5FA05FAC3
:10E630000000000002081200280020000004FFFF74
:10E6400000008200C0000A0A00AA0000003CFAF0A4
:10E65000FFFF0000000000000000F0F10000FFFFDD
:10E66000FFFF406384B400000000000000000000D1
:10E67000FFFFFDFCFDFCFFFFFFFF00000000FFFFB0
:10E68000FFFF00000000000000000000000000008C
:10E690000000303030300000555500000000000010
:10E6A00000000A0008080C0000000000000000053F
:10E6B00005FA0000000080054CA628002000000498
:10E6C000100000008200C000000000000505003CB2
:10E6D000FAF0FFFF0000000000000000F0F1000071
:10E6E0007FFF5FFF8C8349020000000000000000F4
:10E6F0008282FFFFFDFCF5F05F5F5F5F00000000BE
:10E700008F0F0F0F0000000000000000000000004D
:10E710000000020000000000000000108000000067
:10E7200080008000000100010001000000001000D6
:10E7300090008001000000010000000800000000BF
:10E7400000000000000000000000000000000800C1
:10E750000000004020000000000000000000000059
:10E760000000800080018000000100008001800026
:10E77000000000000400000111008005A00000025C
:10E7800000001041411000000000000000000000E7
:10E790000000000001000000000000000000080070
:10E7A00000000400040000040004000400009000C5
:10E7B00001000305104000000002000000000000FE
:10E7C00000000000000000C0000000000021000068
:10E7D00001000000009000000000000000000000A8
:10E7E0000000000010001002200000400000200483
:10E7F000080000000000000000100000208421003C
:10E800000080000001C000100000000000000000B7
:10E8100000000000000000000000000000000000F8
:10E8200000000000000000000000000000000000E8
:10E8300000000000000000000000000000000000D8
:10E8400000000000000000000000000000000000C8
:10E8500000000000000000000000000000000000B8
:10E8600000000000000000000000000000000000A8
:10E870000000000000000000000000000000000098
:10E88000000800000000000100000000000000007F
:10E890000000000000000000000000000000000078
:10E8A0000000000000000000000000000000000068
:10E8B0000000000000000000001000000000001038
:10E8C00000080000001000410000000000000010DF
:10E8D0000000000000000000002100080008000007
:10E8E00000100003000000100000000000000010F5
:10E8F0000000000000000000001000000000000008
:10E9000000020000000000100040000200000000B3
:10E910000000000000000000000084000000000073
:10E9200000000000800084008000800008000010CB
:10E9300000002000000000000010040000000000A3
:10E94000000000100000000080000000000000C077
:10E950000000000000A00002000000840041000050
:10E96000000000080000000000000010000020006F
:10E9700000C18001800000000008088280000000C3
:10E98000C1A020008004008200008041000000003F
:10E99000000000000000000000000000080000006F
:10E9A0000000001000000800050004000400010041
:10E9B00000000000830500000000000000030000CC
:10E9C0000003820000038800000002000000000035
:10E9D000040000030005000400801000100000C0C7
:10E9E0009008000500910004000000080000880065
:10E9F00001100004200402050040000801411041FC
:10EA000000210203014020900000000002C000002D
:10EA100000000000000000000000000000000000F6
:10EA200000000000000000000400000000000800DA
:10EA300000000000000000000000000000000000D6
:10EA40004000200020002001100000000000800095
:10EA500000000000050000000200000000000000AF
:10EA6000000000000000020004000000110000008F
:10EA70000000200020000000000010000000000046
:10EA80000000000000002001020000004000020120
:10EA90000000000000000000000000000000000076
:10EAA0000000000000000000000001000000000065
:10EAB0000100000000000000000000000000000055
:10EAC0000000010901000100012001000000000018
:10EAD0000800000000000009001101000000000013
:10EAE0000010000000000000000001000000000015
:10EAF00000100010010001000000000000000000F4
:10EB000000000000000900020140010000000100B7
:10EB1000014000000000000000000000000000A014
:10EB200000000000000000000000000004000000E1
:10EB300000200000000004000000000000000000B1
:10EB400000021000401020202020201000840340EC
:10EB50002040200000000000000082002000000093
:10EB60001000020010A1800003000000000100005E
:10EB700000820000000020A02000000420040010FB
:10EB8000004090000200008200A00005000480C048
:10EB90000000008380000000000000000000000072
:10EBA000000000008810000800080021000001009B
:10EBB00000108490000000080100002100210000E6
:10EBC00020000090C0100180018001A101A100007F
:10EBD00000800185050000000000000011210100F7
:10EBE0000000100011100140400000000021000250
:10EBF0000403840000100021010801110090C1905D
:10EC0000000000031105010300009011008400833F
:10EC10004000000000400200000000000000000072
:10EC200000A00000000000000088008440000000F8
:10EC30000000000040840000000000000090000080
:10EC400000400082001000021010201080002020E0
:10EC500000821082808400400000110009881100A9
:10EC600000004140104000840082004009A00000E4
:10EC7000009009A000900010002000201100200842
:10EC800000080288000202024001004000900020BB
:10EC90008089418200820002000000000000000024
:10ECA0000000000000000000000000000000000064
:10ECB0000000000000000000000000000000000054
:10ECC00000000000000000020000010001800800B8
:10ECD0000100000001000200000000000000000030
:10ECE0000000000000000100000000000000000023
:10ECF0000000000000000000000000000000000014
:10ED000001000000000000800000014000800000C1
:10ED100000002004000000000000000000000000CF
:10ED200000000000000000000000000000000000E3
:10ED300000000000800000000000008000030010C0
:10ED400080000808080580082008040411850409CB
:10ED50008000098800400541114011400000030077
:10ED600000004000050005034020C12020100021C4
:10ED7000A04183414110402100400020032188022E
:10ED800020214102400821C080C12020030508083D
:10ED9000004040040020000000002000110000009E
:10EDA0000000000000000000000000000000000063
:10EDB000000000000000888800842090009000007F
:10EDC0000001100000000101100100010101898310
:10EDD0000183080801914001010182010101000045
:10EDE0000100C0000100000001010100C00000019D
:10EDF0000000030004000101010000000000000009
:10EE00001101080001010000C0822002008201C03F
:10EE10002190028501A00001000088000000000090
:10EE20000100000000000088000000000000000059
:10EE30000000000000000000000100008800829037
:10EE400000018290A089829190008200200220001F
:10EE500091899040019083C1C10184A001A189A141
:10EE60000000410005000284050090002104A0007C
:10EE700083010000030201000400000001C0010042
:10EE800000000101018200200005400090A1C101A5
:10EE900082848800830005908285010001000100C2
:10EEA0000100100000000000000000000000000051
:10EEB00000000000000000000000000800008000CA
:10EEC000808005020000A1A0A191200003008380A2
:10EED000200010908000218083894002A00041A181
:10EEE0008909000010008200838089004100208091
:10EEF00085208505050010A140418500200008C13E
:10EF0000104000210220410040080889A1000905A5
:10EF10000805888009021000A100C18910001000B6
:10EF200010001000000000000000000000000000C1
:10EF30000000000000000000000000000000800051
:10EF400040000080021000102121A1A103080088C8
:10EF50000091080810118088808908834020009063
:10EF60004085A1A100000003000540030003032029
:10EF70000010400505911082000321C18203104159
:10EF8000400500054120038000400308401108901F
:10EF9000000505C188A005C1000385C140A000404F
:10EFA0000011058000830000000000000000000048
:10EFB0000000000000000000000000000000000051
:10EFC000880082000088010100010000888801910A
:10EFD00000030002019101900288A01141830121E8
:10EFE00000C1008589A100000002000200020002A9
:10EFF00000A000C100A109410105009000850303A4
:10F00000010000000000000000020090000921083B
:10F0100001100282A104850200028882A1218804D5
:10F020000000008501040005000000000000000051
:10F0300000000000000000000000000000000000D0
:10F0400082918488C000888882098985000088C0F0
:10F0500001900111010000C08390858800000088A4
:10F060008341A185C189C1A0000000010083000087
:10F070000090000001A1000001C00001009101000A
:10F0800000020000000100000000218803011001BF
:10F0900040009084840091001090C0858484080012
:10F0A00000400020000000000008000000000000F8
:10F0B0000000000000000000000000000000000050
:10F0C000000080910080800080808003821008080A
:10F0D000A100030310840821088083801000030826
:10F0E0000380C003404140892180000000100010CF
:10F0F000000000000341411011054080212020C183
:10F100000803418021002008204041008280044102
:10F110008810A000008341081011880000A000C1E1
:10F120008008000000000011004000000000000006
:10F1300000000000000000000000000000000000CF
:10F14000000000002100000B000000008241000BC5
:10F15000D000210000000000000082008241C00BAE
:10F16000D04400002184000BD000210000000041A9
:10F170000000D0000A002100000B00040000820003
:10F18000000B000000000000000000000000004133
:10F190000000D000000000000000000000840041DA
:10F1A0000000D000000000840000D000000000003B
:10F1B000000000000000000000000000000000004F
:10F1C0000000000000000000000000000000515599
:10F1D00051550C0C000C000C0FFF00000004030044
:10F1E000CFFFF5F5FCFF30000C0000030F0300001B
:10F1F0000000000000000004FFFFFFFFC3D3C3FFB7
:10F20000E212C2C23F3F3F3F05040A0A000050001D
:10F2100000FF00FF00F05555007F007F0FFF0BEB54
:10F220000000000005053DFD000000000C0C0F0F64
:10F2300000000000000000000000000000000000CE
:10F2400000000000000000000000000000000000BE
:10F25000000000000C0C0C0C000C0FFF0000000064
:10F2600030C033FFFAFAFEFD800000000F030003F8
:10F27000000000000000000000003E3E5F7F0050E4
:10F2800000FF0A504201303F3F3F03382A3200005E
:10F29000540445FF003000005555007D007D0000FE
:10F2A00000000000000005053DFD0000000000001A
:10F2B000000000000000000000000000000000004E
:10F2C000000000000000000000000000000000003E
:10F2D0000000FF000000280028280000000000496E
:10F2E0000A401441BEEBC3FF00000A0A0000F030E0
:10F2F00000C00000000000008A00200000000000A4
:10F30000080C000000A58BC00F080F0C88056C00CE
:10F31000FF00FF00AAAA8E823030B0B0FF00FF00CD
:10F3200041550000BFBE3F3CAB01AB0100000000F7
:10F3300000000000000000000000000000000000CD
:10F3400000000000000000000000000000000000BD
:10F3500000000000D7000000282828280000000135
:10F3600000008840FFFFFFFFC3FF3C3C000040015E
:10F37000F03000800000000000008A002000000241
:10F3800000C000000000004D41030F0C0F00710C85
:10F390002013FF01FF01AAAA0F0030F3B0F1FF0014
:10F3A000FF0D455500003C3C3C3CFF00AB0100001C
:10F3B000000020000000000000000000000000002D
:10F3C000000000000000000000000000000000023B
:10F3D000008001800000008200B4018000000586EA
:10F3E000006000B0000005220094014204A00086E5
:10F3F00000F40190000000000086007400B00000DE
:10F4000000060AE001B8000000860CE001990480C3
:10F4100000000C00000000000086006400B0000046
:10F4200000860C6000B000800086006400B0200000
:10F430000086006400B200800000000009000000A7
:10F44000000000900000000000000000000000002C
:10F45000D8F0DFFFFFFF0000D728C3C3FFFF000085
:10F460000000000000080004FFFFFF55CFCFC3FFDE
:10F47000FFFFFFFFE7C3CFC3000000000000000C48
:10F480000000000000000000001000000000CFDFBE
:10F49000EFFF0000000000000000000080240000DA
:10F4A0000000FFFFFFFCFFFFFFFFFFFFFFFFFFFF6D
:10F4B000FFFF00000000FFFAFFFF00000020000037
:10F4C000010000000000000000000000000000003B
:10F4D0000000D8F02000FFFF0000EB00283CFFFFF9
:10F4E000000000000000020040085555FF55CFCF36
:10F4F000C3FFFCFCFFFEE7C3CFC300000000000019
:10F50000A0800020000000000000001000000000AB
:10F51000FFFFFFFF00000000000000000108424064
:10F520000000020AFFFFFF3C7FFFFFFFFFAFFFAAC3
:10F530003F7F3FFF00000000FFFFFFFF0040000093
:10F5400000000200000000000000000000000000B9
:10F5500000000000DF20FF00AAAA55AA000000005A
:10F56000AFFF0FF0000000008F64E6373F3FAF0FA2
:10F57000CFCFD7D70000000000000000000000003F
:10F5800000005500553000000000FFFF000800009B
:10F590000000AFAFAFAF00000000000000000000AF
:10F5A000000000000000FEFEFFFF3FFFFFFF00A580
:10F5B0000000FFFF280000000000AAAAAAAA00007D
:10F5C00000000000000040000000000000020000F9
:10F5D000000000000000FF00FF00555500FF000084
:10F5E0000000FFFF0F0F000000004A05AA603F3F28
:10F5F000AA00CFCFD7D70000000080800000000015
:10F6000000000000550C550000000000FFFE000047
:10F61000000000000505AFAF000000000000000082
:10F620000000000000000000FEFEFFFA3FFF7FFF29
:10F6300000FF00000F3F280000000000AAAAAAAAAD
:10F6400000000000000000000000000000000000BA
:10F6500000000000000000000000000000000000AA
:10F66000000000000000000000000000000000009A
:10F67000000000000000000000000000000000008A
:10F68000000000000000000000000000000000007A
:10F690000000000000000000000100000000000069
:10F6A00000000000000000000000200000000090AA
:10F6B000000000000000000020000000000000002A
:10F6C000000000000000000000000000000000003A
:10F6D000000000000000000000000000000000002A
:10F6E000000000000000000000000000000000001A
:10F6F000000000000000000000000000000000000A
:10F7000000000000000000000000000000000000F9
:10F710000000000000000000001100400000000098
:10F7200000000000080000000000C0000000000011
:10F7300000000000000000000000C0000000000009
:10F7400000000000000000000000000000000000B9
:10F7500000000000000000000000000000000000A9
:10F760000000000000000000000000000000000099
:10F770000000000000000000000000000000000089
:10F780000000000000000000000000000000000079
:10F790000000000000000000000000000001000068
:10F7A0000000000000000000000000000000000059
:10F7B0000000000000000000000000000000000049
:10F7C0000000000000000000000000000000000039
:10F7D0000000000000000000000000000000000029
:10F7E0000000000000000000000000000000000019
:10F7F0000000000000000000000000000000000009
:10F8000000000000001000000000000000110000D7
:10F8100000000000000000000000000000110010C7
:10F8200000000000000000100000000000000000C8
:10F8300000000000000000000000000000000000C8
:10F8400000000000000000080000000000000000B0
:10F8500000000000000000000000000000000000A8
:10F860000000000000000010000000000010000078
:10F870000000000000000000000000C000100000B8
:10F8800000000000000800000000000000000082EE
:10F8900000000000000000000000000000000082E6
:10F8A00008110000000000840500000000000000B6
:10F8B0000000000000004184000000000000008201
:10F8C00000000500000005A000000000000000008E
:10F8D0000000000000000000000000000000000523
:10F8E0000000000000000000000000000000000018
:10F8F00000000003000000210000000000000005DF
:10F9000000100000000300030000000000000000E1
:10F9100000080005000000000000000000000000DA
:10F92000000001900000000000000008000000003E
:10F930000000000000080008C008000800080021BE
:10F940000041000800000000000800000000000066
:10F9500000000000000000000000000000000000A7
:10F960000000000000000000000000000000000097
:10F970000000000000000000000000000000000087
:10F980000000000000000000000000000000000077
:10F990000000000000000000000000000000000067
:10F9A0000000000000000000000020000000000037
:10F9B0000000000000000000002000000000000027
:10F9C0000000000000000000000000000000000037
:10F9D0000000000000000000000000000000000027
:10F9E0000000000000000000000000000000000017
:10F9F0000000000000000000000000000000000007
:10FA000000000000000000000000000000000000F6
:10FA100000000000000000000000000000000000E6
:10FA200000000000000000000000000000000000D6
:10FA300000000000000000000000000000000000C6
:10FA400000000000000000000000000000000000B6
:10FA500000000000000000000000000000000000A6
:10FA60000000000000080000000000A000000000EE
:10FA70000000000000000000000000000000000086
:10FA8000000000000000000000080000000000006E
:10FA9000000000000000000000000000000000C0A6
:10FAA00000000000000800008000000000000000CE
:10FAB0000000000000000000000000000000000046
:10FAC000000000000000000000000000000800002E
:10FAD0000000000000000000000000000000000026
:10FAE0000005000000000000000000000000000011
:10FAF00000000000000000050021000000000005DB
:10FB00000003000888210010001000000000000021
:10FB100000210000000000000005000000000000BF
:10FB200000000008000000000003080800000000BA
:10FB30000000002100080008000500084003000341
:10FB40000000001084000000840384000010000006
:10FB50000010000000000000000000000000000095
:10FB60000000000000000000000000000000000095
:10FB70000000000000000084000000000000000001
:10FB8000000000880000000000200000000000903D
:10FB90000000000000000000000000000040000025
:10FBA0000000000000A0000000000000088200002B
:10FBB0000000000000000000000000000010110024
:10FBC000000041004000110000000900000000009A
:10FBD0000020000000000000000000000000000005
:10FBE0000000000000000000000000000000000015
:10FBF0000000000000000000000000000000000005
:10FC0000000000000000000088000000000000006C
:10FC100000000000000000000000000000000000E4
:10FC200000000000000000000000000000000100D3
:10FC300000000000000000000000000000000000C4
:10FC400000000000000000000000000000000000B4
:10FC500000000000000000000000000000000000A4
:10FC60000000000000000000000000000000000094
:10FC70000000000000000000000000000000000084
:10FC80000000000000000000000000000000000074
:10FC90000000000000000000000000000000000064
:10FCA0000000000000000000000000000000000054
:10FCB0000000000000000000000000000000000044
:10FCC0000000000000000000000000000000000034
:10FCD0000000000000000000000000000000000024
:10FCE0000000000000000000000000000000000014
:10FCF0000000000000000000000000000000000004
:10FD000000000000000000000000000000000000F3
:10FD100000000000000000000000000000000000E3
:10FD200000000000000000000000000000000000D3
:10FD300000000000000000000000000000000000C3
:10FD400000000000000000000000000000000000B3
:10FD500000000000000000000000000000000000A3
:10FD60000000000000000000000000000100000092
:10FD700000000088000000000000000000000000FB
:10FD80000000000000000000000000000000000073
:10FD90000000000000000000000000000000000063
:10FDA0000000000000900100000000000040000082
:10FDB0000000000000000000000000000000000043
:10FDC0000000000000000000000000000000000033
:10FDD0000000000000000000000000000000000023
:10FDE000000000000000000000000000000008000B
:10FDF0000000000000000000000000000000000003
:10FE000000000000000000000000000000000000F2
:10FE100000000000000000000000000000000000E2
:10FE200000000000000000000800000000000000CA
:10FE300000000000000000000000000000000000C2
:10FE400000000000000000000000000000000000B2
:10FE500000000000000000000000000000000000A2
:10FE60000000000000000000000000000000000092
:10FE70000000000000000000000000000000000082
:10FE80000000000000000000000000000000000072
:10FE90000000000000000000000000000000000062
:10FEA0000000000000000000000000000000000052
:10FEB0000000000000000000000000000000000042
:10FEC0000000000000000000000000000000000032
:10FED0000000000000000000000000000000000022
:10FEE0000000000000000000000000000000000012
:10FEF0000000000000000000000000000000000002
:10FF000000000000000000000000000000000000F1
:10FF100000000000000000000000000000000000E1
:10FF200000000000000000000000000000000000D1
:10FF300000000000000000000000000000000000C1
:10FF400000000000000000000000000000000000B1
:10FF500000000000000000000000000000000000A1
:10FF60000000000000000000000000000000000091
:10FF70000000000000000000000000000000000081
:10FF80000000000000000000000000000000000071
:10FF90000000000000000000000000000000000061
:10FFA0000000000000000000000000000000000051
:10FFB0000000000000000000000000000000000041
:10FFC0000000000000000000000000000000000031
:10FFD0000000000000000000000000000000000021
:10FFE0000000000000000000000000000000000011
:10FFF0000000000000000000000000000000000001
:020000040004F6
:1000000000000000000000000000000000000000F0
:1000100000000000000000000000000000000000E0
:1000200000000000000000000000000000000000D0
:1000300000000000000000000000000000000000C0
:1000400000000000000000000000000000000000B0
:1000500000000000000000000000000000000000A0
:100060000000000000000000000000000000000090
:100070000000000000000000000000000000000080
:100080000000000000000000000000000000000070
:100090000000000000000000000000000000000060
:1000A0000000000000000000000000000000000050
:1000B0000000000000000000000000000000000040
:1000C0000000000000000000000000000000000030
:1000D0000000000000000000000000000000000020
:1000E0000000000000000000000000000000000010
:1000F0000000000000000000000000000000000000
:1001000000000000000000000000000000000000EF
:1001100000000000000000000000000000000000DF
:1001200000000000000000000000000000000000CF
:1001300000000000000000000000000000000000BF
:1001400000000000000000000000000000000000AF
:10015000000000000000000000000000000000009F
:10016000000000000000000000000000000000008F
:10017000000000000000000000000000000000007F
:10018000000000000000000000000000000000006F
:10019000000000000000000000000000000000005F
:1001A000000000000000000000000000000000004F
:1001B000000000000000000000000000000000003F
:1001C000000000000000000000000000000000002F
:1001D000000000000000000000000000000000001F
:1001E000000000000000000000000000000000000F
:1001F00000000000000000000000000000000000FF
:1002000000000000000000000000000000000000EE
:1002100000000000000000000000000000000000DE
:1002200000000000000000000000000000000000CE
:1002300000000000000000000000000000000000BE
:10024000400000000000000200000000000000006C
:10025000000000000000000000000000000000009E
:10026000000000000000000000000000000000008E
:10027000000000000000000000000000000000007E
:10028000000000000000000000000000000000006E
:10029000000000000000000000000000000000005E
:1002A000000000000000000000000000000000004E
:1002B000000000000000000000000000000000003E
:1002C00000000000300000000000000000000000FE
:1002D000000000000000000000000000000000001E
:1002E000000000000000000000000000000000000E
:1002F00000000000000000000000000000000000FE
:1003000000000000000000000000000000000000ED
:1003100000000000000000000000000000000000DD
:1003200000000000000000000000000000000000CD
:1003300000000000000000000000000000000000BD
:1003400000000000000000000000000000000000AD
:10035000000000000000000000000000000000009D
:10036000000000000000000000000000000000008D
:10037000000000000000000000000000000000007D
:10038000000000000000000000000000000000006D
:10039000000000000000000000000000000000005D
:1003A000000000000000000000000000000000004D
:1003B000000000000000000000000000000000003D
:1003C000000000000000000000000000000000002D
:1003D000000000000000000000000000000000001D
:1003E000000000000000000000000000000000000D
:1003F00000000000000000000000000000000000FD
:1004000000000000000000000020000001000000CB
:1004100000000000000000000000000000000000DC
:1004200000000000000000000000000000000000CC
:1004300000000000000000000000000000000100BB
:10044000000000200000010000000000000000008B
:10045000000000000000000000000000000000009C
:10046000000000000000000000000000000000008C
:10047000000000000000000000000000000000007C
:10048000000000000000000000400000000002002A
:10049000000000000000000000000000000000005C
:1004A000000000000000000000000000000000004C
:1004B00000000000000000000000004000000000FC
:1004C00000000040000000000200000000000000EA
:1004D000000000000000000000000000000000001C
:1004E000000000000000000000000000000000000C
:1004F00000000000000000000000000000000000FC
:1005000000000000000000000000000000000900E2
:1005100000000000000000000000000000000000DB
:1005200000000000000000000000000000000000CB
:1005300000000000000000000000000000000000BB
:10054000080000000000000009000000000000900A
:10055000000000000000000000000000000000009B
:10056000000000000000000000000000000000008B
:10057000000000000000000000000000FFFFFFFF7F
:10058000FFFFFFFFFFFFFFFFFFFFFFFFFFFFFFFF7B
:10059000FFFFFFFFFFFFFFFFFFFFFFFFFFFFFFFF6B
:1005A000FFFFFFFFFFFFFFFFFFFFFFFFFFFFFFFF5B
:1005B000FFFFFFFFFFFFFFFFFFFFFFFFFFFFFFFF4B
:1005C000FFFFFFFFFFFFFFFFFFFFFFFFFFFFFFFF3B
:1005D000FFFFFFFFFFFFFFFFFFFFFFFFFFFFFFFF2B
:1005E000FFFFFFFFFFFFFFFFFFFFFFFFFFFFFFFF1B
:1005F000FFFFFFFFFFFFFFFFFFFFFFFFFFFFFFFF0B
:10060000FFFFFFFFFFFFFFFFFFFFFFFFFFFFFFFFFA
:10061000FFFFFFFFFFFFFFFFFFFFFFFFFFFFFFFFEA
:10062000FFFFFFFFFFFFFFFFFFFFFFFFFFFFFFFFDA
:10063000FFFFFFFFFFFFFFFFFFFFFFFFFFFFFFFFCA
:10064000FFFFFFFFFFFFFFFFFFFFFFFFFFFFFFFFBA
:10065000FFFFFFFFFFFFFFFFFFFFFFFFFFFFFFFFAA
:10066000FFFFFFFFFFFFFFFFFFFFFFFFFFFFFFFF9A
:10067000FFFFFFFFFFFFFFFFFFFFFFFFFFFFFFFF8A
:10068000000000000000000000000000000000006A
:10069000000000000000000000000000000000005A
:1006A000000000000000000000000000000000004A
:1006B000000000000000000000000000000000003A
:1006C000000000000000000000000000000000002A
:1006D000000000000000000000000000000000001A
:1006E000000000000000000000000000000000000A
:1006F00000000000000000000000000000000000FA
:1007000000000000000000000000000000000000E9
:1007100000000000000000000000000000000000D9
:1007200000000000000000000000000000000000C9
:1007300000000000000000000000000000000000B9
:1007400000000000000000000000000000000000A9
:100750000000000000000000000000000000000099
:100760000000000000000000000000000000000089
:100770000000000000000000000000000000000079
:100780000000000000000000000000000000000069
:100790000000000000000000000000000000000059
:1007A0000000000000000000000000000000000049
:1007B0000000000000000000000000000000000039
:1007C0000000000000000000000000000000000029
:1007D0000000000000000000000000000000000019
:1007E0000000000000000000000000000000000009
:1007F00000000000000000000000000000000000F9
:1008000000000000000000000000000000000000E8
:1008100000000000000000000000000000000000D8
:1008200000000000000000000000000000000000C8
:1008300000000000000000000000000000000000B8
:1008400000000000000000000000000000000000A8
:100850000000000000000000000000000000000098
:100860000000000000000000000000000000000088
:100870000000000000000000000000000000000078
:100880000000000000000000000000000000000068
:100890000000000000000000000000000000000058
:1008A0000000000000000000000000000000000048
:1008B0000000000000000000000000000000000038
:1008C0000000000000000000000000000000000028
:1008D0000000000000000000000000000000000018
:1008E0000000000000000000000000000000000008
:1008F00000000000000000000000000000000000F8
:1009000000000000000000000000000000000000E7
:1009100000000000000000000000000000000000D7
:1009200000000000000000000000000000000000C7
:1009300000000000000000000000000000000000B7
:1009400000000000000000000000000000000000A7
:100950000000000000000000000000000000000097
:100960000000000000000000000000000000000087
:100970000000000000000000000000000000000077
:100980000000000000000000000000000000000067
:100990000000000000000000000000000000000057
:1009A0000000000000000000000000000000000047
:1009B0000000000000000000000000000000000037
:1009C0000000000000000000000000000000000027
:1009D0000000000000000000000000000000000017
:1009E0000000000000000000000000000000000007
:1009F00000000000000000000000000000000000F7
:100A000000000000000000000000000000000000E6
:100A100000000000000000000000000000000000D6
:100A200000000000000000000000000000000000C6
:100A300000000000000000000000000000000000B6
:100A400000000000000000000000000000000000A6
:100A50000000000000000000000000000000000096
:100A60000000000000000000000000000000000086
:100A70000000000000000000000000000000000076
:100A80000000000000000000000000000000000066
:100A90000000000000000000000000000000000056
:100AA0000000000000000000000000000000000046
:100AB0000000000000000000000000000000000036
:100AC0000000000000000000000000000000000026
:100AD0000000000000000000000000000000000016
:100AE0000000000000000000000000000000000006
:100AF00000000000000000000000000000000000F6
:100B000000000000000000000000000000000000E5
:100B100000000000000000000000000000000000D5
:100B200000000000000000000000000000000000C5
:100B300000000000000000000000000000000000B5
:100B400000000000000000000000000000000000A5
:100B50000000000000000000000000000000000095
:100B60000000000000000000000000000000000085
:100B70000000000000000000000000000000000075
:100B80000000000000000000000000000000000065
:100B90000000000000000000000000000000000055
:100BA0000000000000000000000000000000000045
:100BB0000000000000000000000000000000000035
:100BC0000000000000000000000000000000000025
:100BD0000000000000000000000000000000000015
:100BE0000000000000000000000000000000000005
:100BF00000000000000000000000000000000000F5
:100C000000000000000000000000000000000000E4
:100C100000000000000000000000000000000000D4
:100C200000000000000000000000000000000000C4
:100C300000000000000000000000000000000000B4
:100C400000000000000000000000000000000000A4
:100C50000000000000000000000000000000000094
:100C60000000000000000000000000000000000084
:100C70000000000000000000000000000000000074
:100C80000000000000000000000000000000000064
:100C90000000000000000000000000000000000054
:100CA0000000000000000000000000000000000044
:100CB0000000000000000000000000000000000034
:100CC0000000000000000000000000000000000024
:100CD0000000000000000000000000000000000014
:100CE0000000000000000000000000000000000004
:100CF00000000000000000000000000000000000F4
:100D000000000000000000000000000000000000E3
:100D100000000000000000000000000000000000D3
:100D200000000000000000000000000000000000C3
:100D300000000000000000000000000000000000B3
:100D400000000000000000000000000000000000A3
:100D50000000000000000000000000000000000093
:100D60000000000000000000000000000000000083
:100D70000000000000000000000000000000000073
:100D80000000000000000000000000000000000063
:100D90000000000000000000000000000000000053
:100DA0000000000000000000000000000000000043
:100DB0000000000000000000000000000000000033
:100DC0000000000000000000000000000000000023
:100DD0000000000000000000000000000000000013
:100DE0000000000000000000000000000000000003
:100DF00000000000000000000000000000000000F3
:100E000000000000000000000000000000000000E2
:100E100000000000000000000000000000000000D2
:100E200000000000000000000000000000000000C2
:100E300000000000000000000000000000000000B2
:100E400000000000000000000000000000000000A2
:100E50000000000000000000000000000000000092
:100E60000000000000000000000000000000000082
:100E70000000000000000000000000000000000072
:100E80000000000000000000000000000000000062
:100E90000000000000000000000000000000000052
:100EA0000000000000000000000000000000000042
:100EB0000000000000000000000000000000000032
:100EC0000000000000000000000000000000000022
:100ED0000000000000000000000000000000000012
:100EE0000000000000000000000000000000000002
:100EF00000000000000000000000000000000000F2
:100F000000000000000000000000000000000000E1
:100F100000000000000000000000000000000000D1
:100F200000000000000000000000000000000000C1
:100F300000000000000000000000000000000000B1
:100F400000000000000000000000000000000000A1
:100F50000000000000000000000000000000000091
:100F60000000000000000000000000000000000081
:100F70000000000000000000000000000000000071
:100F80000000000000000000000000000000000061
:100F90000000000000000000000000000000000051
:100FA0000000000000000000000000000000000041
:100FB0000000000000000000000000000000000031
:100FC0000000000000000000000000000000000021
:100FD0000000000000000000000000000000000011
:100FE0000000000000000000000000000000000001
:100FF00000000000000000000000000000000000F1
:1010000000000000000000000000000000000000E0
:1010100000000000000000000000000000000000D0
:1010200000000000000000000000000000000000C0
:1010300000000000000000000000000000000000B0
:1010400000000000000000000000000000000000A0
:101050000000000000000000000000000000000090
:101060000000000000000000000000000000000080
:101070000000000000000000000000000000000070
:101080000000000000000000000000000000000060
:101090000000000000000000000000000000000050
:1010A0000000000000000000000000000000000040
:1010B0000000000000000000000000000000000030
:1010C0000000000000000000000000000000000020
:1010D0000000000000000000000000000000000010
:1010E0000000000000000000000000000000000000
:1010F00000000000000000000000000000000000F0
:1011000000000000000000000000000000000000DF
:1011100000000000000000000000000000000000CF
:1011200000000000000000000000000000000000BF
:1011300000000000000000000000000000000000AF
:10114000000000000000000000000000000000009F
:10115000000000000000000000000000000000008F
:10116000000000000000000000000000000000007F
:10117000000000000000000000000000000000006F
:10118000000000000000000000000000000000005F
:10119000000000000000000000000000000000004F
:1011A000000000000000000000000000000000003F
:1011B000000000000000000000000000000000002F
:1011C000000000000000000000000000000000001F
:1011D000000000000000000000000000000000000F
:1011E00000000000000000000000000000000000FF
:1011F00000000000000000000000000000000000EF
:1012000000000000000000000000000000000000DE
:1012100000000000000000000000000000000000CE
:1012200000000000000000000000000000000000BE
:1012300000000000000000000000000000000000AE
:10124000000000000000000000000000000000009E
:10125000000000000000000000000000000000008E
:10126000000000000000000000000000000000007E
:10127000000000000000000000000000000000006E
:10128000000000000000000000000000000000005E
:10129000000000000000000000000000000000004E
:1012A000000000000000000000000000000000003E
:1012B000000000000000000000000000000000002E
:1012C000000000000000000000000000000000001E
:1012D000000000000000000000000000000000000E
:1012E00000000000000000000000000000000000FE
:1012F00000000000000000000000000000000000EE
:1013000000000000000000000000000000000000DD
:1013100000000000000000000000000000000000CD
:1013200000000000000000000000000000000000BD
:1013300000000000000000000000000000000000AD
:10134000000000000000000000000000000000009D
:10135000000000000000000000000000000000008D
:10136000000000000000000000000000000000007D
:10137000000000000000000000000000000000006D
:10138000000000000000000000000000000000005D
:10139000000000000000000000000000000000004D
:1013A000000000000000000000000000000000003D
:1013B000000000000000000000000000000000002D
:1013C000000000000000000000000000000000001D
:1013D000000000000000000000000000000000000D
:1013E00000000000000000000000000000000000FD
:1013F00000000000000000000000000000000000ED
:1014000000000000000000000000000000000000DC
:1014100000000000000000000000000000000000CC
:1014200000000000000000000000000000000000BC
:1014300000000000000000000000000000000000AC
:10144000000000000000000000000000000000009C
:10145000000000000000000000000000000000008C
:10146000000000000000000000000000000000007C
:10147000000000000000000000000000000000006C
:10148000000000000000000000000000000000005C
:10149000000000000000000000000000000000004C
:1014A000000000000000000000000000000000003C
:1014B000000000000000000000000000000000002C
:1014C000000000000000000000000000000000001C
:1014D000000000000000000000000000000000000C
:1014E00000000000000000000000000000000000FC
:1014F00000000000000000000000000000000000EC
:1015000000000000000000000000000000000000DB
:1015100000000000000000000000000000000000CB
:1015200000000000000000000000000000000000BB
:1015300000000000000000000000000000000000AB
:10154000000000000000000000000000000000009B
:10155000000000000000000000000000000000008B
:10156000000000000000000000000000000000007B
:10157000000000000000000000000000000000006B
:10158000000000000000000000000000000000005B
:10159000000000000000000000000000000000004B
:1015A000000000000000000000000000000000003B
:1015B000000000000000000000000000000000002B
:1015C000000000000000000000000000000000001B
:1015D000000000000000000000000000000000000B
:1015E00000000000000000000000000000000000FB
:1015F00000000000000000000000000000000000EB
:1016000000000000000000000000000000000000DA
:1016100000000000000000000000000000000000CA
:1016200000000000000000000000000000000000BA
:1016300000000000000000000000000000000000AA
:10164000000000000000000000000000000000009A
:10165000000000000000000000000000000000008A
:10166000000000000000000000000000000000007A
:10167000000000000000000000000000000000006A
:10168000000000000000000000000000000000005A
:10169000000000000000000000000000000000004A
:1016A000000000000000000000000000000000003A
:1016B000000000000000000000000000000000002A
:1016C000000000000000000000000000000000001A
:1016D000000000000000000000000000000000000A
:1016E00000000000000000000000000000000000FA
:1016F00000000000000000000000000000000000EA
:1017000000000000000000000000000000000000D9
:1017100000000000000000000000000000000000C9
:1017200000000000000000000000000000000000B9
:1017300000000000000000000000000000000000A9
:101740000000000000000000000000000000000099
:101750000000000000000000000000000000000089
:101760000000000000000000000000000000000079
:101770000000000000000000000000000000000069
:101780000000000000000000000000000000000059
:101790000000000000000000000000000000000049
:1017A0000000000000000000000000000000000039
:1017B0000000000000000000000000000000000029
:1017C0000000000000000000000000000000000019
:1017D0000000000000000000000000000000000009
:1017E00000000000000000000000000000000000F9
:1017F00000000000000000000000000000000000E9
:1018000000000000000000000000000000000000D8
:1018100000000000000000000000000000000000C8
:1018200000000000000000000000000000000000B8
:1018300000000000000000000000000000000000A8
:101840000000000000000000000000000000000098
:101850000000000000000000000000000000000088
:101860000000000000000000000000000000000078
:101870000000000000000000000000000000000068
:101880000000000000000000000000000000000058
:101890000000000000000000000000000000000048
:1018A0000000000000000000000000000000000038
:1018B0000000000000000000000000000000000028
:1018C0000000000000000000000000000000000018
:1018D0000000000000000000000000000000000008
:1018E00000000000000000000000000000000000F8
:1018F00000000000000000000000000000000000E8
:1019000000000000000000000000000000000000D7
:1019100000000000000000000000000000000000C7
:1019200000000000000000000000000000000000B7
:1019300000000000000000000000000000000000A7
:101940000000000000000000000000000000000097
:101950000000000000000000000000000000000087
:101960000000000000000000000000000000000077
:101970000000000000000000000000000000000067
:101980000000000000000000000000000000000057
:101990000000000000000000000000000000000047
:1019A0000000000000000000000000000000000037
:1019B0000000000000000000000000000000000027
:1019C0000000000000000000000000000000000017
:1019D0000000000000000000000000000000000007
:1019E00000000000000000000000000000000000F7
:1019F00000000000000000000000000000000000E7
:101A000000000000000000000000000000000000D6
:101A100000000000000000000000000000000000C6
:101A200000000000000000000000000000000000B6
:101A300000000000000000000000000000000000A6
:101A40000000000000000000000000000000000096
:101A50000000000000000000000000000000000086
:101A60000000000000000000000000000000000076
:101A70000000000000000000000000000000000066
:101A80000000000000000000000000000000000056
:101A90000000000000000000000000000000000046
:101AA0000000000000000000000000000000000036
:101AB0000000000000000000000000000000000026
:101AC0000000000000000000000000000000000016
:101AD0000000000000000000000000000000000006
:101AE00000000000000000000000000000000000F6
:101AF00000000000000000000000000000000000E6
:101B000000000000000000000000000000000000D5
:101B100000000000000000000000000000000000C5
:101B200000000000000000000000000000000000B5
:101B300000000000000000000000000000000000A5
:101B40000000000000000000000000000000000095
:101B50000000000000000000000000000000000085
:101B60000000000000000000000000000000000075
:101B70000000000000000000000000000000000065
:101B80000000000000000000000000000000000055
:101B90000000000000000000000000000000000045
:101BA0000000000000000000000000000000000035
:101BB0000000000000000000000000000000000025
:101BC0000000000000000000000000000000000015
:101BD0000000000000000000000000000000000005
:101BE00000000000000000000000000000000000F5
:101BF00000000000000000000000000000000000E5
:101C000000000000000000000000000000000000D4
:101C100000000000000000000000000000000000C4
:101C200000000000000000000000000000000000B4
:101C300000000000000000000000000000000000A4
:101C40000000000000000000000000000000000094
:101C50000000000000000000000000000000000084
:101C60000000000000000000000000000000000074
:101C70000000000000000000000000000000000064
:101C80000000000000000000000000000000000054
:101C90000000000000000000000000000000000044
:101CA0000000000000000000000000000000000034
:101CB0000000000000000000000000000000000024
:101CC0000000000000000000000000000000000014
:101CD0000000000000000000000000000000000004
:101CE00000000000000000000000000000000000F4
:101CF00000000000000000000000000000000000E4
:101D000000000000000000000000000000000000D3
:101D100000000000000000000000000000000000C3
:101D200000000000000000000000000000000000B3
:101D300000000000000000000000000000000000A3
:101D40000000000000000000000000000000000093
:101D50000000000000000000000000000000000083
:101D60000000000000000000000000000000000073
:101D70000000000000000000000000000000000063
:101D80000000000000000000000000000000000053
:101D90000000000000000000000000000000000043
:101DA0000000000000000000000000000000000033
:101DB0000000000000000000000000000000000023
:101DC0000000000000000000000000000000000013
:101DD0000000000000000000000000000000000003
:101DE00000000000000000000000000000000000F3
:101DF00000000000000000000000000000000000E3
:101E000000000000000000000000000000000000D2
:101E100000000000000000000000000000000000C2
:101E200000000000000000000000000000000000B2
:101E300000000000000000000000000000000000A2
:101E40000000000000000000000000000000000092
:101E50000000000000000000000000000000000082
:101E60000000000000000000000000000000000072
:101E70000000000000000000000000000000000062
:101E80000000000000000000000000000000000052
:101E90000000000000000000000000000000000042
:101EA0000000000000000000000000000000000032
:101EB0000000000000000000000000000000000022
:101EC0000000000000000000000000000000000012
:101ED0000000000000000000000000000000000002
:101EE00000000000000000000000000000000000F2
:101EF00000000000000000000000000000000000E2
:101F000000000000000000000000000000000000D1
:101F100000000000000000000000000000000000C1
:101F200000000000000000000000000000000000B1
:101F300000000000000000000000000000000000A1
:101F40000000000000000000000000000000000091
:101F50000000000000000000000000000000000081
:101F60000000000000000000000000000000000071
:101F70000000000000000000000000000000000061
:101F80000000000000000000000000000000000051
:101F90000000000000000000000000000000000041
:101FA0000000000000000000000000000000000031
:101FB0000000000000000000000000000000000021
:101FC0000000000000000000000000000000000011
:101FD0000000000000000000000000000000000001
:101FE00000000000000000000000000000000000F1
:101FF00000000000000000000000000000000000E1
:1020000000000000000000000000000000000000D0
:1020100000000000000000000000000000000000C0
:1020200000000000000000000000000000000000B0
:1020300000000000000000000000000000000000A0
:102040000000000000000000000000000000000090
:102050000000000000000000000000000000000080
:102060000000000000000000000000000000000070
:102070000000000000000000000000000000000060
:102080000000000000000000000000000000000050
:102090000000000000000000000000000000000040
:1020A0000000000000000000000000000000000030
:1020B0000000000000000000000000000000000020
:1020C0000000000000000000000000000000000010
:1020D0000000000000000000000000000000000000
:1020E00000000000000000000000000000000000F0
:1020F00000000000000000000000000000000000E0
:1021000000000000000000000000000000000000CF
:1021100000000000000000000000000000000000BF
:1021200000000000000000000000000000000000AF
:10213000000000000000000000000000000000009F
:10214000000000000000000000000000000000008F
:10215000000000000000000000000000000000007F
:10216000000000000000000000000000000000006F
:10217000000000000000000000000000000000005F
:10218000000000000000000000000000000000004F
:10219000000000000000000000000000000000003F
:1021A000000000000000000000000000000000002F
:1021B000000000000000000000000000000000001F
:1021C000000000000000000000000000000000000F
:1021D00000000000000000000000000000000000FF
:1021E00000000000000000000000000000000000EF
:1021F00000000000000000000000000000000000DF
:1022000000000000000000000000000000000000CE
:1022100000000000000000000000000000000000BE
:1022200000000000000000000000000000000000AE
:10223000000000000000000000000000000000009E
:10224000000000000000000000000000000000008E
:10225000000000000000000000000000000000007E
:10226000000000000000000000000000000000006E
:10227000000000000000000000000000000000005E
:10228000000000000000000000000000000000004E
:10229000000000000000000000000000000000003E
:1022A000000000000000000000000000000000002E
:1022B000000000000000000000000000000000001E
:1022C000000000000000000000000000000000000E
:1022D00000000000000000000000000000000000FE
:1022E00000000000000000000000000000000000EE
:1022F00000000000000000000000000000000000DE
:1023000000000000000000000000000000000000CD
:1023100000000000000000000000000000000000BD
:1023200000000000000000000000000000000000AD
:10233000000000000000000000000000000000009D
:10234000000000000000000000000000000000008D
:10235000000000000000000000000000000000007D
:10236000000000000000000000000000000000006D
:10237000000000000000000000000000000000005D
:10238000000000000000000000000000000000004D
:10239000000000000000000000000000000000003D
:1023A000000000000000000000000000000000002D
:1023B000000000000000000000000000000000001D
:1023C000000000000000000000000000000000000D
:1023D00000000000000000000000000000000000FD
:1023E00000000000000000000000000000000000ED
:1023F00000000000000000000000000000000000DD
:1024000000000000000000000000000000000000CC
:1024100000000000000000000000000000000000BC
:1024200000000000000000000000000000000000AC
:10243000000000000000000000000000000000009C
:10244000000000000000000000000000000000008C
:10245000000000000000000000000000000000007C
:10246000000000000000000000000000000000006C
:10247000000000000000000000000000000000005C
:10248000000000000000000000000000000000004C
:10249000000000000000000000000000000000003C
:1024A000000000000000000000000000000000002C
:1024B000000000000000000000000000000000001C
:1024C000000000000000000000000000000000000C
:1024D00000000000000000000000000000000000FC
:1024E00000000000000000000000000000000000EC
:1024F00000000000000000000000000000000000DC
:1025000000000000000000000000000000000000CB
:1025100000000000000000000000000000000000BB
:1025200000000000000000000000000000000000AB
:10253000000000000000000000000000000000009B
:10254000000000000000000000000000000000008B
:10255000000000000000000000000000000000007B
:10256000000000000000000000000000000000006B
:10257000000000000000000000000000000000005B
:10258000000000000000000000000000000000004B
:10259000000000000000000000000000000000003B
:1025A000000000000000000000000000000000002B
:1025B000000000000000000000000000000000001B
:1025C000000000000000000000000000000000000B
:1025D00000000000000000000000000000000000FB
:1025E00000000000000000000000000000000000EB
:1025F00000000000000000000000000000000000DB
:1026000000000000000000000000000000000000CA
:1026100000000000000000000000000000000000BA
:1026200000000000000000000000000000000000AA
:10263000000000000000000000000000000000009A
:10264000000000000000000000000000000000008A
:10265000000000000000000000000000000000007A
:10266000000000000000000000000000000000006A
:10267000000000000000000000000000000000005A
:10268000000000000000000000000000000000004A
:10269000000000000000000000000000000000003A
:1026A000000000000000000000000000000000002A
:1026B000000000000000000000000000000000001A
:1026C000000000000000000000000000000000000A
:1026D00000000000000000000000000000000000FA
:1026E00000000000000000000000000000000000EA
:1026F00000000000000000000000000000000000DA
:1027000000000000000000000000000000000000C9
:1027100000000000000000000000000000000000B9
:1027200000000000000000000000000000000000A9
:102730000000000000000000000000000000000099
:102740000000000000000000000000000000000089
:102750000000000000000000000000000000000079
:102760000000000000000000000000000000000069
:102770000000000000000000000000000000000059
:102780000000000000000000000000000000000049
:102790000000000000000000000000000000000039
:1027A0000000000000000000000000000000000029
:1027B0000000000000000000000000000000000019
:1027C0000000000000000000000000000000000009
:1027D00000000000000000000000000000000000F9
:1027E00000000000000000000000000000000000E9
:1027F00000000000000000000000000000000000D9
:1028000000000000000000000000000000000000C8
:1028100000000000000000000000000000000000B8
:1028200000000000000000000000000000000000A8
:102830000000000000000000000000000000000098
:102840000000000000000000000000000000000088
:102850000000000000000000000000000000000078
:102860000000000000000000000000000000000068
:102870000000000000000000000000000000000058
:102880000000000000000000000000000000000048
:102890000000000000000000000000000000000038
:1028A0000000000000000000000000000000000028
:1028B0000000000000000000000000000000000018
:1028C0000000000000000000000000000000000008
:1028D00000000000000000000000000000000000F8
:1028E00000000000000000000000000000000000E8
:1028F00000000000000000000000000000000000D8
:1029000000000000000000000000000000000000C7
:1029100000000000000000000000000000000000B7
:1029200000000000000000000000000000000000A7
:102930000000000000000000000000000000000097
:102940000000000000000000000000000000000087
:102950000000000000000000000000000000000077
:102960000000000000000000000000000000000067
:102970000000000000000000000000000000000057
:102980000000000000000000000000000000000047
:102990000000000000000000000000000000000037
:1029A0000000000000000000000000000000000027
:1029B0000000000000000000000000000000000017
:1029C0000000000000000000000000000000000007
:1029D00000000000000000000000000000000000F7
:1029E00000000000000000000000000000000000E7
:1029F00000000000000000000000000000000000D7
:102A000000000000000000000000000000000000C6
:102A100000000000000000000000000000000000B6
:102A200000000000000000000000000000000000A6
:102A30000000000000000000000000000000000096
:102A40000000000000000000000000000000000086
:102A50000000000000000000000000000000000076
:102A60000000000000000000000000000000000066
:102A70000000000000000000000000000000000056
:102A80000000000000000000000000000000000046
:102A90000000000000000000000000000000000036
:102AA0000000000000000000000000000000000026
:102AB0000000000000000000000000000000000016
:102AC0000000000000000000000000000000000006
:102AD00000000000000000000000000000000000F6
:102AE00000000000000000000000000000000000E6
:102AF00000000000000000000000000000000000D6
:102B000000000000000000000000000000000000C5
:102B100000000000000000000000000000000000B5
:102B200000000000000000000000000000000000A5
:102B30000000000000000000000000000000000095
:102B40000000000000000000000000000000000085
:102B50000000000000000000000000000000000075
:102B60000000000000000000000000000000000065
:102B70000000000000000000000000000000000055
:102B80000000000000000000000000000000000045
:102B90000000000000000000000000000000000035
:102BA0000000000000000000000000000000000025
:102BB0000000000000000000000000000000000015
:102BC0000000000000000000000000000000000005
:102BD00000000000000000000000000000000000F5
:102BE00000000000000000000000000000000000E5
:102BF00000000000000000000000000000000000D5
:102C000000000000000000000000000000000000C4
:102C100000000000000000000000000000000000B4
:102C200000000000000000000000000000000000A4
:102C30000000000000000000000000000000000094
:102C40000000000000000000000000000000000084
:102C50000000000000000000000000000000000074
:102C60000000000000000000000000000000000064
:102C70000000000000000000000000000000000054
:102C80000000000000000000000000000000000044
:102C90000000000000000000000000000000000034
:102CA0000000000000000000000000000000000024
:102CB0000000000000000000000000000000000014
:102CC0000000000000000000000000000000000004
:102CD00000000000000000000000000000000000F4
:102CE00000000000000000000000000000000000E4
:102CF00000000000000000000000000000000000D4
:102D000000000000000000000000000000000000C3
:102D100000000000000000000000000000000000B3
:102D200000000000000000000000000000000000A3
:102D30000000000000000000000000000000000093
:102D40000000000000000000000000000000000083
:102D50000000000000000000000000000000000073
:102D60000000000000000000000000000000000063
:102D70000000000000000000000000000000000053
:102D80000000000000000000000000000000000043
:102D90000000000000000000000000000000000033
:102DA0000000000000000000000000000000000023
:102DB0000000000000000000000000000000000013
:102DC0000000000000000000000000000000000003
:102DD00000000000000000000000000000000000F3
:102DE00000000000000000000000000000000000E3
:102DF00000000000000000000000000000000000D3
:102E000000000000000000000000000000000000C2
:102E100000000000000000000000000000000000B2
:102E200000000000000000000000000000000000A2
:102E30000000000000000000000000000000000092
:102E40000000000000000000000000000000000082
:102E50000000000000000000000000000000000072
:102E60000000000000000000000000000000000062
:102E70000000000000000000000000000000000052
:102E80000000000000000000000000000000000042
:102E90000000000000000000000000000000000032
:102EA0000000000000000000000000000000000022
:102EB0000000000000000000000000000000000012
:102EC0000000000000000000000000000000000002
:102ED00000000000000000000000000000000000F2
:102EE00000000000000000000000000000000000E2
:102EF00000000000000000000000000000000000D2
:102F000000000000000000000000000000000000C1
:102F100000000000000000000000000000000000B1
:102F200000000000000000000000000000000000A1
:102F30000000000000000000000000000000000091
:102F40000000000000000000000000000000000081
:102F50000000000000000000000000000000000071
:102F60000000000000000000000000000000000061
:102F70000000000000000000000000000000000051
:102F80000000000000000000000000000000000041
:102F90000000000000000000000000000000000031
:102FA0000000000000000000000000000000000021
:102FB0000000000000000000000000000000000011
:102FC0000000000000000000000000000000000001
:102FD00000000000000000000000000000000000F1
:102FE00000000000000000000000000000000000E1
:102FF00000000000000000000000000000000000D1
:1030000000000000000000000000000000000000C0
:1030100000000000000000000000000000000000B0
:1030200000000000000000000000000000000000A0
:103030000000000000000000000000000000000090
:103040000000000000000000000000000000000080
:103050000000000000000000000000000000000070
:103060000000000000000000000000000000000060
:103070000000000000000000000000000000000050
:103080000000000000000000000000000000000040
:103090000000000000000000000000000000000030
:1030A0000000000000000000000000000000000020
:1030B0000000000000000000000000000000000010
:1030C0000000000000000000000000000000000000
:1030D00000000000000000000000000000000000F0
:1030E00000000000000000000000000000000000E0
:1030F00000000000000000000000000000000000D0
:1031000000000000000000000000000000000000BF
:1031100000000000000000000000000000000000AF
:10312000000000000000000000000000000000009F
:10313000000000000000000000000000000000008F
:10314000000000000000000000000000000000007F
:10315000000000000000000000000000000000006F
:10316000000000000000000000000000000000005F
:10317000000000000000000000000000000000004F
:10318000000000000000000000000000000000003F
:10319000000000000000000000000000000000002F
:1031A000000000000000000000000000000000001F
:1031B000000000000000000000000000000000000F
:1031C00000000000000000000000000000000000FF
:1031D00000000000000000000000000000000000EF
:1031E00000000000000000000000000000000000DF
:1031F00000000000000000000000000000000000CF
:1032000000000000000000000000000000000000BE
:1032100000000000000000000000000000000000AE
:10322000000000000000000000000000000000009E
:10323000000000000000000000000000000000008E
:10324000000000000000000000000000000000007E
:10325000000000000000000000000000000000006E
:10326000000000000000000000000000000000005E
:10327000000000000000000000000000000000004E
:10328000000000000000000000000000000000003E
:10329000000000000000000000000000000000002E
:1032A000000000000000000000000000000000001E
:1032B000000000000000000000000000000000000E
:1032C00000000000000000000000000000000000FE
:1032D00000000000000000000000000000000000EE
:1032E00000000000000000000000000000000000DE
:1032F00000000000000000000000000000000000CE
:1033000000000000000000000000000000000000BD
:1033100000000000000000000000000000000000AD
:10332000000000000000000000000000000000009D
:10333000000000000000000000000000000000008D
:10334000000000000000000000000000000000007D
:10335000000000000000000000000000000000006D
:10336000000000000000000000000000000000005D
:10337000000000000000000000000000000000004D
:10338000000000000000000000000000000000003D
:10339000000000000000000000000000000000002D
:1033A000000000000000000000000000000000001D
:1033B000000000000000000000000000000000000D
:1033C00000000000000000000000000000000000FD
:1033D00000000000000000000000000000000000ED
:1033E00000000000000000000000000000000000DD
:1033F00000000000000000000000000000000000CD
:1034000000000000000000000000000000000000BC
:1034100000000000000000000000000000000000AC
:10342000000000000000000000000000000000009C
:10343000000000000000000000000000000000008C
:10344000000000000000000000000000000000007C
:10345000000000000000000000000000000000006C
:10346000000000000000000000000000000000005C
:10347000000000000000000000000000000000004C
:10348000000000000000000000000000000000003C
:10349000000000000000000000000000000000002C
:1034A000000000000000000000000000000000001C
:1034B000000000000000000000000000000000000C
:1034C00000000000000000000000000000000000FC
:1034D00000000000000000000000000000000000EC
:1034E00000000000000000000000000000000000DC
:1034F00000000000000000000000000000000000CC
:1035000000000000000000000000000000000000BB
:1035100000000000000000000000000000000000AB
:10352000000000000000000000000000000000009B
:10353000000000000000000000000000000000008B
:10354000000000000000000000000000000000007B
:10355000000000000000000000000000000000006B
:10356000000000000000000000000000000000005B
:10357000000000000000000000000000000000004B
:10358000000000000000000000000000000000003B
:10359000000000000000000000000000000000002B
:1035A000000000000000000000000000000000001B
:1035B000000000000000000000000000000000000B
:1035C00000000000000000000000000000000000FB
:1035D00000000000000000000000000000000000EB
:1035E00000000000000000000000000000000000DB
:1035F00000000000000000000000000000000000CB
:1036000000000000000000000000000000000000BA
:1036100000000000000000000000000000000000AA
:10362000000000000000000000000000000000009A
:10363000000000000000000000000000000000008A
:10364000000000000000000000000000000000007A
:10365000000000000000000000000000000000006A
:10366000000000000000000000000000000000005A
:10367000000000000000000000000000000000004A
:10368000000000000000000000000000000000003A
:10369000000000000000000000000000000000002A
:1036A000000000000000000000000000000000001A
:1036B000000000000000000000000000000000000A
:1036C00000000000000000000000000000000000FA
:1036D00000000000000000000000000000000000EA
:1036E00000000000000000000000000000000000DA
:1036F00000000000000000000000000000000000CA
:1037000000000000000000000000000000000000B9
:1037100000000000000000000000000000000000A9
:103720000000000000000000000000000000000099
:103730000000000000000000000000000000000089
:103740000000000000000000000000000000000079
:103750000000000000000000000000000000000069
:103760000000000000000000000000000000000059
:103770000000000000000000000000000000000049
:103780000000000000000000000000000000000039
:103790000000000000000000000000000000000029
:1037A0000000000000000000000000000000000019
:1037B0000000000000000000000000000000000009
:1037C00000000000000000000000000000000000F9
:1037D00000000000000000000000000000000000E9
:1037E00000000000000000000000000000000000D9
:1037F00000000000000000000000000000000000C9
:1038000000000000000000000000000000000000B8
:1038100000000000000000000000000000000000A8
:103820000000000000000000000000000000000098
:103830000000000000000000000000000000000088
:103840000000000000000000000000000000000078
:103850000000000000000000000000000000000068
:103860000000000000000000000000000000000058
:103870000000000000000000000000000000000048
:103880000000000000000000000000000000000038
:103890000000000000000000000000000000000028
:1038A0000000000000000000000000000000000018
:1038B0000000000000000000000000000000000008
:1038C00000000000000000000000000000000000F8
:1038D00000000000000000000000000000000000E8
:1038E00000000000000000000000000000000000D8
:1038F00000000000000000000000000000000000C8
:1039000000000000000000000000000000000000B7
:1039100000000000000000000000000000000000A7
:103920000000000000000000000000000000000097
:103930000000000000000000000000000000000087
:103940000000000000000000000000000000000077
:103950000000000000000000000000000000000067
:103960000000000000000000000000000000000057
:103970000000000000000000000000000000000047
:103980000000000000000000000000000000000037
:103990000000000000000000000000000000000027
:1039A0000000000000000000000000000000000017
:1039B0000000000000000000000000000000000007
:1039C00000000000000000000000000000000000F7
:1039D00000000000000000000000000000000000E7
:1039E00000000000000000000000000000000000D7
:1039F00000000000000000000000000000000000C7
:103A000000000000000000000000000000000000B6
:103A100000000000000000000000000000000000A6
:103A20000000000000000000000000000000000096
:103A30000000000000000000000000000000000086
:103A40000000000000000000000000000000000076
:103A50000000000000000000000000000000000066
:103A60000000000000000000000000000000000056
:103A70000000000000000000000000000000000046
:103A80000000000000000000000000000000000036
:103A90000000000000000000000000000000000026
:103AA0000000000000000000000000000000000016
:103AB0000000000000000000000000000000000006
:103AC00000000000000000000000000000000000F6
:103AD00000000000000000000000000000000000E6
:103AE00000000000000000000000000000000000D6
:103AF00000000000000000000000000000000000C6
:103B000000000000000000000000000000000000B5
:103B100000000000000000000000000000000000A5
:103B20000000000000000000000000000000000095
:103B30000000000000000000000000000000000085
:103B40000000000000000000000000000000000075
:103B50000000000000000000000000000000000065
:103B60000000000000000000000000000000000055
:103B70000000000000000000000000000000000045
:103B80000000000000000000000000000000000035
:103B90000000000000000000000000000000000025
:103BA0000000000000000000000000000000000015
:103BB0000000000000000000000000000000000005
:103BC00000000000000000000000000000000000F5
:103BD00000000000000000000000000000000000E5
:103BE00000000000000000000000000000000000D5
:103BF00000000000000000000000000000000000C5
:103C000000000000000000000000000000000000B4
:103C100000000000000000000000000000000000A4
:103C20000000000000000000000000000000000094
:103C30000000000000000000000000000000000084
:103C40000000000000000000000000000000000074
:103C50000000000000000000000000000000000064
:103C60000000000000000000000000000000000054
:103C70000000000000000000000000000000000044
:103C80000000000000000000000000000000000034
:103C90000000000000000000000000000000000024
:103CA0000000000000000000000000000000000014
:103CB0000000000000000000000000000000000004
:103CC00000000000000000000000000000000000F4
:103CD00000000000000000000000000000000000E4
:103CE00000000000000000000000000000000000D4
:103CF00000000000000000000000000000000000C4
:103D000000000000000000000000000000000000B3
:103D100000000000000000000000000000000000A3
:103D20000000000000000000000000000000000093
:103D30000000000000000000000000000000000083
:103D40000000000000000000000000000000000073
:103D50000000000000000000000000000000000063
:103D60000000000000000000000000000000000053
:103D70000000000000000000000000000000000043
:103D80000000000000000000000000000000000033
:103D90000000000000000000000000000000000023
:103DA0000000000000000000000000000000000013
:103DB0000000000000000000000000000000000003
:103DC00000000000000000000000000000000000F3
:103DD00000000000000000000000000000000000E3
:103DE00000000000000000000000000000000000D3
:103DF00000000000000000000000000000000000C3
:103E000000000000000000000000000000000000B2
:103E100000000000000000000000000000000000A2
:103E20000000000000000000000000000000000092
:103E30000000000000000000000000000000000082
:103E40000000000000000000000000000000000072
:103E50000000000000000000000000000000000062
:103E60000000000000000000000000000000000052
:103E70000000000000000000000000000000000042
:103E80000000000000000000000000000000000032
:103E90000000000000000000000000000000000022
:103EA0000000000000000000000000000000000012
:103EB0000000000000000000000000000000000002
:103EC00000000000000000000000000000000000F2
:103ED00000000000000000000000000000000000E2
:103EE00000000000000000000000000000000000D2
:103EF00000000000000000000000000000000000C2
:103F000000000000000000000000000000000000B1
:103F100000000000000000000000000000000000A1
:103F20000000000000000000000000000000000091
:103F30000000000000000000000000000000000081
:103F40000000000000000000000000000000000071
:103F50000000000000000000000000000000000061
:103F60000000000000000000000000000000000051
:103F70000000000000000000000000000000000041
:103F80000000000000000000000000000000000031
:103F90000000000000000000000000000000000021
:103FA0000000000000000000000000000000000011
:103FB0000000000000000000000000000000000001
:103FC00000000000000000000000000000000000F1
:103FD00000000000000000000000000000000000E1
:103FE00000000000000000000000000000000000D1
:103FF00000000000000000000000000000000000C1
:1040000000000000000000000000000000000000B0
:1040100000000000000000000000000000000000A0
:104020000000000000000000000000000000000090
:104030000000000000000000000000000000000080
:104040000000000000000000000000000000000070
:104050000000000000000000000000000000000060
:104060000000000000000000000000000000000050
:104070000000000000000000000000000000000040
:104080000000000000000000000000000000000030
:104090000000000000000000000000000000000020
:1040A0000000000000000000000000000000000010
:1040B0000000000000000000000000000000000000
:1040C00000000000000000000000000000000000F0
:1040D00000000000000000000000000000000000E0
:1040E00000000000000000000000000000000000D0
:1040F00000000000000000000000000000000000C0
:1041000000000000000000000000000000000000AF
:10411000000000000000000000000000000000009F
:10412000000000000000000000000000000000008F
:10413000000000000000000000000000000000007F
:10414000000000000000000000000000000000006F
:10415000000000000000000000000000000000005F
:10416000000000000000000000000000000000004F
:10417000000000000000000000000000000000003F
:10418000000000000000000000000000000000002F
:10419000000000000000000000000000000000001F
:1041A000000000000000000000000000000000000F
:1041B00000000000000000000000000000000000FF
:1041C00000000000000000000000000000000000EF
:1041D00000000000000000000000000000000000DF
:1041E00000000000000000000000000000000000CF
:1041F00000000000000000000000000000000000BF
:1042000000000000000000000000000000000000AE
:10421000000000000000000000000000000000009E
:10422000000000000000000000000000000000008E
:10423000000000000000000000000000000000007E
:10424000000000000000000000000000000000006E
:10425000000000000000000000000000000000005E
:10426000000000000000000000000000000000004E
:10427000000000000000000000000000000000003E
:10428000000000000000000000000000000000002E
:10429000000000000000000000000000000000001E
:1042A000000000000000000000000000000000000E
:1042B00000000000000000000000000000000000FE
:1042C00000000000000000000000000000000000EE
:1042D00000000000000000000000000000000000DE
:1042E00000000000000000000000000000000000CE
:1042F00000000000000000000000000000000000BE
:1043000000000000000000000000000000000000AD
:10431000000000000000000000000000000000009D
:10432000000000000000000000000000000000008D
:10433000000000000000000000000000000000007D
:10434000000000000000000000000000000000006D
:10435000000000000000000000000000000000005D
:10436000000000000000000000000000000000004D
:10437000000000000000000000000000000000003D
:10438000000000000000000000000000000000002D
:10439000000000000000000000000000000000001D
:1043A000000000000000000000000000000000000D
:1043B00000000000000000000000000000000000FD
:1043C00000000000000000000000000000000000ED
:1043D00000000000000000000000000000000000DD
:1043E00000000000000000000000000000000000CD
:1043F00000000000000000000000000000000000BD
:1044000000000000000000000000000000000000AC
:10441000000000000000000000000000000000009C
:10442000000000000000000000000000000000008C
:10443000000000000000000000000000000000007C
:10444000000000000000000000000000000000006C
:10445000000000000000000000000000000000005C
:10446000000000000000000000000000000000004C
:10447000000000000000000000000000000000003C
:10448000000000000000000000000000000000002C
:10449000000000000000000000000000000000001C
:1044A000000000000000000000000000000000000C
:1044B00000000000000000000000000000000000FC
:1044C00000000000000000000000000000000000EC
:1044D00000000000000000000000000000000000DC
:1044E00000000000000000000000000000000000CC
:1044F00000000000000000000000000000000000BC
:1045000000000000000000000000000000000000AB
:10451000000000000000000000000000000000009B
:10452000000000000000000000000000000000008B
:10453000000000000000000000000000000000007B
:10454000000000000000000000000000000000006B
:10455000000000000000000000000000000000005B
:10456000000000000000000000000000000000004B
:10457000000000000000000000000000000000003B
:10458000000000000000000000000000000000002B
:10459000000000000000000000000000000000001B
:1045A000000000000000000000000000000000000B
:1045B00000000000000000000000000000000000FB
:1045C00000000000000000000000000000000000EB
:1045D00000000000000000000000000000000000DB
:1045E00000000000000000000000000000000000CB
:1045F00000000000000000000000000000000000BB
:1046000000000000000000000000000000000000AA
:10461000000000000000000000000000000000009A
:10462000000000000000000000000000000000008A
:10463000000000000000000000000000000000007A
:10464000000000000000000000000000000000006A
:10465000000000000000000000000000000000005A
:10466000000000000000000000000000000000004A
:10467000000000000000000000000000000000003A
:10468000000000000000000000000000000000002A
:10469000000000000000000000000000000000001A
:1046A000000000000000000000000000000000000A
:1046B00000000000000000000000000000000000FA
:1046C00000000000000000000000000000000000EA
:1046D00000000000000000000000000000000000DA
:1046E00000000000000000000000000000000000CA
:1046F00000000000000000000000000000000000BA
:1047000000000000000000000000000000000000A9
:104710000000000000000000000000000000000099
:104720000000000000000000000000000000000089
:104730000000000000000000000000000000000079
:104740000000000000000000000000000000000069
:104750000000000000000000000000000000000059
:104760000000000000000000000000000000000049
:104770000000000000000000000000000000000039
:104780000000000000000000000000000000000029
:104790000000000000000000000000000000000019
:1047A0000000000000000000000000000000000009
:1047B00000000000000000000000000000000000F9
:1047C00000000000000000000000000000000000E9
:1047D00000000000000000000000000000000000D9
:1047E00000000000000000000000000000000000C9
:1047F00000000000000000000000000000000000B9
:1048000000000000000000000000000000000000A8
:104810000000000000000000000000000000000098
:104820000000000000000000000000000000000088
:104830000000000000000000000000000000000078
:104840000000000000000000000000000000000068
:104850000000000000000000000000000000000058
:104860000000000000000000000000000000000048
:104870000000000000000000000000000000000038
:104880000000000000000000000000000000000028
:104890000000000000000000000000000000000018
:1048A0000000000000000000000000000000000008
:1048B00000000000000000000000000000000000F8
:1048C00000000000000000000000000000000000E8
:1048D00000000000000000000000000000000000D8
:1048E00000000000000000000000000000000000C8
:1048F00000000000000000000000000000000000B8
:1049000000000000000000000000000000000000A7
:104910000000000000000000000000000000000097
:104920000000000000000000000000000000000087
:104930000000000000000000000000000000000077
:104940000000000000000000000000000000000067
:104950000000000000000000000000000000000057
:104960000000000000000000000000000000000047
:104970000000000000000000000000000000000037
:104980000000000000000000000000000000000027
:104990000000000000000000000000000000000017
:1049A0000000000000000000000000000000000007
:1049B00000000000000000000000000000000000F7
:1049C00000000000000000000000000000000000E7
:1049D00000000000000000000000000000000000D7
:1049E00000000000000000000000000000000000C7
:1049F00000000000000000000000000000000000B7
:104A000000000000000000000000000000000000A6
:104A10000000000000000000000000000000000096
:104A20000000000000000000000000000000000086
:104A30000000000000000000000000000000000076
:104A40000000000000000000000000000000000066
:104A50000000000000000000000000000000000056
:104A60000000000000000000000000000000000046
:104A70000000000000000000000000000000000036
:104A80000000000000000000000000000000000026
:104A90000000000000000000000000000000000016
:104AA0000000000000000000000000000000000006
:104AB00000000000000000000000000000000000F6
:104AC00000000000000000000000000000000000E6
:104AD00000000000000000000000000000000000D6
:104AE00000000000000000000000000000000000C6
:104AF00000000000000000000000000000000000B6
:104B000000000000000000000000000000000000A5
:104B10000000000000000000000000000000000095
:104B20000000000000000000000000000000000085
:104B30000000000000000000000000000000000075
:104B40000000000000000000000000000000000065
:104B50000000000000000000000000000000000055
:104B60000000000000000000000000000000000045
:104B70000000000000000000000000000000000035
:104B80000000000000000000000000000000000025
:104B90000000000000000000000000000000000015
:104BA0000000000000000000000000000000000005
:104BB00000000000000000000000000000000000F5
:104BC00000000000000000000000000000000000E5
:104BD00000000000000000000000000000000000D5
:104BE00000000000000000000000000000000000C5
:104BF00000000000000000000000000000000000B5
:104C000000000000000000000000000000000000A4
:104C10000000000000000000000000000000000094
:104C20000000000000000000000000000000000084
:104C30000000000000000000000000000000000074
:104C40000000000000000000000000000000000064
:104C50000000000000000000000000000000000054
:104C60000000000000000000000000000000000044
:104C70000000000000000000000000000000000034
:104C80000000000000000000000000000000000024
:104C90000000000000000000000000000000000014
:104CA0000000000000000000000000000000000004
:104CB00000000000000000000000000000000000F4
:104CC00000000000000000000000000000000000E4
:104CD00000000000000000000000000000000000D4
:104CE00000000000000000000000000000000000C4
:104CF00000000000000000000000000000000000B4
:104D000000000000000000000000000000000000A3
:104D10000000000000000000000000000000000093
:104D20000000000000000000000000000000000083
:104D30000000000000000000000000000000000073
:104D40000000000000000000000000000000000063
:104D50000000000000000000000000000000000053
:104D60000000000000000000000000000000000043
:104D70000000000000000000000000000000000033
:104D80000000000000000000000000000000000023
:104D90000000000000000000000000000000000013
:104DA0000000000000000000000000000000000003
:104DB00000000000000000000000000000000000F3
:104DC00000000000000000000000000000000000E3
:104DD00000000000000000000000000000000000D3
:104DE00000000000000000000000000000000000C3
:104DF00000000000000000000000000000000000B3
:104E000000000000000000000000000000000000A2
:104E10000000000000000000000000000000000092
:104E20000000000000000000000000000000000082
:104E30000000000000000000000000000000000072
:104E40000000000000000000000000000000000062
:104E50000000000000000000000000000000000052
:104E60000000000000000000000000000000000042
:104E70000000000000000000000000000000000032
:104E80000000000000000000000000000000000022
:104E90000000000000000000000000000000000012
:104EA0000000000000000000000000000000000002
:104EB00000000000000000000000000000000000F2
:104EC00000000000000000000000000000000000E2
:104ED00000000000000000000000000000000000D2
:104EE00000000000000000000000000000000000C2
:104EF00000000000000000000000000000000000B2
:104F000000000000000000000000000000000000A1
:104F10000000000000000000000000000000000091
:104F20000000000000000000000000000000000081
:104F30000000000000000000000000000000000071
:104F40000000000000000000000000000000000061
:104F50000000000000000000000000000000000051
:104F60000000000000000000000000000000000041
:104F70000000000000000000000000000000000031
:104F80000000000000000000000000000000000021
:104F90000000000000000000000000000000000011
:104FA0000000000000000000000000000000000001
:104FB00000000000000000000000000000000000F1
:104FC00000000000000000000000000000000000E1
:104FD00000000000000000000000000000000000D1
:104FE00000000000000000000000000000000000C1
:104FF00000000000000000000000000000000000B1
:1050000000000000000000000000000000000000A0
:105010000000000000000000000000000000000090
:105020000000000000000000000000000000000080
:105030000000000000000000000000000000000070
:105040000000000000000000000000000000000060
:105050000000000000000000000000000000000050
:105060000000000000000000000000000000000040
:105070000000000000000000000000000000000030
:105080000000000000000000000000000000000020
:105090000000000000000000000000000000000010
:1050A0000000000000000000000000000000000000
:1050B00000000000000000000000000000000000F0
:1050C00000000000000000000000000000000000E0
:1050D00000000000000000000000000000000000D0
:1050E00000000000000000000000000000000000C0
:1050F00000000000000000000000000000000000B0
:10510000000000000000000000000000000000009F
:10511000000000000000000000000000000000008F
:10512000000000000000000000000000000000007F
:10513000000000000000000000000000000000006F
:10514000000000000000000000000000000000005F
:10515000000000000000000000000000000000004F
:10516000000000000000000000000000000000003F
:10517000000000000000000000000000000000002F
:10518000000000000000000000000000000000001F
:10519000000000000000000000000000000000000F
:1051A00000000000000000000000000000000000FF
:1051B00000000000000000000000000000000000EF
:1051C00000000000000000000000000000000000DF
:1051D00000000000000000000000000000000000CF
:1051E00000000000000000000000000000000000BF
:1051F00000000000000000000000000000000000AF
:10520000000000000000000000000000000000009E
:10521000000000000000000000000000000000008E
:10522000000000000000000000000000000000007E
:10523000000000000000000000000000000000006E
:10524000000000000000000000000000000000005E
:10525000000000000000000000000000000000004E
:10526000000000000000000000000000000000003E
:10527000000000000000000000000000000000002E
:10528000000000000000000000000000000000001E
:10529000000000000000000000000000000000000E
:1052A00000000000000000000000000000000000FE
:1052B00000000000000000000000000000000000EE
:1052C00000000000000000000000000000000000DE
:1052D00000000000000000000000000000000000CE
:1052E00000000000000000000000000000000000BE
:1052F00000000000000000000000000000000000AE
:10530000000000000000000000000000000000009D
:10531000000000000000000000000000000000008D
:10532000000000000000000000000000000000007D
:10533000000000000000000000000000000000006D
:10534000000000000000000000000000000000005D
:10535000000000000000000000000000000000004D
:10536000000000000000000000000000000000003D
:10537000000000000000000000000000000000002D
:10538000000000000000000000000000000000001D
:10539000000000000000000000000000000000000D
:1053A00000000000000000000000000000000000FD
:1053B00000000000000000000000000000000000ED
:1053C00000000000000000000000000000000000DD
:1053D00000000000000000000000000000000000CD
:1053E00000000000000000000000000000000000BD
:1053F00000000000000000000000000000000000AD
:10540000000000000000000000000000000000009C
:10541000000000000000000000000000000000008C
:10542000000000000000000000000000000000007C
:10543000000000000000000000000000000000006C
:10544000000000000000000000000000000000005C
:10545000000000000000000000000000000000004C
:10546000000000000000000000000000000000003C
:10547000000000000000000000000000000000002C
:10548000000000000000000000000000000000001C
:10549000000000000000000000000000000000000C
:1054A00000000000000000000000000000000000FC
:1054B00000000000000000000000000000000000EC
:1054C00000000000000000000000000000000000DC
:1054D00000000000000000000000000000000000CC
:1054E00000000000000000000000000000000000BC
:1054F00000000000000000000000000000000000AC
:10550000000000000000000000000000000000009B
:10551000000000000000000000000000000000008B
:10552000000000000000000000000000000000007B
:10553000000000000000000000000000000000006B
:10554000000000000000000000000000000000005B
:10555000000000000000000000000000000000004B
:10556000000000000000000000000000000000003B
:10557000000000000000000000000000000000002B
:10558000000000000000000000000000000000001B
:10559000000000000000000000000000000000000B
:1055A00000000000000000000000000000000000FB
:1055B00000000000000000000000000000000000EB
:1055C00000000000000000000000000000000000DB
:1055D00000000000000000000000000000000000CB
:1055E00000000000000000000000000000000000BB
:1055F00000000000000000000000000000000000AB
:10560000000000000000000000000000000000009A
:10561000000000000000000000000000000000008A
:10562000000000000000000000000000000000007A
:10563000000000000000000000000000000000006A
:10564000000000000000000000000000000000005A
:10565000000000000000000000000000000000004A
:10566000000000000000000000000000000000003A
:10567000000000000000000000000000000000002A
:10568000000000000000000000000000000000001A
:10569000000000000000000000000000000000000A
:1056A00000000000000000000000000000000000FA
:1056B00000000000000000000000000000000000EA
:1056C00000000000000000000000000000000000DA
:1056D00000000000000000000000000000000000CA
:1056E00000000000000000000000000000000000BA
:1056F00000000000000000000000000000000000AA
:105700000000000000000000000000000000000099
:105710000000000000000000000000000000000089
:105720000000000000000000000000000000000079
:105730000000000000000000000000000000000069
:105740000000000000000000000000000000000059
:105750000000000000000000000000000000000049
:105760000000000000000000000000000000000039
:105770000000000000000000000000000000000029
:105780000000000000000000000000000000000019
:105790000000000000000000000000000000000009
:1057A00000000000000000000000000000000000F9
:1057B00000000000000000000000000000000000E9
:1057C00000000000000000000000000000000000D9
:1057D00000000000000000000000000000000000C9
:1057E00000000000000000000000000000000000B9
:1057F00000000000000000000000000000000000A9
:105800000000000000000000000000000000000098
:105810000000000000000000000000000000000088
:105820000000000000000000000000000000000078
:105830000000000000000000000000000000000068
:105840000000000000000000000000000000000058
:105850000000000000000000000000000000000048
:105860000000000000000000000000000000000038
:105870000000000000000000000000000000000028
:105880000000000000000000000000000000000018
:105890000000000000000000000000000000000008
:1058A00000000000000000000000000000000000F8
:1058B00000000000000000000000000000000000E8
:1058C00000000000000000000000000000000000D8
:1058D00000000000000000000000000000000000C8
:1058E00000000000000000000000000000000000B8
:1058F00000000000000000000000000000000000A8
:105900000000000000000000000000000000000097
:105910000000000000000000000000000000000087
:105920000000000000000000000000000000000077
:105930000000000000000000000000000000000067
:105940000000000000000000000000000000000057
:105950000000000000000000000000000000000047
:105960000000000000000000000000000000000037
:105970000000000000000000000000000000000027
:105980000000000000000000000000000000000017
:105990000000000000000000000000000000000007
:1059A00000000000000000000000000000000000F7
:1059B00000000000000000000000000000000000E7
:1059C00000000000000000000000000000000000D7
:1059D00000000000000000000000000000000000C7
:1059E00000000000000000000000000000000000B7
:1059F00000000000000000000000000000000000A7
:105A00000000000000000000000000000000000096
:105A10000000000000000000000000000000000086
:105A20000000000000000000000000000000000076
:105A30000000000000000000000000000000000066
:105A40000000000000000000000000000000000056
:105A50000000000000000000000000000000000046
:105A60000000000000000000000000000000000036
:105A70000000000000000000000000000000000026
:105A80000000000000000000000000000000000016
:105A90000000000000000000000000000000000006
:105AA00000000000000000000000000000000000F6
:105AB00000000000000000000000000000000000E6
:105AC00000000000000000000000000000000000D6
:105AD00000000000000000000000000000000000C6
:105AE00000000000000000000000000000000000B6
:105AF00000000000000000000000000000000000A6
:105B00000000000000000000000000000000000095
:105B10000000000000000000000000000000000085
:105B20000000000000000000000000000000000075
:105B30000000000000000000000000000000000065
:105B40000000000000000000000000000000000055
:105B50000000000000000000000000000000000045
:105B60000000000000000000000000000000000035
:105B70000000000000000000000000000000000025
:105B80000000000000000000000000000000000015
:105B90000000000000000000000000000000000005
:105BA00000000000000000000000000000000000F5
:105BB00000000000000000000000000000000000E5
:105BC00000000000000000000000000000000000D5
:105BD00000000000000000000000000000000000C5
:105BE00000000000000000000000000000000000B5
:105BF00000000000000000000000000000000000A5
:105C00000000000000000000000000000000000094
:105C10000000000000000000000000000000000084
:105C20000000000000000000000000000000000074
:105C30000000000000000000000000000000000064
:105C40000000000000000000000000000000000054
:105C50000000000000000000000000000000000044
:105C60000000000000000000000000000000000034
:105C70000000000000000000000000000000000024
:105C80000000000000000000000000000000000014
:105C90000000000000000000000000000000000004
:105CA00000000000000000000000000000000000F4
:105CB00000000000000000000000000000000000E4
:105CC00000000000000000000000000000000000D4
:105CD00000000000000000000000000000000000C4
:105CE00000000000000000000000000000000000B4
:105CF00000000000000000000000000000000000A4
:105D00000000000000000000000000000000000093
:105D10000000000000000000000000000000000083
:105D20000000000000000000000000000000000073
:105D30000000000000000000000000000000000063
:105D40000000000000000000000000000000000053
:105D50000000000000000000000000000000000043
:105D60000000000000000000000000000000000033
:105D70000000000000000000000000000000000023
:105D80000000000000000000000000000000000013
:105D90000000000000000000000000000000000003
:105DA00000000000000000000000000000000000F3
:105DB00000000000000000000000000000000000E3
:105DC00000000000000000000000000000000000D3
:105DD00000000000000000000000000000000000C3
:105DE00000000000000000000000000000000000B3
:105DF00000000000000000000000000000000000A3
:105E00000000000000000000000000000000000092
:105E10000000000000000000000000000000000082
:105E20000000000000000000000000000000000072
:105E30000000000000000000000000000000000062
:105E40000000000000000000000000000000000052
:105E50000000000000000000000000000000000042
:105E60000000000000000000000000000000000032
:105E70000000000000000000000000000000000022
:105E80000000000000000000000000000000000012
:105E90000000000000000000000000000000000002
:105EA00000000000000000000000000000000000F2
:105EB00000000000000000000000000000000000E2
:105EC00000000000000000000000000000000000D2
:105ED00000000000000000000000000000000000C2
:105EE00000000000000000000000000000000000B2
:105EF00000000000000000000000000000000000A2
:105F00000000000000000000000000000000000091
:105F10000000000000000000000000000000000081
:105F20000000000000000000000000000000000071
:105F30000000000000000000000000000000000061
:105F40000000000000000000000000000000000051
:105F50000000000000000000000000000000000041
:105F60000000000000000000000000000000000031
:105F70000000000000000000000000000000000021
:105F80000000000000000000000000000000000011
:105F90000000000000000000000000000000000001
:105FA00000000000000000000000000000000000F1
:105FB00000000000000000000000000000000000E1
:105FC00000000000000000000000000000000000D1
:105FD00000000000000000000000000000000000C1
:105FE00000000000000000000000000000000000B1
:105FF00000000000000000000000000000000000A1
:106000000000000000000000000000000000000090
:106010000000000000000000000000000000000080
:106020000000000000000000000000000000000070
:106030000000000000000000000000000000000060
:106040000000000000000000000000000000000050
:106050000000000000000000000000000000000040
:106060000000000000000000000000000000000030
:106070000000000000000000000000000000000020
:106080000000000000000000000000000000000010
:106090000000000000000000000000000000000000
:1060A00000000000000000000000000000000000F0
:1060B00000000000000000000000000000000000E0
:1060C00000000000000000000000000000000000D0
:1060D00000000000000000000000000000000000C0
:1060E00000000000000000000000000000000000B0
:1060F00000000000000000000000000000000000A0
:10610000000000000000000000000000000000008F
:10611000000000000000000000000000000000007F
:10612000000000000000000000000000000000006F
:10613000000000000000000000000000000000005F
:10614000000000000000000000000000000000004F
:10615000000000000000000000000000000000003F
:10616000000000000000000000000000000000002F
:10617000000000000000000000000000000000001F
:10618000000000000000000000000000000000000F
:1061900000000000000000000000000000000000FF
:1061A00000000000000000000000000000000000EF
:1061B00000000000000000000000000000000000DF
:1061C00000000000000000000000000000000000CF
:1061D00000000000000000000000000000000000BF
:1061E00000000000000000000000000000000000AF
:1061F000000000000000000000000000000000009F
:10620000000000000000000000000000000000008E
:10621000000000000000000000000000000000007E
:10622000000000000000000000000000000000006E
:10623000000000000000000000000000000000005E
:10624000000000000000000000000000000000004E
:10625000000000000000000000000000000000003E
:10626000000000000000000000000000000000002E
:10627000000000000000000000000000000000001E
:10628000000000000000000000000000000000000E
:1062900000000000000000000000000000000000FE
:1062A00000000000000000000000000000000000EE
:1062B00000000000000000000000000000000000DE
:1062C00000000000000000000000000000000000CE
:1062D00000000000000000000000000000000000BE
:1062E00000000000000000000000000000000000AE
:1062F000000000000000000000000000000000009E
:10630000000000000000000000000000000000008D
:10631000000000000000000000000000000000007D
:10632000000000000000000000000000000000006D
:10633000000000000000000000000000000000005D
:10634000000000000000000000000000000000004D
:10635000000000000000000000000000000000003D
:10636000000000000000000000000000000000002D
:10637000000000000000000000000000000000001D
:10638000000000000000000000000000000000000D
:1063900000000000000000000000000000000000FD
:1063A00000000000000000000000000000000000ED
:1063B00000000000000000000000000000000000DD
:1063C00000000000000000000000000000000000CD
:1063D00000000000000000000000000000000000BD
:1063E00000000000000000000000000000000000AD
:1063F000000000000000000000000000000000009D
:10640000000000000000000000000000000000008C
:10641000000000000000000000000000000000007C
:10642000000000000000000000000000000000006C
:10643000000000000000000000000000000000005C
:10644000000000000000000000000000000000004C
:10645000000000000000000000000000000000003C
:10646000000000000000000000000000000000002C
:10647000000000000000000000000000000000001C
:10648000000000000000000000000000000000000C
:1064900000000000000000000000000000000000FC
:1064A00000000000000000000000000000000000EC
:1064B00000000000000000000000000000000000DC
:1064C00000000000000000000000000000000000CC
:1064D00000000000000000000000000000000000BC
:1064E00000000000000000000000000000000000AC
:1064F000000000000000000000000000000000009C
:10650000000000000000000000000000000000008B
:10651000000000000000000000000000000000007B
:10652000000000000000000000000000000000006B
:10653000000000000000000000000000000000005B
:10654000000000000000000000000000000000004B
:10655000000000000000000000000000000000003B
:10656000000000000000000000000000000000002B
:10657000000000000000000000000000000000001B
:10658000000000000000000000000000000000000B
:1065900000000000000000000000000000000000FB
:1065A00000000000000000000000000000000000EB
:1065B00000000000000000000000000000000000DB
:1065C00000000000000000000000000000000000CB
:1065D00000000000000000000000000000000000BB
:1065E00000000000000000000000000000000000AB
:1065F000000000000000000000000000000000009B
:10660000000000000000000000000000000000008A
:10661000000000000000000000000000000000007A
:10662000000000000000000000000000000000006A
:10663000000000000000000000000000000000005A
:10664000000000000000000000000000000000004A
:10665000000000000000000000000000000000003A
:10666000000000000000000000000000000000002A
:10667000000000000000000000000000000000001A
:10668000000000000000000000000000000000000A
:1066900000000000000000000000000000000000FA
:1066A00000000000000000000000000000000000EA
:1066B00000000000000000000000000000000000DA
:1066C00000000000000000000000000000000000CA
:1066D00000000000000000000000000000000000BA
:1066E00000000000000000000000000000000000AA
:1066F000000000000000000000000000000000009A
:106700000000000000000000000000000000000089
:106710000000000000000000000000000000000079
:106720000000000000000000000000000000000069
:106730000000000000000000000000000000000059
:106740000000000000000000000000000000000049
:106750000000000000000000000000000000000039
:106760000000000000000000000000000000000029
:106770000000000000000000000000000000000019
:106780000000000000000000000000000000000009
:1067900000000000000000000000000000000000F9
:1067A00000000000000000000000000000000000E9
:1067B00000000000000000000000000000000000D9
:1067C00000000000000000000000000000000000C9
:1067D00000000000000000000000000000000000B9
:1067E00000000000000000000000000000000000A9
:1067F0000000000000000000000000000000000099
:106800000000000000000000000000000000000088
:106810000000000000000000000000000000000078
:106820000000000000000000000000000000000068
:106830000000000000000000000000000000000058
:106840000000000000000000000000000000000048
:106850000000000000000000000000000000000038
:106860000000000000000000000000000000000028
:106870000000000000000000000000000000000018
:106880000000000000000000000000000000000008
:1068900000000000000000000000000000000000F8
:1068A00000000000000000000000000000000000E8
:1068B00000000000000000000000000000000000D8
:1068C00000000000000000000000000000000000C8
:1068D00000000000000000000000000000000000B8
:1068E00000000000000000000000000000000000A8
:1068F0000000000000000000000000000000000098
:106900000000000000000000000000000000000087
:106910000000000000000000000000000000000077
:106920000000000000000000000000000000000067
:106930000000000000000000000000000000000057
:106940000000000000000000000000000000000047
:106950000000000000000000000000000000000037
:106960000000000000000000000000000000000027
:106970000000000000000000000000000000000017
:106980000000000000000000000000000000000007
:1069900000000000000000000000000000000000F7
:1069A00000000000000000000000000000000000E7
:1069B00000000000000000000000000000000000D7
:1069C00000000000000000000000000000000000C7
:1069D00000000000000000000000000000000000B7
:1069E00000000000000000000000000000000000A7
:1069F0000000000000000000000000000000000097
:106A00000000000000000000000000000000000086
:106A10000000000000000000000000000000000076
:106A20000000000000000000000000000000000066
:106A30000000000000000000000000000000000056
:106A40000000000000000000000000000000000046
:106A50000000000000000000000000000000000036
:106A60000000000000000000000000000000000026
:106A70000000000000000000000000000000000016
:106A80000000000000000000000000000000000006
:106A900000000000000000000000000000000000F6
:106AA00000000000000000000000000000000000E6
:106AB00000000000000000000000000000000000D6
:106AC00000000000000000000000000000000000C6
:106AD00000000000000000000000000000000000B6
:106AE00000000000000000000000000000000000A6
:106AF0000000000000000000000000000000000096
:106B00000000000000000000000000000000000085
:106B10000000000000000000000000000000000075
:106B20000000000000000000000000000000000065
:106B30000000000000000000000000000000000055
:106B40000000000000000000000000000000000045
:106B50000000000000000000000000000000000035
:106B60000000000000000000000000000000000025
:106B70000000000000000000000000000000000015
:106B80000000000000000000000000000000000005
:106B900000000000000000000000000000000000F5
:106BA00000000000000000000000000000000000E5
:106BB00000000000000000000000000000000000D5
:106BC00000000000000000000000000000000000C5
:106BD00000000000000000000000000000000000B5
:106BE00000000000000000000000000000000000A5
:106BF0000000000000000000000000000000000095
:106C00000000000000000000000000000000000084
:106C10000000000000000000000000000000000074
:106C20000000000000000000000000000000000064
:106C30000000000000000000000000000000000054
:106C40000000000000000000000000000000000044
:106C50000000000000000000000000000000000034
:106C60000000000000000000000000000000000024
:106C70000000000000000000000000000000000014
:106C80000000000000000000000000000000000004
:106C900000000000000000000000000000000000F4
:106CA00000000000000000000000000000000000E4
:106CB00000000000000000000000000000000000D4
:106CC00000000000000000000000000000000000C4
:106CD00000000000000000000000000000000000B4
:106CE00000000000000000000000000000000000A4
:106CF0000000000000000000000000000000000094
:106D00000000000000000000000000000000000083
:106D10000000000000000000000000000000000073
:106D20000000000000000000000000000000000063
:106D30000000000000000000000000000000000053
:106D40000000000000000000000000000000000043
:106D50000000000000000000000000000000000033
:106D60000000000000000000000000000000000023
:106D70000000000000000000000000000000000013
:106D80000000000000000000000000000000000003
:106D900000000000000000000000000000000000F3
:106DA00000000000000000000000000000000000E3
:106DB00000000000000000000000000000000000D3
:106DC00000000000000000000000000000000000C3
:106DD00000000000000000000000000000000000B3
:106DE00000000000000000000000000000000000A3
:106DF0000000000000000000000000000000000093
:106E00000000000000000000000000000000000082
:106E10000000000000000000000000000000000072
:106E20000000000000000000000000000000000062
:106E30000000000000000000000000000000000052
:106E40000000000000000000000000000000000042
:106E50000000000000000000000000000000000032
:106E60000000000000000000000000000000000022
:106E70000000000000000000000000000000000012
:106E80000000000000000000000000000000000002
:106E900000000000000000000000000000000000F2
:106EA00000000000000000000000000000000000E2
:106EB00000000000000000000000000000000000D2
:106EC00000000000000000000000000000000000C2
:106ED00000000000000000000000000000000000B2
:106EE00000000000000000000000000000000000A2
:106EF0000000000000000000000000000000000092
:106F00000000000000000000000000000000000081
:106F10000000000000000000000000000000000071
:106F20000000000000000000000000000000000061
:106F30000000000000000000000000000000000051
:106F40000000000000000000000000000000000041
:106F50000000000000000000000000000000000031
:106F60000000000000000000000000000000000021
:106F70000000000000000000000000000000000011
:106F80000000000000000000000000000000000001
:106F900000000000000000000000000000000000F1
:106FA00000000000000000000000000000000000E1
:106FB00000000000000000000000000000000000D1
:106FC00000000000000000000000000000000000C1
:106FD00000000000000000000000000000000000B1
:106FE00000000000000000000000000000000000A1
:106FF0000000000000000000000000000000000091
:107000000000000000000000000000000000000080
:107010000000000000000000000000000000000070
:107020000000000000000000000000000000000060
:107030000000000000000000000000000000000050
:107040000000000000000000000000000000000040
:107050000000000000000000000000000000000030
:107060000000000000000000000000000000000020
:107070000000000000000000000000000000000010
:107080000000000000000000000000000000000000
:1070900000000000000000000000000000000000F0
:1070A00000000000000000000000000000000000E0
:1070B00000000000000000000000000000000000D0
:1070C00000000000000000000000000000000000C0
:1070D00000000000000000000000000000000000B0
:1070E00000000000000000000000000000000000A0
:1070F0000000000000000000000000000000000090
:10710000000000000000000000000000000000007F
:10711000000000000000000000000000000000006F
:10712000000000000000000000000000000000005F
:10713000000000000000000000000000000000004F
:10714000000000000000000000000000000000003F
:10715000000000000000000000000000000000002F
:10716000000000000000000000000000000000001F
:10717000000000000000000000000000000000000F
:1071800000000000000000000000000000000000FF
:1071900000000000000000000000000000000000EF
:1071A00000000000000000000000000000000000DF
:1071B00000000000000000000000000000000000CF
:1071C00000000000000000000000000000000000BF
:1071D00000000000000000000000000000000000AF
:1071E000000000000000000000000000000000009F
:1071F000000000000000000000000000000000008F
:10720000000000000000000000000000000000007E
:10721000000000000000000000000000000000006E
:10722000000000000000000000000000000000005E
:10723000000000000000000000000000000000004E
:10724000000000000000000000000000000000003E
:10725000000000000000000000000000000000002E
:10726000000000000000000000000000000000001E
:10727000000000000000000000000000000000000E
:1072800000000000000000000000000000000000FE
:1072900000000000000000000000000000000000EE
:1072A00000000000000000000000000000000000DE
:1072B00000000000000000000000000000000000CE
:1072C00000000000000000000000000000000000BE
:1072D00000000000000000000000000000000000AE
:1072E000000000000000000000000000000000009E
:1072F000000000000000000000000000000000008E
:10730000000000000000000000000000000000007D
:10731000000000000000000000000000000000006D
:10732000000000000000000000000000000000005D
:10733000000000000000000000000000000000004D
:10734000000000000000000000000000000000003D
:10735000000000000000000000000000000000002D
:10736000000000000000000000000000000000001D
:10737000000000000000000000000000000000000D
:1073800000000000000000000000000000000000FD
:1073900000000000000000000000000000000000ED
:1073A00000000000000000000000000000000000DD
:1073B00000000000000000000000000000000000CD
:1073C00000000000000000000000000000000000BD
:1073D00000000000000000000000000000000000AD
:1073E000000000000000000000000000000000009D
:1073F000000000000000000000000000000000008D
:10740000000000000000000000000000000000007C
:10741000000000000000000000000000000000006C
:10742000000000000000000000000000000000005C
:10743000000000000000000000000000000000004C
:10744000000000000000000000000000000000003C
:10745000000000000000000000000000000000002C
:10746000000000000000000000000000000000001C
:10747000000000000000000000000000000000000C
:1074800000000000000000000000000000000000FC
:1074900000000000000000000000000000000000EC
:1074A00000000000000000000000000000000000DC
:1074B00000000000000000000000000000000000CC
:1074C00000000000000000000000000000000000BC
:1074D00000000000000000000000000000000000AC
:1074E000000000000000000000000000000000009C
:1074F000000000000000000000000000000000008C
:10750000000000000000000000000000000000007B
:10751000000000000000000000000000000000006B
:10752000000000000000000000000000000000005B
:10753000000000000000000000000000000000004B
:10754000000000000000000000000000000000003B
:10755000000000000000000000000000000000002B
:10756000000000000000000000000000000000001B
:10757000000000000000000000000000000000000B
:1075800000000000000000000000000000000000FB
:1075900000000000000000000000000000000000EB
:1075A00000000000000000000000000000000000DB
:1075B00000000000000000000000000000000000CB
:1075C00000000000000000000000000000000000BB
:1075D00000000000000000000000000000000000AB
:1075E000000000000000000000000000000000009B
:1075F000000000000000000000000000000000008B
:10760000000000000000000000000000000000007A
:10761000000000000000000000000000000000006A
:10762000000000000000000000000000000000005A
:10763000000000000000000000000000000000004A
:10764000000000000000000000000000000000003A
:10765000000000000000000000000000000000002A
:10766000000000000000000000000000000000001A
:10767000000000000000000000000000000000000A
:1076800000000000000000000000000000000000FA
:1076900000000000000000000000000000000000EA
:1076A00000000000000000000000000000000000DA
:1076B00000000000000000000000000000000000CA
:1076C00000000000000000000000000000000000BA
:1076D00000000000000000000000000000000000AA
:1076E000000000000000000000000000000000009A
:1076F000000000000000000000000000000000008A
:107700000000000000000000000000000000000079
:107710000000000000000000000000000000000069
:107720000000000000000000000000000000000059
:107730000000000000000000000000000000000049
:107740000000000000000000000000000000000039
:107750000000000000000000000000000000000029
:107760000000000000000000000000000000000019
:107770000000000000000000000000000000000009
:1077800000000000000000000000000000000000F9
:1077900000000000000000000000000000000000E9
:1077A00000000000000000000000000000000000D9
:1077B00000000000000000000000000000000000C9
:1077C00000000000000000000000000000000000B9
:1077D00000000000000000000000000000000000A9
:1077E0000000000000000000000000000000000099
:1077F0000000000000000000000000000000000089
:107800000000000000000000000000000000000078
:107810000000000000000000000000000000000068
:107820000000000000000000000000000000000058
:107830000000000000000000000000000000000048
:107840000000000000000000000000000000000038
:107850000000000000000000000000000000000028
:107860000000000000000000000000000000000018
:107870000000000000000000000000000000000008
:1078800000000000000000000000000000000000F8
:1078900000000000000000000000000000000000E8
:1078A00000000000000000000000000000000000D8
:1078B00000000000000000000000000000000000C8
:1078C00000000000000000000000000000000000B8
:1078D00000000000000000000000000000000000A8
:1078E0000000000000000000000000000000000098
:1078F0000000000000000000000000000000000088
:107900000000000000000000000000000000000077
:107910000000000000000000000000000000000067
:107920000000000000000000000000000000000057
:107930000000000000000000000000000000000047
:107940000000000000000000000000000000000037
:107950000000000000000000000000000000000027
:107960000000000000000000000000000000000017
:107970000000000000000000000000000000000007
:1079800000000000000000000000000000000000F7
:1079900000000000000000000000000000000000E7
:1079A00000000000000000000000000000000000D7
:1079B00000000000000000000000000000000000C7
:1079C00000000000000000000000000000000000B7
:1079D00000000000000000000000000000000000A7
:1079E0000000000000000000000000000000000097
:1079F0000000000000000000000000000000000087
:107A00000000000000000000000000000000000076
:107A10000000000000000000000000000000000066
:107A20000000000000000000000000000000000056
:107A30000000000000000000000000000000000046
:107A40000000000000000000000000000000000036
:107A50000000000000000000000000000000000026
:107A60000000000000000000000000000000000016
:107A70000000000000000000000000000000000006
:107A800000000000000000000000000000000000F6
:107A900000000000000000000000000000000000E6
:107AA00000000000000000000000000000000000D6
:107AB00000000000000000000000000000000000C6
:107AC00000000000000000000000000000000000B6
:107AD00000000000000000000000000000000000A6
:107AE0000000000000000000000000000000000096
:107AF0000000000000000000000000000000000086
:107B00000000000000000000000000000000000075
:107B10000000000000000000000000000000000065
:107B20000000000000000000000000000000000055
:107B30000000000000000000000000000000000045
:107B40000000000000000000000000000000000035
:107B50000000000000000000000000000000000025
:107B60000000000000000000000000000000000015
:107B70000000000000000000000000000000000005
:107B800000000000000000000000000000000000F5
:107B900000000000000000000000000000000000E5
:107BA00000000000000000000000000000000000D5
:107BB00000000000000000000000000000000000C5
:107BC00000000000000000000000000000000000B5
:107BD00000000000000000000000000000000000A5
:107BE0000000000000000000000000000000000095
:107BF0000000000000000000000000000000000085
:107C00000000000000000000000000000000000074
:107C10000000000000000000000000000000000064
:107C20000000000000000000000000000000000054
:107C30000000000000000000000000000000000044
:107C40000000000000000000000000000000000034
:107C50000000000000000000000000000000000024
:107C60000000000000000000000000000000000014
:107C70000000000000000000000000000000000004
:107C800000000000000000000000000000000000F4
:107C900000000000000000000000000000000000E4
:107CA00000000000000000000000000000000000D4
:107CB00000000000000000000000000000000000C4
:107CC00000000000000000000000000000000000B4
:107CD00000000000000000000000000000000000A4
:107CE0000000000000000000000000000000000094
:107CF0000000000000000000000000000000000084
:107D00000000000000000000000000000000000073
:107D10000000000000000000000000000000000063
:107D20000000000000000000000000000000000053
:107D30000000000000000000000000000000000043
:107D40000000000000000000000000000000000033
:107D50000000000000000000000000000000000023
:107D60000000000000000000000000000000000013
:107D70000000000000000000000000000000000003
:107D800000000000000000000000000000000000F3
:107D900000000000000000000000000000000000E3
:107DA00000000000000000000000000000000000D3
:107DB00000000000000000000000000000000000C3
:107DC00000000000000000000000000000000000B3
:107DD00000000000000000000000000000000000A3
:107DE0000000000000000000000000000000000093
:107DF0000000000000000000000000000000000083
:107E00000000000000000000000000000000000072
:107E10000000000000000000000000000000000062
:107E20000000000000000000000000000000000052
:107E30000000000000000000000000000000000042
:107E40000000000000000000000000000000000032
:107E50000000000000000000000000000000000022
:107E60000000000000000000000000000000000012
:107E70000000000000000000000000000000000002
:107E800000000000000000000000000000000000F2
:107E900000000000000000000000000000000000E2
:107EA00000000000000000000000000000000000D2
:107EB00000000000000000000000000000000000C2
:107EC00000000000000000000000000000000000B2
:107ED00000000000000000000000000000000000A2
:107EE0000000000000000000000000000000000092
:107EF0000000000000000000000000000000000082
:107F00000000000000000000000000000000000071
:107F10000000000000000000000000000000000061
:107F20000000000000000000000000000000000051
:107F30000000000000000000000000000000000041
:107F40000000000000000000000000000000000031
:107F50000000000000000000000000000000000021
:107F60000000000000000000000000000000000011
:107F70000000000000000000000000000000000001
:107F800000000000000000000000000000000000F1
:107F900000000000000000000000000000000000E1
:107FA00000000000000000000000000000000000D1
:107FB00000000000000000000000000000000000C1
:107FC00000000000000000000000000000000000B1
:107FD00000000000000000000000000000000000A1
:107FE0000000000000000000000000000000000091
:107FF0000000000000000000000000000000000081
:108000000000000000000000000000000000000070
:108010000000000000000000000000000000000060
:108020000000000000000000000000000000000050
:108030000000000000000000000000000000000040
:108040000000000000000000000000000000000030
:108050000000000000000000000000000000000020
:108060000000000000000000000000000000000010
:108070000000000000000000000000000000000000
:1080800000000000000000000000000000000000F0
:1080900000000000000000000000000000000000E0
:1080A00000000000000000000000000000000000D0
:1080B00000000000000000000000000000000000C0
:1080C00000000000000000000000000000000000B0
:1080D00000000000000000000000000000000000A0
:1080E0000000000000000000000000000000000090
:1080F0000000000000000000000000000000000080
:10810000000000000000000000000000000000006F
:10811000000000000000000000000000000000005F
:10812000000000000000000000000000000000004F
:10813000000000000000000000000000000000003F
:10814000000000000000000000000000000000002F
:10815000000000000000000000000000000000001F
:10816000000000000000000000000000000000000F
:1081700000000000000000000000000000000000FF
:1081800000000000000000000000000000000000EF
:1081900000000000000000000000000000000000DF
:1081A00000000000000000000000000000000000CF
:1081B00000000000000000000000000000000000BF
:1081C00000000000000000000000000000000000AF
:1081D000000000000000000000000000000000009F
:1081E000000000000000000000000000000000008F
:1081F000000000000000000000000000000000007F
:10820000000000000000000000000000000000006E
:10821000000000000000000000000000000000005E
:10822000000000000000000000000000000000004E
:10823000000000000000000000000000000000003E
:10824000000000000000000000000000000000002E
:10825000000000000000000000000000000000001E
:10826000000000000000000000000000000000000E
:1082700000000000000000000000000000000000FE
:1082800000000000000000000000000000000000EE
:1082900000000000000000000000000000000000DE
:1082A00000000000000000000000000000000000CE
:1082B00000000000000000000000000000000000BE
:1082C00000000000000000000000000000000000AE
:1082D000000000000000000000000000000000009E
:1082E000000000000000000000000000000000008E
:1082F000000000000000000000000000000000007E
:10830000000000000000000000000000000000006D
:10831000000000000000000000000000000000005D
:10832000000000000000000000000000000000004D
:10833000000000000000000000000000000000003D
:10834000000000000000000000000000000000002D
:10835000000000000000000000000000000000001D
:10836000000000000000000000000000000000000D
:1083700000000000000000000000000000000000FD
:1083800000000000000000000000000000000000ED
:1083900000000000000000000000000000000000DD
:1083A00000000000000000000000000000000000CD
:1083B00000000000000000000000000000000000BD
:1083C00000000000000000000000000000000000AD
:1083D000000000000000000000000000000000009D
:1083E000000000000000000000000000000000008D
:1083F000000000000000000000000000000000007D
:10840000000000000000000000000000000000006C
:10841000000000000000000000000000000000005C
:10842000000000000000000000000000000000004C
:10843000000000000000000000000000000000003C
:10844000000000000000000000000000000000002C
:10845000000000000000000000000000000000001C
:10846000000000000000000000000000000000000C
:1084700000000000000000000000000000000000FC
:1084800000000000000000000000000000000000EC
:1084900000000000000000000000000000000000DC
:1084A00000000000000000000000000000000000CC
:1084B00000000000000000000000000000000000BC
:1084C00000000000000000000000000000000000AC
:1084D000000000000000000000000000000000009C
:1084E000000000000000000000000000000000008C
:1084F000000000000000000000000000000000007C
:10850000000000000000000000000000000000006B
:10851000000000000000000000000000000000005B
:10852000000000000000000000000000000000004B
:10853000000000000000000000000000000000003B
:10854000000000000000000000000000000000002B
:10855000000000000000000000000000000000001B
:10856000000000000000000000000000000000000B
:1085700000000000000000000000000000000000FB
:1085800000000000000000000000000000000000EB
:1085900000000000000000000000000000000000DB
:1085A00000000000000000000000000000000000CB
:1085B00000000000000000000000000000000000BB
:1085C00000000000000000000000000000000000AB
:1085D000000000000000000000000000000000009B
:1085E000000000000000000000000000000000008B
:1085F000000000000000000000000000000000007B
:10860000000000000000000000000000000000006A
:10861000000000000000000000000000000000005A
:10862000000000000000000000000000000000004A
:10863000000000000000000000000000000000003A
:10864000000000000000000000000000000000002A
:10865000000000000000000000000000000000001A
:10866000000000000000000000000000000000000A
:1086700000000000000000000000000000000000FA
:1086800000000000000000000000000000000000EA
:1086900000000000000000000000000000000000DA
:1086A00000000000000000000000000000000000CA
:1086B00000000000000000000000000000000000BA
:1086C00000000000000000000000000000000000AA
:1086D000000000000000000000000000000000009A
:1086E000000000000000000000000000000000008A
:1086F000000000000000000000000000000000007A
:108700000000000000000000000000000000000069
:108710000000000000000000000000000000000059
:108720000000000000000000000000000000000049
:108730000000000000000000000000000000000039
:108740000000000000000000000000000000000029
:108750000000000000000000000000000000000019
:108760000000000000000000000000000000000009
:1087700000000000000000000000000000000000F9
:1087800000000000000000000000000000000000E9
:1087900000000000000000000000000000000000D9
:1087A00000000000000000000000000000000000C9
:1087B00000000000000000000000000000000000B9
:1087C00000000000000000000000000000000000A9
:1087D0000000000000000000000000000000000099
:1087E0000000000000000000000000000000000089
:1087F0000000000000000000000000000000000079
:108800000000000000000000000000000000000068
:108810000000000000000000000000000000000058
:108820000000000000000000000000000000000048
:108830000000000000000000000000000000000038
:108840000000000000000000000000000000000028
:108850000000000000000000000000000000000018
:108860000000000000000000000000000000000008
:1088700000000000000000000000000000000000F8
:1088800000000000000000000000000000000000E8
:1088900000000000000000000000000000000000D8
:1088A00000000000000000000000000000000000C8
:1088B00000000000000000000000000000000000B8
:1088C00000000000000000000000000000000000A8
:1088D0000000000000000000000000000000000098
:1088E0000000000000000000000000000000000088
:1088F0000000000000000000000000000000000078
:108900000000000000000000000000000000000067
:108910000000000000000000000000000000000057
:108920000000000000000000000000000000000047
:108930000000000000000000000000000000000037
:108940000000000000000000000000000000000027
:108950000000000000000000000000000000000017
:108960000000000000000000000000000000000007
:1089700000000000000000000000000000000000F7
:1089800000000000000000000000000000000000E7
:1089900000000000000000000000000000000000D7
:1089A00000000000000000000000000000000000C7
:1089B00000000000000000000000000000000000B7
:1089C00000000000000000000000000000000000A7
:1089D0000000000000000000000000000000000097
:1089E0000000000000000000000000000000000087
:1089F0000000000000000000000000000000000077
:108A00000000000000000000000000000000000066
:108A10000000000000000000000000000000000056
:108A20000000000000000000000000000000000046
:108A30000000000000000000000000000000000036
:108A40000000000000000000000000000000000026
:108A50000000000000000000000000000000000016
:108A60000000000000000000000000000000000006
:108A700000000000000000000000000000000000F6
:108A800000000000000000000000000000000000E6
:108A900000000000000000000000000000000000D6
:108AA00000000000000000000000000000000000C6
:108AB00000000000000000000000000000000000B6
:108AC00000000000000000000000000000000000A6
:108AD0000000000000000000000000000000000096
:108AE0000000000000000000000000000000000086
:108AF0000000000000000000000000000000000076
:108B00000000000000000000000000000000000065
:108B10000000000000000000000000000000000055
:108B20000000000000000000000000000000000045
:108B30000000000000000000000000000000000035
:108B40000000000000000000000000000000000025
:108B50000000000000000000000000000000000015
:108B60000000000000000000000000000000000005
:108B700000000000000000000000000000000000F5
:108B800000000000000000000000000000000000E5
:108B900000000000000000000000000000000000D5
:108BA00000000000000000000000000000000000C5
:108BB00000000000000000000000000000000000B5
:108BC00000000000000000000000000000000000A5
:108BD0000000000000000000000000000000000095
:108BE0000000000000000000000000000000000085
:108BF0000000000000000000000000000000000075
:108C00000000000000000000000000000000000064
:108C10000000000000000000000000000000000054
:108C20000000000000000000000000000000000044
:108C30000000000000000000000000000000000034
:108C40000000000000000000000000000000000024
:108C50000000000000000000000000000000000014
:108C60000000000000000000000000000000000004
:108C700000000000000000000000000000000000F4
:108C800000000000000000000000000000000000E4
:108C900000000000000000000000000000000000D4
:108CA00000000000000000000000000000000000C4
:108CB00000000000000000000000000000000000B4
:108CC00000000000000000000000000000000000A4
:108CD0000000000000000000000000000000000094
:108CE0000000000000000000000000000000000084
:108CF0000000000000000000000000000000000074
:108D00000000000000000000000000000000000063
:108D10000000000000000000000000000000000053
:108D20000000000000000000000000000000000043
:108D30000000000000000000000000000000000033
:108D40000000000000000000000000000000000023
:108D50000000000000000000000000000000000013
:108D60000000000000000000000000000000000003
:108D700000000000000000000000000000000000F3
:108D800000000000000000000000000000000000E3
:108D900000000000000000000000000000000000D3
:108DA00000000000000000000000000000000000C3
:108DB00000000000000000000000000000000000B3
:108DC00000000000000000000000000000000000A3
:108DD0000000000000000000000000000000000093
:108DE0000000000000000000000000000000000083
:108DF0000000000000000000000000000000000073
:108E00000000000000000000000000000000000062
:108E10000000000000000000000000000000000052
:108E20000000000000000000000000000000000042
:108E30000000000000000000000000000000000032
:108E40000000000000000000000000000000000022
:108E50000000000000000000000000000000000012
:108E60000000000000000000000000000000000002
:108E700000000000000000000000000000000000F2
:108E800000000000000000000000000000000000E2
:108E900000000000000000000000000000000000D2
:108EA00000000000000000000000000000000000C2
:108EB00000000000000000000000000000000000B2
:108EC00000000000000000000000000000000000A2
:108ED0000000000000000000000000000000000092
:108EE0000000000000000000000000000000000082
:108EF0000000000000000000000000000000000072
:108F00000000000000000000000000000000000061
:108F10000000000000000000000000000000000051
:108F20000000000000000000000000000000000041
:108F30000000000000000000000000000000000031
:108F40000000000000000000000000000000000021
:108F50000000000000000000000000000000000011
:108F60000000000000000000000000000000000001
:108F700000000000000000000000000000000000F1
:108F800000000000000000000000000000000000E1
:108F900000000000000000000000000000000000D1
:108FA00000000000000000000000000000000000C1
:108FB00000000000000000000000000000000000B1
:108FC00000000000000000000000000000000000A1
:108FD0000000000000000000000000000000000091
:108FE0000000000000000000000000000000000081
:108FF0000000000000000000000000000000000071
:109000000000000000000000000000000000000060
:109010000000000000000000000000000000000050
:109020000000000000000000000000000000000040
:109030000000000000000000000000000000000030
:109040000000000000000000000000000000000020
:109050000000000000000000000000000000000010
:109060000000000000000000000000000000000000
:1090700000000000000000000000000000000000F0
:1090800000000000000000000000000000000000E0
:1090900000000000000000000000000000000000D0
:1090A00000000000000000000000000000000000C0
:1090B00000000000000000000000000000000000B0
:1090C00000000000000000000000000000000000A0
:1090D0000000000000000000000000000000000090
:1090E0000000000000000000000000000000000080
:1090F0000000000000000000000000000000000070
:10910000000000000000000000000000000000005F
:10911000000000000000000000000000000000004F
:10912000000000000000000000000000000000003F
:10913000000000000000000000000000000000002F
:10914000000000000000000000000000000000001F
:10915000000000000000000000000000000000000F
:1091600000000000000000000000000000000000FF
:1091700000000000000000000000000000000000EF
:1091800000000000000000000000000000000000DF
:1091900000000000000000000000000000000000CF
:1091A00000000000000000000000000000000000BF
:1091B00000000000000000000000000000000000AF
:1091C000000000000000000000000000000000009F
:1091D000000000000000000000000000000000008F
:1091E000000000000000000000000000000000007F
:1091F000000000000000000000000000000000006F
:10920000000000000000000000000000000000005E
:10921000000000000000000000000000000000004E
:10922000000000000000000000000000000000003E
:10923000000000000000000000000000000000002E
:10924000000000000000000000000000000000001E
:10925000000000000000000000000000000000000E
:1092600000000000000000000000000000000000FE
:1092700000000000000000000000000000000000EE
:1092800000000000000000000000000000000000DE
:1092900000000000000000000000000000000000CE
:1092A00000000000000000000000000000000000BE
:1092B00000000000000000000000000000000000AE
:1092C000000000000000000000000000000000009E
:1092D000000000000000000000000000000000008E
:1092E000000000000000000000000000000000007E
:1092F000000000000000000000000000000000006E
:10930000000000000000000000000000000000005D
:10931000000000000000000000000000000000004D
:10932000000000000000000000000000000000003D
:10933000000000000000000000000000000000002D
:10934000000000000000000000000000000000001D
:10935000000000000000000000000000000000000D
:1093600000000000000000000000000000000000FD
:1093700000000000000000000000000000000000ED
:1093800000000000000000000000000000000000DD
:1093900000000000000000000000000000000000CD
:1093A00000000000000000000000000000000000BD
:1093B00000000000000000000000000000000000AD
:1093C000000000000000000000000000000000009D
:1093D000000000000000000000000000000000008D
:1093E000000000000000000000000000000000007D
:1093F000000000000000000000000000000000006D
:10940000000000000000000000000000000000005C
:10941000000000000000000000000000000000004C
:10942000000000000000000000000000000000003C
:10943000000000000000000000000000000000002C
:10944000000000000000000000000000000000001C
:10945000000000000000000000000000000000000C
:1094600000000000000000000000000000000000FC
:1094700000000000000000000000000000000000EC
:1094800000000000000000000000000000000000DC
:1094900000000000000000000000000000000000CC
:1094A00000000000000000000000000000000000BC
:1094B00000000000000000000000000000000000AC
:1094C000000000000000000000000000000000009C
:1094D000000000000000000000000000000000008C
:1094E000000000000000000000000000000000007C
:1094F000000000000000000000000000000000006C
:10950000000000000000000000000000000000005B
:10951000000000000000000000000000000000004B
:10952000000000000000000000000000000000003B
:10953000000000000000000000000000000000002B
:10954000000000000000000000000000000000001B
:10955000000000000000000000000000000000000B
:1095600000000000000000000000000000000000FB
:1095700000000000000000000000000000000000EB
:1095800000000000000000000000000000000000DB
:1095900000000000000000000000000000000000CB
:1095A00000000000000000000000000000000000BB
:1095B00000000000000000000000000000000000AB
:1095C000000000000000000000000000000000009B
:1095D000000000000000000000000000000000008B
:1095E000000000000000000000000000000000007B
:1095F000000000000000000000000000000000006B
:10960000000000000000000000000000000000005A
:10961000000000000000000000000000000000004A
:10962000000000000000000000000000000000003A
:10963000000000000000000000000000000000002A
:10964000000000000000000000000000000000001A
:10965000000000000000000000000000000000000A
:1096600000000000000000000000000000000000FA
:1096700000000000000000000000000000000000EA
:1096800000000000000000000000000000000000DA
:1096900000000000000000000000000000000000CA
:1096A00000000000000000000000000000000000BA
:1096B00000000000000000000000000000000000AA
:1096C000000000000000000000000000000000009A
:1096D000000000000000000000000000000000008A
:1096E000000000000000000000000000000000007A
:1096F000000000000000000000000000000000006A
:109700000000000000000000000000000000000059
:109710000000000000000000000000000000000049
:109720000000000000000000000000000000000039
:109730000000000000000000000000000000000029
:109740000000000000000000000000000000000019
:109750000000000000000000000000000000000009
:1097600000000000000000000000000000000000F9
:1097700000000000000000000000000000000000E9
:1097800000000000000000000000000000000000D9
:1097900000000000000000000000000000000000C9
:1097A00000000000000000000000000000000000B9
:1097B00000000000000000000000000000000000A9
:1097C0000000000000000000000000000000000099
:1097D0000000000000000000000000000000000089
:1097E0000000000000000000000000000000000079
:1097F0000000000000000000000000000000000069
:109800000000000000000000000000000000000058
:109810000000000000000000000000000000000048
:109820000000000000000000000000000000000038
:109830000000000000000000000000000000000028
:109840000000000000000000000000000000000018
:109850000000000000000000000000000000000008
:1098600000000000000000000000000000000000F8
:1098700000000000000000000000000000000000E8
:1098800000000000000000000000000000000000D8
:1098900000000000000000000000000000000000C8
:1098A00000000000000000000000000000000000B8
:1098B00000000000000000000000000000000000A8
:1098C0000000000000000000000000000000000098
:1098D0000000000000000000000000000000000088
:1098E0000000000000000000000000000000000078
:1098F0000000000000000000000000000000000068
:109900000000000000000000000000000000000057
:109910000000000000000000000000000000000047
:109920000000000000000000000000000000000037
:109930000000000000000000000000000000000027
:109940000000000000000000000000000000000017
:109950000000000000000000000000000000000007
:1099600000000000000000000000000000000000F7
:1099700000000000000000000000000000000000E7
:1099800000000000000000000000000000000000D7
:1099900000000000000000000000000000000000C7
:1099A00000000000000000000000000000000000B7
:1099B00000000000000000000000000000000000A7
:1099C0000000000000000000000000000000000097
:1099D0000000000000000000000000000000000087
:1099E0000000000000000000000000000000000077
:1099F0000000000000000000000000000000000067
:109A00000000000000000000000000000000000056
:109A10000000000000000000000000000000000046
:109A20000000000000000000000000000000000036
:109A30000000000000000000000000000000000026
:109A40000000000000000000000000000000000016
:109A50000000000000000000000000000000000006
:109A600000000000000000000000000000000000F6
:109A700000000000000000000000000000000000E6
:109A800000000000000000000000000000000000D6
:109A900000000000000000000000000000000000C6
:109AA00000000000000000000000000000000000B6
:109AB00000000000000000000000000000000000A6
:109AC0000000000000000000000000000000000096
:109AD0000000000000000000000000000000000086
:109AE0000000000000000000000000000000000076
:109AF0000000000000000000000000000000000066
:109B00000000000000000000000000000000000055
:109B10000000000000000000000000000000000045
:109B20000000000000000000000000000000000035
:109B30000000000000000000000000000000000025
:109B40000000000000000000000000000000000015
:109B50000000000000000000000000000000000005
:109B600000000000000000000000000000000000F5
:109B700000000000000000000000000000000000E5
:109B800000000000000000000000000000000000D5
:109B900000000000000000000000000000000000C5
:109BA00000000000000000000000000000000000B5
:109BB00000000000000000000000000000000000A5
:109BC0000000000000000000000000000000000095
:109BD0000000000000000000000000000000000085
:109BE0000000000000000000000000000000000075
:109BF0000000000000000000000000000000000065
:109C00000000000000000000000000000000000054
:109C10000000000000000000000000000000000044
:109C20000000000000000000000000000000000034
:109C30000000000000000000000000000000000024
:109C40000000000000000000000000000000000014
:109C50000000000000000000000000000000000004
:109C600000000000000000000000000000000000F4
:109C700000000000000000000000000000000000E4
:109C800000000000000000000000000000000000D4
:109C900000000000000000000000000000000000C4
:109CA00000000000000000000000000000000000B4
:109CB00000000000000000000000000000000000A4
:109CC0000000000000000000000000000000000094
:109CD0000000000000000000000000000000000084
:109CE0000000000000000000000000000000000074
:109CF0000000000000000000000000000000000064
:109D00000000000000000000000000000000000053
:109D10000000000000000000000000000000000043
:109D20000000000000000000000000000000000033
:109D30000000000000000000000000000000000023
:109D40000000000000000000000000000000000013
:109D50000000000000000000000000000000000003
:109D600000000000000000000000000000000000F3
:109D700000000000000000000000000000000000E3
:109D800000000000000000000000000000000000D3
:109D900000000000000000000000000000000000C3
:109DA00000000000000000000000000000000000B3
:109DB00000000000000000000000000000000000A3
:109DC0000000000000000000000000000000000093
:109DD0000000000000000000000000000000000083
:109DE0000000000000000000000000000000000073
:109DF0000000000000000000000000000000000063
:109E00000000000000000000000000000000000052
:109E10000000000000000000000000000000000042
:109E20000000000000000000000000000000000032
:109E30000000000000000000000000000000000022
:109E40000000000000000000000000000000000012
:109E50000000000000000000000000000000000002
:109E600000000000000000000000000000000000F2
:109E700000000000000000000000000000000000E2
:109E800000000000000000000000000000000000D2
:109E900000000000000000000000000000000000C2
:109EA00000000000000000000000000000000000B2
:109EB00000000000000000000000000000000000A2
:109EC0000000000000000000000000000000000092
:109ED0000000000000000000000000000000000082
:109EE0000000000000000000000000000000000072
:109EF0000000000000000000000000000000000062
:109F00000000000000000000000000000000000051
:109F10000000000000000000000000000000000041
:109F20000000000000000000000000000000000031
:109F30000000000000000000000000000000000021
:109F40000000000000000000000000000000000011
:109F50000000000000000000000000000000000001
:109F600000000000000000000000000000000000F1
:109F700000000000000000000000000000000000E1
:109F800000000000000000000000000000000000D1
:109F900000000000000000000000000000000000C1
:109FA00000000000000000000000000000000000B1
:109FB00000000000000000000000000000000000A1
:109FC0000000000000000000000000000000000091
:109FD0000000000000000000000000000000000081
:109FE0000000000000000000000000000000000071
:109FF0000000000000000000000000000000000061
:10A000000000000000000000000000000000000050
:10A010000000000000000000000000000000000040
:10A020000000000000000000000000000000000030
:10A030000000000000000000000000000000000020
:10A040000000000000000000000000000000000010
:10A050000000000000000000000000000000000000
:10A0600000000000000000000000000000000000F0
:10A0700000000000000000000000000000000000E0
:10A0800000000000000000000000000000000000D0
:10A0900000000000000000000000000000000000C0
:10A0A00000000000000000000000000000000000B0
:10A0B00000000000000000000000000000000000A0
:10A0C0000000000000000000000000000000000090
:10A0D0000000000000000000000000000000000080
:10A0E0000000000000000000000000000000000070
:10A0F0000000000000000000000000000000000060
:10A10000000000000000000000000000000000004F
:10A11000000000000000000000000000000000003F
:10A12000000000000000000000000000000000002F
:10A13000000000000000000000000000000000001F
:10A14000000000000000000000000000000000000F
:10A1500000000000000000000000000000000000FF
:10A1600000000000000000000000000000000000EF
:10A1700000000000000000000000000000000000DF
:10A1800000000000000000000000000000000000CF
:10A1900000000000000000000000000000000000BF
:10A1A00000000000000000000000000000000000AF
:10A1B000000000000000000000000000000000009F
:10A1C000000000000000000000000000000000008F
:10A1D000000000000000000000000000000000007F
:10A1E000000000000000000000000000000000006F
:10A1F000000000000000000000000000000000005F
:10A20000000000000000000000000000000000004E
:10A21000000000000000000000000000000000003E
:10A22000000000000000000000000000000000002E
:10A23000000000000000000000000000000000001E
:10A24000000000000000000000000000000000000E
:10A2500000000000000000000000000000000000FE
:10A2600000000000000000000000000000000000EE
:10A2700000000000000000000000000000000000DE
:10A2800000000000000000000000000000000000CE
:10A2900000000000000000000000000000000000BE
:10A2A00000000000000000000000000000000000AE
:10A2B000000000000000000000000000000000009E
:10A2C000000000000000000000000000000000008E
:10A2D000000000000000000000000000000000007E
:10A2E000000000000000000000000000000000006E
:10A2F000000000000000000000000000000000005E
:10A30000000000000000000000000000000000004D
:10A31000000000000000000000000000000000003D
:10A32000000000000000000000000000000000002D
:10A33000000000000000000000000000000000001D
:10A34000000000000000000000000000000000000D
:10A3500000000000000000000000000000000000FD
:10A3600000000000000000000000000000000000ED
:10A3700000000000000000000000000000000000DD
:10A3800000000000000000000000000000000000CD
:10A3900000000000000000000000000000000000BD
:10A3A00000000000000000000000000000000000AD
:10A3B000000000000000000000000000000000009D
:10A3C000000000000000000000000000000000008D
:10A3D000000000000000000000000000000000007D
:10A3E000000000000000000000000000000000006D
:10A3F000000000000000000000000000000000005D
:10A40000000000000000000000000000000000004C
:10A41000000000000000000000000000000000003C
:10A42000000000000000000000000000000000002C
:10A43000000000000000000000000000000000001C
:10A44000000000000000000000000000000000000C
:10A4500000000000000000000000000000000000FC
:10A4600000000000000000000000000000000000EC
:10A4700000000000000000000000000000000000DC
:10A4800000000000000000000000000000000000CC
:10A4900000000000000000000000000000000000BC
:10A4A00000000000000000000000000000000000AC
:10A4B000000000000000000000000000000000009C
:10A4C000000000000000000000000000000000008C
:10A4D000000000000000000000000000000000007C
:10A4E000000000000000000000000000000000006C
:10A4F000000000000000000000000000000000005C
:10A50000000000000000000000000000000000004B
:10A51000000000000000000000000000000000003B
:10A52000000000000000000000000000000000002B
:10A53000000000000000000000000000000000001B
:10A54000000000000000000000000000000000000B
:10A5500000000000000000000000000000000000FB
:10A5600000000000000000000000000000000000EB
:10A5700000000000000000000000000000000000DB
:10A5800000000000000000000000000000000000CB
:10A5900000000000000000000000000000000000BB
:10A5A00000000000000000000000000000000000AB
:10A5B000000000000000000000000000000000009B
:10A5C000000000000000000000000000000000008B
:10A5D000000000000000000000000000000000007B
:10A5E000000000000000000000000000000000006B
:10A5F000000000000000000000000000000000005B
:10A60000000000000000000000000000000000004A
:10A61000000000000000000000000000000000003A
:10A62000000000000000000000000000000000002A
:10A63000000000000000000000000000000000001A
:10A64000000000000000000000000000000000000A
:10A6500000000000000000000000000000000000FA
:10A6600000000000000000000000000000000000EA
:10A6700000000000000000000000000000000000DA
:10A6800000000000000000000000000000000000CA
:10A6900000000000000000000000000000000000BA
:10A6A00000000000000000000000000000000000AA
:10A6B000000000000000000000000000000000009A
:10A6C000000000000000000000000000000000008A
:10A6D000000000000000000000000000000000007A
:10A6E000000000000000000000000000000000006A
:10A6F000000000000000000000000000000000005A
:10A700000000000000000000000000000000000049
:10A710000000000000000000000000000000000039
:10A720000000000000000000000000000000000029
:10A730000000000000000000000000000000000019
:10A740000000000000000000000000000000000009
:10A7500000000000000000000000000000000000F9
:10A7600000000000000000000000000000000000E9
:10A7700000000000000000000000000000000000D9
:10A7800000000000000000000000000000000000C9
:10A7900000000000000000000000000000000000B9
:10A7A00000000000000000000000000000000000A9
:10A7B0000000000000000000000000000000000099
:10A7C0000000000000000000000000000000000089
:10A7D0000000000000000000000000000000000079
:10A7E0000000000000000000000000000000000069
:10A7F0000000000000000000000000000000000059
:10A800000000000000000000000000000000000048
:10A810000000000000000000000000000000000038
:10A820000000000000000000000000000000000028
:10A830000000000000000000000000000000000018
:10A840000000000000000000000000000000000008
:10A8500000000000000000000000000000000000F8
:10A8600000000000000000000000000000000000E8
:10A8700000000000000000000000000000000000D8
:10A8800000000000000000000000000000000000C8
:10A8900000000000000000000000000000000000B8
:10A8A00000000000000000000000000000000000A8
:10A8B0000000000000000000000000000000000098
:10A8C0000000000000000000000000000000000088
:10A8D0000000000000000000000000000000000078
:10A8E0000000000000000000000000000000000068
:10A8F0000000000000000000000000000000000058
:10A900000000000000000000000000000000000047
:10A910000000000000000000000000000000000037
:10A920000000000000000000000000000000000027
:10A930000000000000000000000000000000000017
:10A940000000000000000000000000000000000007
:10A9500000000000000000000000000000000000F7
:10A9600000000000000000000000000000000000E7
:10A9700000000000000000000000000000000000D7
:10A9800000000000000000000000000000000000C7
:10A9900000000000000000000000000000000000B7
:10A9A00000000000000000000000000000000000A7
:10A9B0000000000000000000000000000000000097
:10A9C0000000000000000000000000000000000087
:10A9D0000000000000000000000000000000000077
:10A9E0000000000000000000000000000000000067
:10A9F0000000000000000000000000000000000057
:10AA00000000000000000000000000000000000046
:10AA10000000000000000000000000000000000036
:10AA20000000000000000000000000000000000026
:10AA30000000000000000000000000000000000016
:10AA40000000000000000000000000000000000006
:10AA500000000000000000000000000000000000F6
:10AA600000000000000000000000000000000000E6
:10AA700000000000000000000000000000000000D6
:10AA800000000000000000000000000000000000C6
:10AA900000000000000000000000000000000000B6
:10AAA00000000000000000000000000000000000A6
:10AAB0000000000000000000000000000000000096
:10AAC0000000000000000000000000000000000086
:10AAD0000000000000000000000000000000000076
:10AAE0000000000000000000000000000000000066
:10AAF0000000000000000000000000000000000056
:10AB00000000000000000000000000000000000045
:10AB10000000000000000000000000000000000035
:10AB20000000000000000000000000000000000025
:10AB30000000000000000000000000000000000015
:10AB40000000000000000000000000000000000005
:10AB500000000000000000000000000000000000F5
:10AB600000000000000000000000000000000000E5
:10AB700000000000000000000000000000000000D5
:10AB800000000000000000000000000000000000C5
:10AB900000000000000000000000000000000000B5
:10ABA00000000000000000000000000000000000A5
:10ABB0000000000000000000000000000000000095
:10ABC0000000000000000000000000000000000085
:10ABD0000000000000000000000000000000000075
:10ABE0000000000000000000000000000000000065
:10ABF0000000000000000000000000000000000055
:10AC00000000000000000000000000000000000044
:10AC10000000000000000000000000000000000034
:10AC20000000000000000000000000000000000024
:10AC30000000000000000000000000000000000014
:10AC40000000000000000000000000000000000004
:10AC500000000000000000000000000000000000F4
:10AC600000000000000000000000000000000000E4
:10AC700000000000000000000000000000000000D4
:10AC800000000000000000000000000000000000C4
:10AC900000000000000000000000000000000000B4
:10ACA00000000000000000000000000000000000A4
:10ACB0000000000000000000000000000000000094
:10ACC0000000000000000000000000000000000084
:10ACD0000000000000000000000000000000000074
:10ACE0000000000000000000000000000000000064
:10ACF0000000000000000000000000000000000054
:10AD00000000000000000000000000000000000043
:10AD10000000000000000000000000000000000033
:10AD20000000000000000000000000000000000023
:10AD30000000000000000000000000000000000013
:10AD40000000000000000000000000000000000003
:10AD500000000000000000000000000000000000F3
:10AD600000000000000000000000000000000000E3
:10AD700000000000000000000000000000000000D3
:10AD800000000000000000000000000000000000C3
:10AD900000000000000000000000000000000000B3
:10ADA00000000000000000000000000000000000A3
:10ADB0000000000000000000000000000000000093
:10ADC0000000000000000000000000000000000083
:10ADD0000000000000000000000000000000000073
:10ADE0000000000000000000000000000000000063
:10ADF0000000000000000000000000000000000053
:10AE00000000000000000000000000000000000042
:10AE10000000000000000000000000000000000032
:10AE20000000000000000000000000000000000022
:10AE30000000000000000000000000000000000012
:10AE40000000000000000000000000000000000002
:10AE500000000000000000000000000000000000F2
:10AE600000000000000000000000000000000000E2
:10AE700000000000000000000000000000000000D2
:10AE800000000000000000000000000000000000C2
:10AE900000000000000000000000000000000000B2
:10AEA00000000000000000000000000000000000A2
:10AEB0000000000000000000000000000000000092
:10AEC0000000000000000000000000000000000082
:10AED0000000000000000000000000000000000072
:10AEE0000000000000000000000000000000000062
:10AEF0000000000000000000000000000000000052
:10AF00000000000000000000000000000000000041
:10AF10000000000000000000000000000000000031
:10AF20000000000000000000000000000000000021
:10AF30000000000000000000000000000000000011
:10AF40000000000000000000000000000000000001
:10AF500000000000000000000000000000000000F1
:10AF600000000000000000000000000000000000E1
:10AF700000000000000000000000000000000000D1
:10AF800000000000000000000000000000000000C1
:10AF900000000000000000000000000000000000B1
:10AFA00000000000000000000000000000000000A1
:10AFB0000000000000000000000000000000000091
:10AFC0000000000000000000000000000000000081
:10AFD0000000000000000000000000000000000071
:10AFE0000000000000000000000000000000000061
:10AFF0000000000000000000000000000000000051
:10B000000000000000000000000000000000000040
:10B010000000000000000000000000000000000030
:10B020000000000000000000000000000000000020
:10B030000000000000000000000000000000000010
:10B040000000000000000000000000000000000000
:10B0500000000000000000000000000000000000F0
:10B0600000000000000000000000000000000000E0
:10B0700000000000000000000000000000000000D0
:10B0800000000000000000000000000000000000C0
:10B0900000000000000000000000000000000000B0
:10B0A00000000000000000000000000000000000A0
:10B0B0000000000000000000000000000000000090
:10B0C0000000000000000000000000000000000080
:10B0D0000000000000000000000000000000000070
:10B0E0000000000000000000000000000000000060
:10B0F0000000000000000000000000000000000050
:10B10000000000000000000000000000000000003F
:10B11000000000000000000000000000000000002F
:10B12000000000000000000000000000000000001F
:10B13000000000000000000000000000000000000F
:10B1400000000000000000000000000000000000FF
:10B1500000000000000000000000000000000000EF
:10B1600000000000000000000000000000000000DF
:10B1700000000000000000000000000000000000CF
:10B1800000000000000000000000000000000000BF
:10B1900000000000000000000000000000000000AF
:10B1A000000000000000000000000000000000009F
:10B1B000000000000000000000000000000000008F
:10B1C000000000000000000000000000000000007F
:10B1D000000000000000000000000000000000006F
:10B1E000000000000000000000000000000000005F
:10B1F000000000000000000000000000000000004F
:10B20000000000000000000000000000000000003E
:10B21000000000000000000000000000000000002E
:10B22000000000000000000000000000000000001E
:10B23000000000000000000000000000000000000E
:10B2400000000000000000000000000000000000FE
:10B2500000000000000000000000000000000000EE
:10B2600000000000000000000000000000000000DE
:10B2700000000000000000000000000000000000CE
:10B2800000000000000000000000000000000000BE
:10B2900000000000000000000000000000000000AE
:10B2A000000000000000000000000000000000009E
:10B2B000000000000000000000000000000000008E
:10B2C000000000000000000000000000000000007E
:10B2D000000000000000000000000000000000006E
:10B2E000000000000000000000000000000000005E
:10B2F000000000000000000000000000000000004E
:10B30000000000000000000000000000000000003D
:10B31000000000000000000000000000000000002D
:10B32000000000000000000000000000000000001D
:10B33000000000000000000000000000000000000D
:10B3400000000000000000000000000000000000FD
:10B3500000000000000000000000000000000000ED
:10B3600000000000000000000000000000000000DD
:10B3700000000000000000000000000000000000CD
:10B3800000000000000000000000000000000000BD
:10B3900000000000000000000000000000000000AD
:10B3A000000000000000000000000000000000009D
:10B3B000000000000000000000000000000000008D
:10B3C000000000000000000000000000000000007D
:10B3D000000000000000000000000000000000006D
:10B3E000000000000000000000000000000000005D
:10B3F000000000000000000000000000000000004D
:10B40000000000000000000000000000000000003C
:10B41000000000000000000000000000000000002C
:10B42000000000000000000000000000000000001C
:10B43000000000000000000000000000000000000C
:10B4400000000000000000000000000000000000FC
:10B4500000000000000000000000000000000000EC
:10B4600000000000000000000000000000000000DC
:10B4700000000000000000000000000000000000CC
:10B4800000000000000000000000000000000000BC
:10B4900000000000000000000000000000000000AC
:10B4A000000000000000000000000000000000009C
:10B4B000000000000000000000000000000000008C
:10B4C000000000000000000000000000000000007C
:10B4D000000000000000000000000000000000006C
:10B4E000000000000000000000000000000000005C
:10B4F000000000000000000000000000000000004C
:10B50000000000000000000000000000000000003B
:10B51000000000000000000000000000000000002B
:10B52000000000000000000000000000000000001B
:10B53000000000000000000000000000000000000B
:10B5400000000000000000000000000000000000FB
:10B5500000000000000000000000000000000000EB
:10B5600000000000000000000000000000000000DB
:10B5700000000000000000000000000000000000CB
:10B5800000000000000000000000000000000000BB
:10B5900000000000000000000000000000000000AB
:10B5A000000000000000000000000000000000009B
:10B5B000000000000000000000000000000000008B
:10B5C000000000000000000000000000000000007B
:10B5D000000000000000000000000000000000006B
:10B5E000000000000000000000000000000000005B
:10B5F000000000000000000000000000000000004B
:10B60000000000000000000000000000000000003A
:10B61000000000000000000000000000000000002A
:10B62000000000000000000000000000000000001A
:10B63000000000000000000000000000000000000A
:10B6400000000000000000000000000000000000FA
:10B6500000000000000000000000000000000000EA
:10B6600000000000000000000000000000000000DA
:10B6700000000000000000000000000000000000CA
:10B6800000000000000000000000000000000000BA
:10B6900000000000000000000000000000000000AA
:10B6A000000000000000000000000000000000009A
:10B6B000000000000000000000000000000000008A
:10B6C000000000000000000000000000000000007A
:10B6D000000000000000000000000000000000006A
:10B6E000000000000000000000000000000000005A
:10B6F000000000000000000000000000000000004A
:10B700000000000000000000000000000000000039
:10B710000000000000000000000000000000000029
:10B720000000000000000000000000000000000019
:10B730000000000000000000000000000000000009
:10B7400000000000000000000000000000000000F9
:10B7500000000000000000000000000000000000E9
:10B7600000000000000000000000000000000000D9
:10B7700000000000000000000000000000000000C9
:10B7800000000000000000000000000000000000B9
:10B7900000000000000000000000000000000000A9
:10B7A0000000000000000000000000000000000099
:10B7B0000000000000000000000000000000000089
:10B7C0000000000000000000000000000000000079
:10B7D0000000000000000000000000000000000069
:10B7E0000000000000000000000000000000000059
:10B7F0000000000000000000000000000000000049
:10B800000000000000000000000000000000000038
:10B810000000000000000000000000000000000028
:10B820000000000000000000000000000000000018
:10B830000000000000000000000000000000000008
:10B8400000000000000000000000000000000000F8
:10B8500000000000000000000000000000000000E8
:10B8600000000000000000000000000000000000D8
:10B8700000000000000000000000000000000000C8
:10B8800000000000000000000000000000000000B8
:10B8900000000000000000000000000000000000A8
:10B8A0000000000000000000000000000000000098
:10B8B0000000000000000000000000000000000088
:10B8C0000000000000000000000000000000000078
:10B8D0000000000000000000000000000000000068
:10B8E0000000000000000000000000000000000058
:10B8F0000000000000000000000000000000000048
:10B900000000000000000000000000000000000037
:10B910000000000000000000000000000000000027
:10B920000000000000000000000000000000000017
:10B930000000000000000000000000000000000007
:10B9400000000000000000000000000000000000F7
:10B9500000000000000000000000000000000000E7
:10B9600000000000000000000000000000000000D7
:10B9700000000000000000000000000000000000C7
:10B9800000000000000000000000000000000000B7
:10B9900000000000000000000000000000000000A7
:10B9A0000000000000000000000000000000000097
:10B9B0000000000000000000000000000000000087
:10B9C0000000000000000000000000000000000077
:10B9D0000000000000000000000000000000000067
:10B9E0000000000000000000000000000000000057
:10B9F0000000000000000000000000000000000047
:10BA00000000000000000000000000000000000036
:10BA10000000000000000000000000000000000026
:10BA20000000000000000000000000000000000016
:10BA30000000000000000000000000000000000006
:10BA400000000000000000000000000000000000F6
:10BA500000000000000000000000000000000000E6
:10BA600000000000000000000000000000000000D6
:10BA700000000000000000000000000000000000C6
:10BA800000000000000000000000000000000000B6
:10BA900000000000000000000000000000000000A6
:10BAA0000000000000000000000000000000000096
:10BAB0000000000000000000000000000000000086
:10BAC0000000000000000000000000000000000076
:10BAD0000000000000000000000000000000000066
:10BAE0000000000000000000000000000000000056
:10BAF0000000000000000000000000000000000046
:10BB00000000000000000000000000000000000035
:10BB10000000000000000000000000000000000025
:10BB20000000000000000000000000000000000015
:10BB30000000000000000000000000000000000005
:10BB400000000000000000000000000000000000F5
:10BB500000000000000000000000000000000000E5
:10BB600000000000000000000000000000000000D5
:10BB700000000000000000000000000000000000C5
:10BB800000000000000000000000000000000000B5
:10BB900000000000000000000000000000000000A5
:10BBA0000000000000000000000000000000000095
:10BBB0000000000000000000000000000000000085
:10BBC0000000000000000000000000000000000075
:10BBD0000000000000000000000000000000000065
:10BBE0000000000000000000000000000000000055
:10BBF0000000000000000000000000000000000045
:10BC00000000000000000000000000000000000034
:10BC10000000000000000000000000000000000024
:10BC20000000000000000000000000000000000014
:10BC30000000000000000000000000000000000004
:10BC400000000000000000000000000000000000F4
:10BC500000000000000000000000000000000000E4
:10BC600000000000000000000000000000000000D4
:10BC700000000000000000000000000000000000C4
:10BC800000000000000000000000000000000000B4
:10BC900000000000000000000000000000000000A4
:10BCA0000000000000000000000000000000000094
:10BCB0000000000000000000000000000000000084
:10BCC0000000000000000000000000000000000074
:10BCD0000000000000000000000000000000000064
:10BCE0000000000000000000000000000000000054
:10BCF0000000000000000000000000000000000044
:10BD00000000000000000000000000000000000033
:10BD10000000000000000000000000000000000023
:10BD20000000000000000000000000000000000013
:10BD30000000000000000000000000000000000003
:10BD400000000000000000000000000000000000F3
:10BD500000000000000000000000000000000000E3
:10BD600000000000000000000000000000000000D3
:10BD700000000000000000000000000000000000C3
:10BD800000000000000000000000000000000000B3
:10BD900000000000000000000000000000000000A3
:10BDA0000000000000000000000000000000000093
:10BDB0000000000000000000000000000000000083
:10BDC0000000000000000000000000000000000073
:10BDD0000000000000000000000000000000000063
:10BDE0000000000000000000000000000000000053
:10BDF0000000000000000000000000000000000043
:10BE00000000000000000000000000000000000032
:10BE10000000000000000000000000000000000022
:10BE20000000000000000000000000000000000012
:10BE30000000000000000000000000000000000002
:10BE400000000000000000000000000000000000F2
:10BE500000000000000000000000000000000000E2
:10BE600000000000000000000000000000000000D2
:10BE700000000000000000000000000000000000C2
:10BE800000000000000000000000000000000000B2
:10BE900000000000000000000000000000000000A2
:10BEA0000000000000000000000000000000000092
:10BEB0000000000000000000000000000000000082
:10BEC0000000000000000000000000000000000072
:10BED0000000000000000000000000000000000062
:10BEE0000000000000000000000000000000000052
:10BEF0000000000000000000000000000000000042
:10BF00000000000000000000000000000000000031
:10BF10000000000000000000000000000000000021
:10BF20000000000000000000000000000000000011
:10BF30000000000000000000000000000000000001
:10BF400000000000000000000000000000000000F1
:10BF500000000000000000000000000000000000E1
:10BF600000000000000000000000000000000000D1
:10BF700000000000000000000000000000000000C1
:10BF800000000000000000000000000000000000B1
:10BF900000000000000000000000000000000000A1
:10BFA0000000000000000000000000000000000091
:10BFB0000000000000000000000000000000000081
:10BFC0000000000000000000000000000000000071
:10BFD0000000000000000000000000000000000061
:10BFE0000000000000000000000000000000000051
:10BFF0000000000000000000000000000000000041
:10C000000000000000000000000000000000000030
:10C010000000000000000000000000000000000020
:10C020000000000000000000000000000000000010
:10C030000000000000000000000000000000000000
:10C0400000000000000000000000000000000000F0
:10C0500000000000000000000000000000000000E0
:10C0600000000000000000000000000000000000D0
:10C0700000000000000000000000000000000000C0
:10C0800000000000000000000000000000000000B0
:10C0900000000000000000000000000000000000A0
:10C0A0000000000000000000000000000000000090
:10C0B0000000000000000000000000000000000080
:10C0C0000000000000000000000000000000000070
:10C0D0000000000000000000000000000000000060
:10C0E0000000000000000000000000000000000050
:10C0F0000000000000000000000000000000000040
:10C10000000000000000000000000000000000002F
:10C11000000000000000000000000000000000001F
:10C12000000000000000000000000000000000000F
:10C1300000000000000000000000000000000000FF
:10C1400000000000000000000000000000000000EF
:10C1500000000000000000000000000000000000DF
:10C1600000000000000000000000000000000000CF
:10C1700000000000000000000000000000000000BF
:10C1800000000000000000000000000000000000AF
:10C19000000000000000000000000000000000009F
:10C1A000000000000000000000000000000000008F
:10C1B000000000000000000000000000000000007F
:10C1C000000000000000000000000000000000006F
:10C1D000000000000000000000000000000000005F
:10C1E000000000000000000000000000000000004F
:10C1F000000000000000000000000000000000003F
:10C20000000000000000000000000000000000002E
:10C21000000000000000000000000000000000001E
:10C22000000000000000000000000000000000000E
:10C2300000000000000000000000000000000000FE
:10C2400000000000000000000000000000000000EE
:10C2500000000000000000000000000000000000DE
:10C2600000000000000000000000000000000000CE
:10C2700000000000000000000000000000000000BE
:10C2800000000000000000000000000000000000AE
:10C29000000000000000000000000000000000009E
:10C2A000000000000000000000000000000000008E
:10C2B000000000000000000000000000000000007E
:10C2C000000000000000000000000000000000006E
:10C2D000000000000000000000000000000000005E
:10C2E000000000000000000000000000000000004E
:10C2F000000000000000000000000000000000003E
:10C30000000000000000000000000000000000002D
:10C31000000000000000000000000000000000001D
:10C32000000000000000000000000000000000000D
:10C3300000000000000000000000000000000000FD
:10C3400000000000000000000000000000000000ED
:10C3500000000000000000000000000000000000DD
:10C3600000000000000000000000000000000000CD
:10C3700000000000000000000000000000000000BD
:10C3800000000000000000000000000000000000AD
:10C39000000000000000000000000000000000009D
:10C3A000000000000000000000000000000000008D
:10C3B000000000000000000000000000000000007D
:10C3C000000000000000000000000000000000006D
:10C3D000000000000000000000000000000000005D
:10C3E000000000000000000000000000000000004D
:10C3F000000000000000000000000000000000003D
:10C40000000000000000000000000000000000002C
:10C41000000000000000000000000000000000001C
:10C42000000000000000000000000000000000000C
:10C4300000000000000000000000000000000000FC
:10C4400000000000000000000000000000000000EC
:10C4500000000000000000000000000000000000DC
:10C4600000000000000000000000000000000000CC
:10C4700000000000000000000000000000000000BC
:10C4800000000000000000000000000000000000AC
:10C49000000000000000000000000000000000009C
:10C4A000000000000000000000000000000000008C
:10C4B000000000000000000000000000000000007C
:10C4C000000000000000000000000000000000006C
:10C4D000000000000000000000000000000000005C
:10C4E000000000000000000000000000000000004C
:10C4F000000000000000000000000000000000003C
:10C50000000000000000000000000000000000002B
:10C51000000000000000000000000000000000001B
:10C52000000000000000000000000000000000000B
:10C5300000000000000000000000000000000000FB
:10C5400000000000000000000000000000000000EB
:10C5500000000000000000000000000000000000DB
:10C5600000000000000000000000000000000000CB
:10C5700000000000000000000000000000000000BB
:10C5800000000000000000000000000000000000AB
:10C59000000000000000000000000000000000009B
:10C5A000000000000000000000000000000000008B
:10C5B000000000000000000000000000000000007B
:10C5C000000000000000000000000000000000006B
:10C5D000000000000000000000000000000000005B
:10C5E000000000000000000000000000000000004B
:10C5F000000000000000000000000000000000003B
:10C60000000000000000000000000000000000002A
:10C61000000000000000000000000000000000001A
:10C62000000000000000000000000000000000000A
:10C6300000000000000000000000000000000000FA
:10C6400000000000000000000000000000000000EA
:10C6500000000000000000000000000000000000DA
:10C6600000000000000000000000000000000000CA
:10C6700000000000000000000000000000000000BA
:10C6800000000000000000000000000000000000AA
:10C69000000000000000000000000000000000009A
:10C6A000000000000000000000000000000000008A
:10C6B000000000000000000000000000000000007A
:10C6C000000000000000000000000000000000006A
:10C6D000000000000000000000000000000000005A
:10C6E000000000000000000000000000000000004A
:10C6F000000000000000000000000000000000003A
:10C700000000000000000000000000000000000029
:10C710000000000000000000000000000000000019
:10C720000000000000000000000000000000000009
:10C7300000000000000000000000000000000000F9
:10C7400000000000000000000000000000000000E9
:10C7500000000000000000000000000000000000D9
:10C7600000000000000000000000000000000000C9
:10C7700000000000000000000000000000000000B9
:10C7800000000000000000000000000000000000A9
:10C790000000000000000000000000000000000099
:10C7A0000000000000000000000000000000000089
:10C7B0000000000000000000000000000000000079
:10C7C0000000000000000000000000000000000069
:10C7D0000000000000000000000000000000000059
:10C7E0000000000000000000000000000000000049
:10C7F0000000000000000000000000000000000039
:10C800000000000000000000000000000000000028
:10C810000000000000000000000000000000000018
:10C820000000000000000000000000000000000008
:10C8300000000000000000000000000000000000F8
:10C8400000000000000000000000000000000000E8
:10C8500000000000000000000000000000000000D8
:10C8600000000000000000000000000000000000C8
:10C8700000000000000000000000000000000000B8
:10C8800000000000000000000000000000000000A8
:10C890000000000000000000000000000000000098
:10C8A0000000000000000000000000000000000088
:10C8B0000000000000000000000000000000000078
:10C8C0000000000000000000000000000000000068
:10C8D0000000000000000000000000000000000058
:10C8E0000000000000000000000000000000000048
:10C8F0000000000000000000000000000000000038
:10C900000000000000000000000000000000000027
:10C910000000000000000000000000000000000017
:10C920000000000000000000000000000000000007
:10C9300000000000000000000000000000000000F7
:10C9400000000000000000000000000000000000E7
:10C9500000000000000000000000000000000000D7
:10C9600000000000000000000000000000000000C7
:10C9700000000000000000000000000000000000B7
:10C9800000000000000000000000000000000000A7
:10C990000000000000000000000000000000000097
:10C9A0000000000000000000000000000000000087
:10C9B0000000000000000000000000000000000077
:10C9C0000000000000000000000000000000000067
:10C9D0000000000000000000000000000000000057
:10C9E0000000000000000000000000000000000047
:10C9F0000000000000000000000000000000000037
:10CA00000000000000000000000000000000000026
:10CA10000000000000000000000000000000000016
:10CA20000000000000000000000000000000000006
:10CA300000000000000000000000000000000000F6
:10CA400000000000000000000000000000000000E6
:10CA500000000000000000000000000000000000D6
:10CA600000000000000000000000000000000000C6
:10CA700000000000000000000000000000000000B6
:10CA800000000000000000000000000000000000A6
:10CA90000000000000000000000000000000000096
:10CAA0000000000000000000000000000000000086
:10CAB0000000000000000000000000000000000076
:10CAC0000000000000000000000000000000000066
:10CAD0000000000000000000000000000000000056
:10CAE0000000000000000000000000000000000046
:10CAF0000000000000000000000000000000000036
:10CB00000000000000000000000000000000000025
:10CB10000000000000000000000000000000000015
:10CB20000000000000000000000000000000000005
:10CB300000000000000000000000000000000000F5
:10CB400000000000000000000000000000000000E5
:10CB500000000000000000000000000000000000D5
:10CB600000000000000000000000000000000000C5
:10CB700000000000000000000000000000000000B5
:10CB800000000000000000000000000000000000A5
:10CB90000000000000000000000000000000000095
:10CBA0000000000000000000000000000000000085
:10CBB0000000000000000000000000000000000075
:10CBC0000000000000000000000000000000000065
:10CBD0000000000000000000000000000000000055
:10CBE0000000000000000000000000000000000045
:10CBF0000000000000000000000000000000000035
:10CC00000000000000000000000000000000000024
:10CC10000000000000000000000000000000000014
:10CC20000000000000000000000000000000000004
:10CC300000000000000000000000000000000000F4
:10CC400000000000000000000000000000000000E4
:10CC500000000000000000000000000000000000D4
:10CC600000000000000000000000000000000000C4
:10CC700000000000000000000000000000000000B4
:10CC800000000000000000000000000000000000A4
:10CC90000000000000000000000000000000000094
:10CCA0000000000000000000000000000000000084
:10CCB0000000000000000000000000000000000074
:10CCC0000000000000000000000000000000000064
:10CCD0000000000000000000000000000000000054
:10CCE0000000000000000000000000000000000044
:10CCF0000000000000000000000000000000000034
:10CD00000000000000000000000000000000000023
:10CD10000000000000000000000000000000000013
:10CD20000000000000000000000000000000000003
:10CD300000000000000000000000000000000000F3
:10CD400000000000000000000000000000000000E3
:10CD500000000000000000000000000000000000D3
:10CD600000000000000000000000000000000000C3
:10CD700000000000000000000000000000000000B3
:10CD800000000000000000000000000000000000A3
:10CD90000000000000000000000000000000000093
:10CDA0000000000000000000000000000000000083
:10CDB0000000000000000000000000000000000073
:10CDC0000000000000000000000000000000000063
:10CDD0000000000000000000000000000000000053
:10CDE0000000000000000000000000000000000043
:10CDF0000000000000000000000000000000000033
:10CE00000000000000000000000000000000000022
:10CE10000000000000000000000000000000000012
:10CE20000000000000000000000000000000000002
:10CE300000000000000000000000000000000000F2
:10CE400000000000000000000000000000000000E2
:10CE500000000000000000000000000000000000D2
:10CE600000000000000000000000000000000000C2
:10CE700000000000000000000000000000000000B2
:10CE800000000000000000000000000000000000A2
:10CE90000000000000000000000000000000000092
:10CEA0000000000000000000000000000000000082
:10CEB0000000000000000000000000000000000072
:10CEC0000000000000000000000000000000000062
:10CED0000000000000000000000000000000000052
:10CEE0000000000000000000000000000000000042
:10CEF0000000000000000000000000000000000032
:10CF00000000000000000000000000000000000021
:10CF10000000000000000000000000000000000011
:10CF20000000000000000000000000000000000001
:10CF300000000000000000000000000000000000F1
:10CF400000000000000000000000000000000000E1
:10CF500000000000000000000000000000000000D1
:10CF600000000000000000000000000000000000C1
:10CF700000000000000000000000000000000000B1
:10CF800000000000000000000000000000000000A1
:10CF90000000000000000000000000000000000091
:10CFA0000000000000000000000000000000000081
:10CFB0000000000000000000000000000000000071
:10CFC0000000000000000000000000000000000061
:10CFD0000000000000000000000000000000000051
:10CFE0000000000000000000000000000000000041
:10CFF0000000000000000000000000000000000031
:10D000000000000000000000000000000000000020
:10D010000000000000000000000000000000000010
:10D020000000000000000000000000000000000000
:10D0300000000000000000000000000000000000F0
:10D0400000000000000000000000000000000000E0
:10D0500000000000000000000000000000000000D0
:10D0600000000000000000000000000000000000C0
:10D0700000000000000000000000000000000000B0
:10D0800000000000000000000000000000000000A0
:10D090000000000000000000000000000000000090
:10D0A0000000000000000000000000000000000080
:10D0B0000000000000000000000000000000000070
:10D0C0000000000000000000000000000000000060
:10D0D0000000000000000000000000000000000050
:10D0E0000000000000000000000000000000000040
:10D0F0000000000000000000000000000000000030
:10D10000000000000000000000000000000000001F
:10D11000000000000000000000000000000000000F
:10D1200000000000000000000000000000000000FF
:10D1300000000000000000000000000000000000EF
:10D1400000000000000000000000000000000000DF
:10D1500000000000000000000000000000000000CF
:10D1600000000000000000000000000000000000BF
:10D1700000000000000000000000000000000000AF
:10D18000000000000000000000000000000000009F
:10D19000000000000000000000000000000000008F
:10D1A000000000000000000000000000000000007F
:10D1B000000000000000000000000000000000006F
:10D1C000000000000000000000000000000000005F
:10D1D000000000000000000000000000000000004F
:10D1E000000000000000000000000000000000003F
:10D1F000000000000000000000000000000000002F
:10D20000000000000000000000000000000000001E
:10D21000000000000000000000000000000000000E
:10D2200000000000000000000000000000000000FE
:10D2300000000000000000000000000000000000EE
:10D2400000000000000000000000000000000000DE
:10D2500000000000000000000000000000000000CE
:10D2600000000000000000000000000000000000BE
:10D2700000000000000000000000000000000000AE
:10D28000000000000000000000000000000000009E
:10D29000000000000000000000000000000000008E
:10D2A000000000000000000000000000000000007E
:10D2B000000000000000000000000000000000006E
:10D2C000000000000000000000000000000000005E
:10D2D000000000000000000000000000000000004E
:10D2E000000000000000000000000000000000003E
:10D2F000000000000000000000000000000000002E
:10D30000000000000000000000000000000000001D
:10D31000000000000000000000000000000000000D
:10D3200000000000000000000000000000000000FD
:10D3300000000000000000000000000000000000ED
:10D3400000000000000000000000000000000000DD
:10D3500000000000000000000000000000000000CD
:10D3600000000000000000000000000000000000BD
:10D3700000000000000000000000000000000000AD
:10D38000000000000000000000000000000000009D
:10D39000000000000000000000000000000000008D
:10D3A000000000000000000000000000000000007D
:10D3B000000000000000000000000000000000006D
:10D3C000000000000000000000000000000000005D
:10D3D000000000000000000000000000000000004D
:10D3E000000000000000000000000000000000003D
:10D3F000000000000000000000000000000000002D
:10D40000000000000000000000000000000000001C
:10D41000000000000000000000000000000000000C
:10D4200000000000000000000000000000000000FC
:10D4300000000000000000000000000000000000EC
:10D4400000000000000000000000000000000000DC
:10D4500000000000000000000000000000000000CC
:10D4600000000000000000000000000000000000BC
:10D4700000000000000000000000000000000000AC
:10D48000000000000000000000000000000000009C
:10D49000000000000000000000000000000000008C
:10D4A000000000000000000000000000000000007C
:10D4B000000000000000000000000000000000006C
:10D4C000000000000000000000000000000000005C
:10D4D000000000000000000000000000000000004C
:10D4E000000000000000000000000000000000003C
:10D4F000000000000000000000000000000000002C
:10D50000000000000000000000000000000000001B
:10D51000000000000000000000000000000000000B
:10D5200000000000000000000000000000000000FB
:10D5300000000000000000000000000000000000EB
:10D5400000000000000000000000000000000000DB
:10D5500000000000000000000000000000000000CB
:10D5600000000000000000000000000000000000BB
:10D5700000000000000000000000000000000000AB
:10D58000000000000000000000000000000000009B
:10D59000000000000000000000000000000000008B
:10D5A000000000000000000000000000000000007B
:10D5B000000000000000000000000000000000006B
:10D5C000000000000000000000000000000000005B
:10D5D000000000000000000000000000000000004B
:10D5E000000000000000000000000000000000003B
:10D5F000000000000000000000000000000000002B
:10D60000000000000000000000000000000000001A
:10D61000000000000000000000000000000000000A
:10D6200000000000000000000000000000000000FA
:10D6300000000000000000000000000000000000EA
:10D6400000000000000000000000000000000000DA
:10D6500000000000000000000000000000000000CA
:10D6600000000000000000000000000000000000BA
:10D6700000000000000000000000000000000000AA
:10D68000000000000000000000000000000000009A
:10D69000000000000000000000000000000000008A
:10D6A000000000000000000000000000000000007A
:10D6B000000000000000000000000000000000006A
:10D6C000000000000000000000000000000000005A
:10D6D000000000000000000000000000000000004A
:10D6E000000000000000000000000000000000003A
:10D6F000000000000000000000000000000000002A
:10D700000000000000000000000000000000000019
:10D710000000000000000000000000000000000009
:10D7200000000000000000000000000000000000F9
:10D7300000000000000000000000000000000000E9
:10D7400000000000000000000000000000000000D9
:10D7500000000000000000000000000000000000C9
:10D7600000000000000000000000000000000000B9
:10D7700000000000000000000000000000000000A9
:10D780000000000000000000000000000000000099
:10D790000000000000000000000000000000000089
:10D7A0000000000000000000000000000000000079
:10D7B0000000000000000000000000000000000069
:10D7C0000000000000000000000000000000000059
:10D7D0000000000000000000000000000000000049
:10D7E0000000000000000000000000000000000039
:10D7F0000000000000000000000000000000000029
:10D800000000000000000000000000000000000018
:10D810000000000000000000000000000000000008
:10D8200000000000000000000000000000000000F8
:10D8300000000000000000000000000000000000E8
:10D8400000000000000000000000000000000000D8
:10D8500000000000000000000000000000000000C8
:10D8600000000000000000000000000000000000B8
:10D8700000000000000000000000000000000000A8
:10D880000000000000000000000000000000000098
:10D890000000000000000000000000000000000088
:10D8A0000000000000000000000000000000000078
:10D8B0000000000000000000000000000000000068
:10D8C0000000000000000000000000000000000058
:10D8D0000000000000000000000000000000000048
:10D8E0000000000000000000000000000000000038
:10D8F0000000000000000000000000000000000028
:10D900000000000000000000000000000000000017
:10D910000000000000000000000000000000000007
:10D9200000000000000000000000000000000000F7
:10D9300000000000000000000000000000000000E7
:10D9400000000000000000000000000000000000D7
:10D9500000000000000000000000000000000000C7
:10D9600000000000000000000000000000000000B7
:10D9700000000000000000000000000000000000A7
:10D980000000000000000000000000000000000097
:10D990000000000000000000000000000000000087
:10D9A0000000000000000000000000000000000077
:10D9B0000000000000000000000000000000000067
:10D9C0000000000000000000000000000000000057
:10D9D0000000000000000000000000000000000047
:10D9E0000000000000000000000000000000000037
:10D9F0000000000000000000000000000000000027
:10DA00000000000000000000000000000000000016
:10DA10000000000000000000000000000000000006
:10DA200000000000000000000000000000000000F6
:10DA300000000000000000000000000000000000E6
:10DA400000000000000000000000000000000000D6
:10DA500000000000000000000000000000000000C6
:10DA600000000000000000000000000000000000B6
:10DA700000000000000000000000000000000000A6
:10DA80000000000000000000000000000000000096
:10DA90000000000000000000000000000000000086
:10DAA0000000000000000000000000000000000076
:10DAB0000000000000000000000000000000000066
:10DAC0000000000000000000000000000000000056
:10DAD0000000000000000000000000000000000046
:10DAE0000000000000000000000000000000000036
:10DAF0000000000000000000000000000000000026
:10DB00000000000000000000000000000000000015
:10DB10000000000000000000000000000000000005
:10DB200000000000000000000000000000000000F5
:10DB300000000000000000000000000000000000E5
:10DB400000000000000000000000000000000000D5
:10DB500000000000000000000000000000000000C5
:10DB600000000000000000000000000000000000B5
:10DB700000000000000000000000000000000000A5
:10DB80000000000000000000000000000000000095
:10DB90000000000000000000000000000000000085
:10DBA0000000000000000000000000000000000075
:10DBB0000000000000000000000000000000000065
:10DBC0000000000000000000000000000000000055
:10DBD0000000000000000000000000000000000045
:10DBE0000000000000000000000000000000000035
:10DBF0000000000000000000000000000000000025
:10DC00000000000000000000000000000000000014
:10DC10000000000000000000000000000000000004
:10DC200000000000000000000000000000000000F4
:10DC300000000000000000000000000000000000E4
:10DC400000000000000000000000000000000000D4
:10DC500000000000000000000000000000000000C4
:10DC600000000000000000000000000000000000B4
:10DC700000000000000000000000000000000000A4
:10DC80000000000000000000000000000000000094
:10DC90000000000000000000000000000000000084
:10DCA0000000000000000000000000000000000074
:10DCB0000000000000000000000000000000000064
:10DCC0000000000000000000000000000000000054
:10DCD0000000000000000000000000000000000044
:10DCE0000000000000000000000000000000000034
:10DCF0000000000000000000000000000000000024
:10DD00000000000000000000000000000000000013
:10DD10000000000000000000000000000000000003
:10DD200000000000000000000000000000000000F3
:10DD300000000000000000000000000000000000E3
:10DD400000000000000000000000000000000000D3
:10DD500000000000000000000000000000000000C3
:10DD600000000000000000000000000000000000B3
:10DD700000000000000000000000000000000000A3
:10DD80000000000000000000000000000000000093
:10DD90000000000000000000000000000000000083
:10DDA0000000000000000000000000000000000073
:10DDB0000000000000000000000000000000000063
:10DDC0000000000000000000000000000000000053
:10DDD0000000000000000000000000000000000043
:10DDE0000000000000000000000000000000000033
:10DDF0000000000000000000000000000000000023
:10DE00000000000000000000000000000000000012
:10DE10000000000000000000000000000000000002
:10DE200000000000000000000000000000000000F2
:10DE300000000000000000000000000000000000E2
:10DE400000000000000000000000000000000000D2
:10DE500000000000000000000000000000000000C2
:10DE600000000000000000000000000000000000B2
:10DE700000000000000000000000000000000000A2
:10DE80000000000000000000000000000000000092
:10DE90000000000000000000000000000000000082
:10DEA0000000000000000000000000000000000072
:10DEB0000000000000000000000000000000000062
:10DEC0000000000000000000000000000000000052
:10DED0000000000000000000000000000000000042
:10DEE0000000000000000000000000000000000032
:10DEF0000000000000000000000000000000000022
:10DF00000000000000000000000000000000000011
:10DF10000000000000000000000000000000000001
:10DF200000000000000000000000000000000000F1
:10DF300000000000000000000000000000000000E1
:10DF400000000000000000000000000000000000D1
:10DF500000000000000000000000000000000000C1
:10DF600000000000000000000000000000000000B1
:10DF700000000000000000000000000000000000A1
:10DF80000000000000000000000000000000000091
:10DF90000000000000000000000000000000000081
:10DFA0000000000000000000000000000000000071
:10DFB0000000000000000000000000000000000061
:10DFC0000000000000000000000000000000000051
:10DFD0000000000000000000000000000000000041
:10DFE0000000000000000000000000000000000031
:10DFF0000000000000000000000000000000000021
:10E000000000000000000000000000000000000010
:10E010000000000000000000000000000000000000
:10E0200000000000000000000000000000000000F0
:10E0300000000000000000000000000000000000E0
:10E0400000000000000000000000000000000000D0
:10E0500000000000000000000000000000000000C0
:10E0600000000000000000000000000000000000B0
:10E0700000000000000000000000000000000000A0
:10E080000000000000000000000000000000000090
:10E090000000000000000000000000000000000080
:10E0A0000000000000000000000000000000000070
:10E0B0000000000000000000000000000000000060
:10E0C0000000000000000000000000000000000050
:10E0D0000000000000000000000000000000000040
:10E0E0000000000000000000000000000000000030
:10E0F0000000000000000000000000000000000020
:10E10000000000000000000000000000000000000F
:10E1100000000000000000000000000000000000FF
:10E1200000000000000000000000000000000000EF
:10E1300000000000000000000000000000000000DF
:10E1400000000000000000000000000000000000CF
:10E1500000000000000000000000000000000000BF
:10E1600000000000000000000000000000000000AF
:10E17000000000000000000000000000000000009F
:10E18000000000000000000000000000000000008F
:10E19000000000000000000000000000000000007F
:10E1A000000000000000000000000000000000006F
:10E1B000000000000000000000000000000000005F
:10E1C000000000000000000000000000000000004F
:10E1D000000000000000000000000000000000003F
:10E1E000000000000000000000000000000000002F
:10E1F000000000000000000000000000000000001F
:10E20000000000000000000000000000000000000E
:10E2100000000000000000000000000000000000FE
:10E2200000000000000000000000000000000000EE
:10E2300000000000000000000000000000000000DE
:10E2400000000000000000000000000000000000CE
:10E2500000000000000000000000000000000000BE
:10E2600000000000000000000000000000000000AE
:10E27000000000000000000000000000000000009E
:10E28000000000000000000000000000000000008E
:10E29000000000000000000000000000000000007E
:10E2A000000000000000000000000000000000006E
:10E2B000000000000000000000000000000000005E
:10E2C000000000000000000000000000000000004E
:10E2D000000000000000000000000000000000003E
:10E2E000000000000000000000000000000000002E
:10E2F000000000000000000000000000000000001E
:10E30000000000000000000000000000000000000D
:10E3100000000000000000000000000000000000FD
:10E3200000000000000000000000000000000000ED
:10E3300000000000000000000000000000000000DD
:10E3400000000000000000000000000000000000CD
:10E3500000000000000000000000000000000000BD
:10E3600000000000000000000000000000000000AD
:10E37000000000000000000000000000000000009D
:10E38000000000000000000000000000000000008D
:10E39000000000000000000000000000000000007D
:10E3A000000000000000000000000000000000006D
:10E3B000000000000000000000000000000000005D
:10E3C000000000000000000000000000000000004D
:10E3D000000000000000000000000000000000003D
:10E3E000000000000000000000000000000000002D
:10E3F000000000000000000000000000000000001D
:10E40000000000000000000000000000000000000C
:10E4100000000000000000000000000000000000FC
:10E4200000000000000000000000000000000000EC
:10E4300000000000000000000000000000000000DC
:10E4400000000000000000000000000000000000CC
:10E4500000000000000000000000000000000000BC
:10E4600000000000000000000000000000000000AC
:10E47000000000000000000000000000000000009C
:10E48000000000000000000000000000000000008C
:10E49000000000000000000000000000000000007C
:10E4A000000000000000000000000000000000006C
:10E4B000000000000000000000000000000000005C
:10E4C000000000000000000000000000000000004C
:10E4D000000000000000000000000000000000003C
:10E4E000000000000000000000000000000000002C
:10E4F000000000000000000000000000000000001C
:10E50000000000000000000000000000000000000B
:10E5100000000000000000000000000000000000FB
:10E5200000000000000000000000000000000000EB
:10E5300000000000000000000000000000000000DB
:10E5400000000000000000000000000000000000CB
:10E5500000000000000000000000000000000000BB
:10E5600000000000000000000000000000000000AB
:10E57000000000000000000000000000000000009B
:10E58000000000000000000000000000000000008B
:10E59000000000000000000000000000000000007B
:10E5A000000000000000000000000000000000006B
:10E5B000000000000000000000000000000000005B
:10E5C000000000000000000000000000000000004B
:10E5D000000000000000000000000000000000003B
:10E5E000000000000000000000000000000000002B
:10E5F000000000000000000000000000000000001B
:10E60000000000000000000000000000000000000A
:10E6100000000000000000000000000000000000FA
:10E6200000000000000000000000000000000000EA
:10E6300000000000000000000000000000000000DA
:10E6400000000000000000000000000000000000CA
:10E6500000000000000000000000000000000000BA
:10E6600000000000000000000000000000000000AA
:10E67000000000000000000000000000000000009A
:10E68000000000000000000000000000000000008A
:10E69000000000000000000000000000000000007A
:10E6A000000000000000000000000000000000006A
:10E6B000000000000000000000000000000000005A
:10E6C000000000000000000000000000000000004A
:10E6D000000000000000000000000000000000003A
:10E6E000000000000000000000000000000000002A
:10E6F000000000000000000000000000000000001A
:10E700000000000000000000000000000000000009
:10E7100000000000000000000000000000000000F9
:10E7200000000000000000000000000000000000E9
:10E7300000000000000000000000000000000000D9
:10E7400000000000000000000000000000000000C9
:10E7500000000000000000000000000000000000B9
:10E7600000000000000000000000000000000000A9
:10E770000000000000000000000000000000000099
:10E780000000000000000000000000000000000089
:10E790000000000000000000000000000000000079
:10E7A0000000000000000000000000000000000069
:10E7B0000000000000000000000000000000000059
:10E7C0000000000000000000000000000000000049
:10E7D0000000000000000000000000000000000039
:10E7E0000000000000000000000000000000000029
:10E7F0000000000000000000000000000000000019
:10E800000000000000000000000000000000000008
:10E8100000000000000000000000000000000000F8
:10E8200000000000000000000000000000000000E8
:10E8300000000000000000000000000000000000D8
:10E8400000000000000000000000000000000000C8
:10E8500000000000000000000000000000000000B8
:10E8600000000000000000000000000000000000A8
:10E870000000000000000000000000000000000098
:10E880000000000000000000000000000000000088
:10E890000000000000000000000000000000000078
:10E8A0000000000000000000000000000000000068
:10E8B0000000000000000000000000000000000058
:10E8C0000000000000000000000000000000000048
:10E8D0000000000000000000000000000000000038
:10E8E0000000000000000000000000000000000028
:10E8F0000000000000000000000000000000000018
:10E900000000000000000000000000000000000007
:10E9100000000000000000000000000000000000F7
:10E9200000000000000000000000000000000000E7
:10E9300000000000000000000000000000000000D7
:10E9400000000000000000000000000000000000C7
:10E9500000000000000000000000000000000000B7
:10E9600000000000000000000000000000000000A7
:10E970000000000000000000000000000000000097
:10E980000000000000000000000000000000000087
:10E990000000000000000000000000000000000077
:10E9A0000000000000000000000000000000000067
:10E9B0000000000000000000000000000000000057
:10E9C0000000000000000000000000000000000047
:10E9D0000000000000000000000000000000000037
:10E9E0000000000000000000000000000000000027
:10E9F0000000000000000000000000000000000017
:10EA00000000000000000000000000000000000006
:10EA100000000000000000000000000000000000F6
:10EA200000000000000000000000000000000000E6
:10EA300000000000000000000000000000000000D6
:10EA400000000000000000000000000000000000C6
:10EA500000000000000000000000000000000000B6
:10EA600000000000000000000000000000000000A6
:10EA70000000000000000000000000000000000096
:10EA80000000000000000000000000000000000086
:10EA90000000000000000000000000000000000076
:10EAA0000000000000000000000000000000000066
:10EAB0000000000000000000000000000000000056
:10EAC0000000000000000000000000000000000046
:10EAD0000000000000000000000000000000000036
:10EAE0000000000000000000000000000000000026
:10EAF0000000000000000000000000000000000016
:10EB00000000000000000000000000000000000005
:10EB100000000000000000000000000000000000F5
:10EB200000000000000000000000000000000000E5
:10EB300000000000000000000000000000000000D5
:10EB400000000000000000000000000000000000C5
:10EB500000000000000000000000000000000000B5
:10EB600000000000000000000000000000000000A5
:10EB70000000000000000000000000000000000095
:10EB80000000000000000000000000000000000085
:10EB90000000000000000000000000000000000075
:10EBA0000000000000000000000000000000000065
:10EBB0000000000000000000000000000000000055
:10EBC0000000000000000000000000000000000045
:10EBD0000000000000000000000000000000000035
:10EBE0000000000000000000000000000000000025
:10EBF0000000000000000000000000000000000015
:10EC00000000000000000000000000000000000004
:10EC100000000000000000000000000000000000F4
:10EC200000000000000000000000000000000000E4
:10EC300000000000000000000000000000000000D4
:10EC400000000000000000000000000000000000C4
:10EC500000000000000000000000000000000000B4
:10EC600000000000000000000000000000000000A4
:10EC70000000000000000000000000000000000094
:10EC80000000000000000000000000000000000084
:10EC90000000000000000000000000000000000074
:10ECA0000000000000000000000000000000000064
:10ECB0000000000000000000000000000000000054
:10ECC0000000000000000000000000000000000044
:10ECD0000000000000000000000000000000000034
:10ECE0000000000000000000000000000000000024
:10ECF0000000000000000000000000000000000014
:10ED00000000000000000000000000000000000003
:10ED100000000000000000000000000000000000F3
:10ED200000000000000000000000000000000000E3
:10ED300000000000000000000000000000000000D3
:10ED400000000000000000000000000000000000C3
:10ED500000000000000000000000000000000000B3
:10ED600000000000000000000000000000000000A3
:10ED70000000000000000000000000000000000093
:10ED80000000000000000000000000000000000083
:10ED90000000000000000000000000000000000073
:10EDA0000000000000000000000000000000000063
:10EDB0000000000000000000000000000000000053
:10EDC0000000000000000000000000000000000043
:10EDD0000000000000000000000000000000000033
:10EDE0000000000000000000000000000000000023
:10EDF0000000000000000000000000000000000013
:10EE00000000000000000000000000000000000002
:10EE100000000000000000000000000000000000F2
:10EE200000000000000000000000000000000000E2
:10EE300000000000000000000000000000000000D2
:10EE400000000000000000000000000000000000C2
:10EE500000000000000000000000000000000000B2
:10EE600000000000000000000000000000000000A2
:10EE70000000000000000000000000000000000092
:10EE80000000000000000000000000000000000082
:10EE90000000000000000000000000000000000072
:10EEA0000000000000000000000000000000000062
:10EEB0000000000000000000000000000000000052
:10EEC0000000000000000000000000000000000042
:10EED0000000000000000000000000000000000032
:10EEE0000000000000000000000000000000000022
:10EEF0000000000000000000000000000000000012
:10EF00000000000000000000000000000000000001
:10EF100000000000000000000000000000000000F1
:10EF200000000000000000000000000000000000E1
:10EF300000000000000000000000000000000000D1
:10EF400000000000000000000000000000000000C1
:10EF500000000000000000000000000000000000B1
:10EF600000000000000000000000000000000000A1
:10EF70000000000000000000000000000000000091
:10EF80000000000000000000000000000000000081
:10EF90000000000000000000000000000000000071
:10EFA0000000000000000000000000000000000061
:10EFB0000000000000000000000000000000000051
:10EFC0000000000000000000000000000000000041
:10EFD0000000000000000000000000000000000031
:10EFE0000000000000000000000000000000000021
:10EFF0000000000000000000000000000000000011
:10F000000000000000000000000000000000000000
:10F0100000000000000000000000000000000000F0
:10F0200000000000000000000000000000000000E0
:10F0300000000000000000000000000000000000D0
:10F0400000000000000000000000000000000000C0
:10F0500000000000000000000000000000000000B0
:10F0600000000000000000000000000000000000A0
:10F070000000000000000000000000000000000090
:10F080000000000000000000000000000000000080
:10F090000000000000000000000000000000000070
:10F0A0000000000000000000000000000000000060
:10F0B0000000000000000000000000000000000050
:10F0C0000000000000000000000000000000000040
:10F0D0000000000000000000000000000000000030
:10F0E0000000000000000000000000000000000020
:10F0F0000000000000000000000000000000000010
:10F1000000000000000000000000000000000000FF
:10F1100000000000000000000000000000000000EF
:10F1200000000000000000000000000000000000DF
:10F1300000000000000000000000000000000000CF
:10F1400000000000000000000000000000000000BF
:10F1500000000000000000000000000000000000AF
:10F16000000000000000000000000000000000009F
:10F17000000000000000000000000000000000008F
:10F18000000000000000000000000000000000007F
:10F19000000000000000000000000000000000006F
:10F1A000000000000000000000000000000000005F
:10F1B000000000000000000000000000000000004F
:10F1C000000000000000000000000000000000003F
:10F1D000000000000000000000000000000000002F
:10F1E000000000000000000000000000000000001F
:10F1F000000000000000000000000000000000000F
:10F2000000000000000000000000000000000000FE
:10F2100000000000000000000000000000000000EE
:10F2200000000000000000000000000000000000DE
:10F2300000000000000000000000000000000000CE
:10F2400000000000000000000000000000000000BE
:10F2500000000000000000000000000000000000AE
:10F26000000000000000000000000000000000009E
:10F27000000000000000000000000000000000008E
:10F28000000000000000000000000000000000007E
:10F29000000000000000000000000000000000006E
:10F2A000000000000000000000000000000000005E
:10F2B000000000000000000000000000000000004E
:10F2C000000000000000000000000000000000003E
:10F2D000000000000000000000000000000000002E
:10F2E000000000000000000000000000000000001E
:10F2F000000000000000000000000000000000000E
:10F3000000000000000000000000000000000000FD
:10F3100000000000000000000000000000000000ED
:10F3200000000000000000000000000000000000DD
:10F3300000000000000000000000000000000000CD
:10F3400000000000000000000000000000000000BD
:10F3500000000000000000000000000000000000AD
:10F36000000000000000000000000000000000009D
:10F37000000000000000000000000000000000008D
:10F38000000000000000000000000000000000007D
:10F39000000000000000000000000000000000006D
:10F3A000000000000000000000000000000000005D
:10F3B000000000000000000000000000000000004D
:10F3C000000000000000000000000000000000003D
:10F3D000000000000000000000000000000000002D
:10F3E000000000000000000000000000000000001D
:10F3F000000000000000000000000000000000000D
:10F4000000000000000000000000000000000000FC
:10F4100000000000000000000000000000000000EC
:10F4200000000000000000000000000000000000DC
:10F4300000000000000000000000000000000000CC
:10F4400000000000000000000000000000000000BC
:10F4500000000000000000000000000000000000AC
:10F46000000000000000000000000000000000009C
:10F47000000000000000000000000000000000008C
:10F48000000000000000000000000000000000007C
:10F49000000000000000000000000000000000006C
:10F4A000000000000000000000000000000000005C
:10F4B000000000000000000000000000000000004C
:10F4C000000000000000000000000000000000003C
:10F4D000000000000000000000000000000000002C
:10F4E000000000000000000000000000000000001C
:10F4F000000000000000000000000000000000000C
:10F5000000000000000000000000000000000000FB
:10F5100000000000000000000000000000000000EB
:10F5200000000000000000000000000000000000DB
:10F5300000000000000000000000000000000000CB
:10F5400000000000000000000000000000000000BB
:10F5500000000000000000000000000000000000AB
:10F56000000000000000000000000000000000009B
:10F57000000000000000000000000000000000008B
:10F58000000000000000000000000000000000007B
:10F59000000000000000000000000000000000006B
:10F5A000000000000000000000000000000000005B
:10F5B000000000000000000000000000000000004B
:10F5C000000000000000000000000000000000003B
:10F5D000000000000000000000000000000000002B
:10F5E000000000000000000000000000000000001B
:10F5F000000000000000000000000000000000000B
:10F6000000000000000000000000000000000000FA
:10F6100000000000000000000000000000000000EA
:10F6200000000000000000000000000000000000DA
:10F6300000000000000000000000000000000000CA
:10F6400000000000000000000000000000000000BA
:10F6500000000000000000000000000000000000AA
:10F66000000000000000000000000000000000009A
:10F67000000000000000000000000000000000008A
:10F68000000000000000000000000000000000007A
:10F69000000000000000000000000000000000006A
:10F6A000000000000000000000000000000000005A
:10F6B000000000000000000000000000000000004A
:10F6C000000000000000000000000000000000003A
:10F6D000000000000000000000000000000000002A
:10F6E000000000000000000000000000000000001A
:10F6F000000000000000000000000000000000000A
:10F7000000000000000000000000000000000000F9
:10F7100000000000000000000000000000000000E9
:10F7200000000000000000000000000000000000D9
:10F7300000000000000000000000000000000000C9
:10F7400000000000000000000000000000000000B9
:10F7500000000000000000000000000000000000A9
:10F760000000000000000000000000000000000099
:10F770000000000000000000000000000000000089
:10F780000000000000000000000000000000000079
:10F790000000000000000000000000000000000069
:10F7A0000000000000000000000000000000000059
:10F7B0000000000000000000000000000000000049
:10F7C0000000000000000000000000000000000039
:10F7D0000000000000000000000000000000000029
:10F7E0000000000000000000000000000000000019
:10F7F0000000000000000000000000000000000009
:10F8000000000000000000000000000000000000F8
:10F8100000000000000000000000000000000000E8
:10F8200000000000000000000000000000000000D8
:10F8300000000000000000000000000000000000C8
:10F8400000000000000000000000000000000000B8
:10F8500000000000000000000000000000000000A8
:10F860000000000000000000000000000000000098
:10F870000000000000000000000000000000000088
:10F880000000000000000000000000000000000078
:10F890000000000000000000000000000000000068
:10F8A0000000000000000000000000000000000058
:10F8B0000000000000000000000000000000000048
:10F8C0000000000000000000000000000000000038
:10F8D0000000000000000000000000000000000028
:10F8E0000000000000000000000000000000000018
:10F8F0000000000000000000000000000000000008
:10F9000000000000000000000000000000000000F7
:10F9100000000000000000000000000000000000E7
:10F9200000000000000000000000000000000000D7
:10F9300000000000000000000000000000000000C7
:10F9400000000000000000000000000000000000B7
:10F9500000000000000000000000000000000000A7
:10F960000000000000000000000000000000000097
:10F970000000000000000000000000000000000087
:10F980000000000000000000000000000000000077
:10F990000000000000000000000000000000000067
:10F9A0000000000000000000000000000000000057
:10F9B0000000000000000000000000000000000047
:10F9C0000000000000000000000000000000000037
:10F9D0000000000000000000000000000000000027
:10F9E0000000000000000000000000000000000017
:10F9F0000000000000000000000000000000000007
:10FA000000000000000000000000000000000000F6
:10FA100000000000000000000000000000000000E6
:10FA200000000000000000000000000000000000D6
:10FA300000000000000000000000000000000000C6
:10FA400000000000000000000000000000000000B6
:10FA500000000000000000000000000000000000A6
:10FA60000000000000000000000000000000000096
:10FA70000000000000000000000000000000000086
:10FA80000000000000000000000000000000000076
:10FA90000000000000000000000000000000000066
:10FAA0000000000000000000000000000000000056
:10FAB0000000000000000000000000000000000046
:10FAC0000000000000000000000000000000000036
:10FAD0000000000000000000000000000000000026
:10FAE0000000000000000000000000000000000016
:10FAF0000000000000000000000000000000000006
:10FB000000000000000000000000000000000000F5
:10FB100000000000000000000000000000000000E5
:10FB200000000000000000000000000000000000D5
:10FB300000000000000000000000000000000000C5
:10FB400000000000000000000000000000000000B5
:10FB500000000000000000000000000000000000A5
:10FB60000000000000000000000000000000000095
:10FB70000000000000000000000000000000000085
:10FB80000000000000000000000000000000000075
:10FB90000000000000000000000000000000000065
:10FBA0000000000000000000000000000000000055
:10FBB0000000000000000000000000000000000045
:10FBC0000000000000000000000000000000000035
:10FBD0000000000000000000000000000000000025
:10FBE0000000000000000000000000000000000015
:10FBF0000000000000000000000000000000000005
:10FC000000000000000000000000000000000000F4
:10FC100000000000000000000000000000000000E4
:10FC200000000000000000000000000000000000D4
:10FC300000000000000000000000000000000000C4
:10FC400000000000000000000000000000000000B4
:10FC500000000000000000000000000000000000A4
:10FC60000000000000000000000000000000000094
:10FC70000000000000000000000000000000000084
:10FC80000000000000000000000000000000000074
:10FC90000000000000000000000000000000000064
:10FCA0000000000000000000000000000000000054
:10FCB0000000000000000000000000000000000044
:10FCC0000000000000000000000000000000000034
:10FCD0000000000000000000000000000000000024
:10FCE0000000000000000000000000000000000014
:10FCF0000000000000000000000000000000000004
:10FD000000000000000000000000000000000000F3
:10FD100000000000000000000000000000000000E3
:10FD200000000000000000000000000000000000D3
:10FD300000000000000000000000000000000000C3
:10FD400000000000000000000000000000000000B3
:10FD500000000000000000000000000000000000A3
:10FD60000000000000000000000000000000000093
:10FD70000000000000000000000000000000000083
:10FD80000000000000000000000000000000000073
:10FD90000000000000000000000000000000000063
:10FDA0000000000000000000000000000000000053
:10FDB0000000000000000000000000000000000043
:10FDC0000000000000000000000000000000000033
:10FDD0000000000000000000000000000000000023
:10FDE0000000000000000000000000000000000013
:10FDF0000000000000000000000000000000000003
:10FE000000000000000000000000000000000000F2
:10FE100000000000000000000000000000000000E2
:10FE200000000000000000000000000000000000D2
:10FE300000000000000000000000000000000000C2
:10FE400000000000000000000000000000000000B2
:10FE500000000000000000000000000000000000A2
:10FE60000000000000000000000000000000000092
:10FE70000000000000000000000000000000000082
:10FE80000000000000000000000000000000000072
:10FE90000000000000000000000000000000000062
:10FEA0000000000000000000000000000000000052
:10FEB0000000000000000000000000000000000042
:10FEC0000000000000000000000000000000000032
:10FED0000000000000000000000000000000000022
:10FEE0000000000000000000000000000000000012
:10FEF0000000000000000000000000000000000002
:10FF000000000000000000000000000000000000F1
:10FF100000000000000000000000000000000000E1
:10FF200000000000000000000000000000000000D1
:10FF300000000000000000000000000000000000C1
:10FF400000000000000000000000000000000000B1
:10FF500000000000000000000000000000000000A1
:10FF60000000000000000000000000000000000091
:10FF70000000000000000000000000000000000081
:10FF80000000000000000000000000000000000071
:10FF90000000000000000000000000000000000061
:10FFA0000000000000000000000000000000000051
:10FFB0000000000000000000000000000000000041
:10FFC0000000000000000000000000000000000031
:10FFD0000000000000000000000000000000000021
:10FFE0000000000000000000000000000000000011
:10FFF0000000000000000000000000000000000001
:020000040005F5
:1000000000000000000000000000000000000000F0
:1000100000000000000000000000000000000000E0
:1000200000000000000000000000000000000000D0
:1000300000000000000000000000000000000000C0
:1000400000000000000000000000000000000000B0
:1000500000000000000000000000000000000000A0
:100060000000000000000000000000000000000090
:100070000000000000000000000000000000000080
:100080000000000000000000000000000000000070
:100090000000000000000000000000000000000060
:1000A0000000000000000000000000000000000050
:1000B0000000000000000000000000000000000040
:1000C0000000000000000000000000000000000030
:1000D0000000000000000000000000000000000020
:1000E0000000000000000000000000000000000010
:1000F0000000000000000000000000000000000000
:1001000000000000000000000000000000000000EF
:1001100000000000000000000000000000000000DF
:1001200000000000000000000000000000000000CF
:1001300000000000000000000000000000000000BF
:1001400000000000000000000000000000000000AF
:10015000000000000000000000000000000000009F
:10016000000000000000000000000000000000008F
:10017000000000000000000000000000000000007F
:10018000000000000000000000000000000000006F
:10019000000000000000000000000000000000005F
:1001A000000000000000000000000000000000004F
:1001B000000000000000000000000000000000003F
:1001C000000000000000000000000000000000002F
:1001D000000000000000000000000000000000001F
:1001E000000000000000000000000000000000000F
:1001F00000000000000000000000000000000000FF
:1002000000000000000000000000000000000000EE
:1002100000000000000000000000000000000000DE
:1002200000000000000000000000000000000000CE
:1002300000000000000000000000000000000000BE
:1002400000000000000000000000000000000000AE
:10025000000000000000000000000000000000009E
:10026000000000000000000000000000000000008E
:10027000000000000000000000000000000000007E
:10028000000000000000000000000000000000006E
:10029000000000000000000000000000000000005E
:1002A000000000000000000000000000000000004E
:1002B000000000000000000000000000000000003E
:1002C000000000000000000000000000000000002E
:1002D000000000000000000000000000000000001E
:1002E000000000000000000000000000000000000E
:1002F00000000000000000000000000000000000FE
:1003000000000000000000000000000000000000ED
:1003100000000000000000000000000000000000DD
:1003200000000000000000000000000000000000CD
:1003300000000000000000000000000000000000BD
:1003400000000000000000000000000000000000AD
:10035000000000000000000000000000000000009D
:10036000000000000000000000000000000000008D
:10037000000000000000000000000000000000007D
:10038000000000000000000000000000000000006D
:10039000000000000000000000000000000000005D
:1003A000000000000000000000000000000000004D
:1003B000000000000000000000000000000000003D
:1003C000000000000000000000000000000000002D
:1003D000000000000000000000000000000000001D
:1003E000000000000000000000000000000000000D
:1003F00000000000000000000000000000000000FD
:1004000000000000000000000000000000000000EC
:1004100000000000000000000000000000000000DC
:1004200000000000000000000000000000000000CC
:1004300000000000000000000000000000000000BC
:1004400000000000000000000000000000000000AC
:10045000000000000000000000000000000000009C
:10046000000000000000000000000000000000008C
:10047000000000000000000000000000000000007C
:10048000000000000000000000000000000000006C
:10049000000000000000000000000000000000005C
:1004A000000000000000000000000000000000004C
:1004B000000000000000000000000000000000003C
:1004C000000000000000000000000000000000002C
:1004D000000000000000000000000000000000001C
:1004E000000000000000000000000000000000000C
:1004F00000000000000000000000000000000000FC
:1005000000000000000000000000000000000000EB
:1005100000000000000000000000000000000000DB
:1005200000000000000000000000000000000000CB
:1005300000000000000000000000000000000000BB
:1005400000000000000000000000000000000000AB
:10055000000000000000000000000000000000009B
:10056000000000000000000000000000000000008B
:10057000000000000000000000000000000000007B
:10058000000000000000000000000000000000006B
:10059000000000000000000000000000000000005B
:1005A000000000000000000000000000000000004B
:1005B000000000000000000000000000000000003B
:1005C000000000000000000000000000000000002B
:1005D000000000000000000000000000000000001B
:1005E000000000000000000000000000000000000B
:1005F00000000000000000000000000000000000FB
:1006000000000000000000000000000000000000EA
:1006100000000000000000000000000000000000DA
:1006200000000000000000000000000000000000CA
:1006300000000000000000000000000000000000BA
:1006400000000000000000000000000000000000AA
:10065000000000000000000000000000000000009A
:10066000000000000000000000000000000000008A
:10067000000000000000000000000000000000007A
:10068000000000000000000000000000000000006A
:10069000000000000000000000000000000000005A
:1006A000000000000000000000000000000000004A
:1006B000000000000000000000000000000000003A
:1006C000000000000000000000000000000000002A
:1006D000000000000000000000000000000000001A
:1006E000000000000000000000000000000000000A
:1006F00000000000000000000000000000000000FA
:1007000000000000000000000000000000000000E9
:1007100000000000000000000000000000000000D9
:1007200000000000000000000000000000000000C9
:1007300000000000000000000000000000000000B9
:1007400000000000000000000000000000000000A9
:100750000000000000000000000000000000000099
:100760000000000000000000000000000000000089
:100770000000000000000000000000000000000079
:100780000000000000000000000000000000000069
:100790000000000000000000000000000000000059
:1007A0000000000000000000000000000000000049
:1007B0000000000000000000000000000000000039
:1007C0000000000000000000000000000000000029
:1007D0000000000000000000000000000000000019
:1007E0000000000000000000000000000000000009
:1007F00000000000000000000000000000000000F9
:1008000000000000000000000000000000000000E8
:1008100000000000000000000000000000000000D8
:1008200000000000000000000000000000000000C8
:1008300000000000000000000000000000000000B8
:1008400000000000000000000000000000000000A8
:100850000000000000000000000000000000000098
:100860000000000000000000000000000000000088
:100870000000000000000000000000000000000078
:100880000000000000000000000000000000000068
:100890000000000000000000000000000000000058
:1008A0000000000000000000000000000000000048
:1008B0000000000000000000000000000000000038
:1008C0000000000000000000000000000000000028
:1008D0000000000000000000000000000000000018
:1008E0000000000000000000000000000000000008
:1008F00000000000000000000000000000000000F8
:1009000000000000000000000000000000000000E7
:1009100000000000000000000000000000000000D7
:1009200000000000000000000000000000000000C7
:1009300000000000000000000000000000000000B7
:1009400000000000000000000000000000000000A7
:100950000000000000000000000000000000000097
:100960000000000000000000000000000000000087
:100970000000000000000000000000000000000077
:100980000000000000000000000000000000000067
:100990000000000000000000000000000000000057
:1009A0000000000000000000000000000000000047
:1009B0000000000000000000000000000000000037
:1009C0000000000000000000000000000000000027
:1009D0000000000000000000000000000000000017
:1009E0000000000000000000000000000000000007
:1009F00000000000000000000000000000000000F7
:100A000000000000000000000000000000000000E6
:100A100000000000000000000000000000000000D6
:100A200000000000000000000000000000000000C6
:100A300000000000000000000000000000000000B6
:100A400000000000000000000000000000000000A6
:100A50000000000000000000000000000000000096
:100A60000000000000000000000000000000000086
:100A70000000000000000000000000000000000076
:100A80000000000000000000000000000000000066
:100A90000000000000000000000000000000000056
:100AA0000000000000000000000000000000000046
:100AB0000000000000000000000000000000000036
:100AC0000000000000000000000000000000000026
:100AD0000000000000000000000000000000000016
:100AE0000000000000000000000000000000000006
:100AF00000000000000000000000000000000000F6
:100B000000000000000000000000000000000000E5
:100B100000000000000000000000000000000000D5
:100B200000000000000000000000000000000000C5
:100B300000000000000000000000000000000000B5
:100B400000000000000000000000000000000000A5
:100B50000000000000000000000000000000000095
:100B60000000000000000000000000000000000085
:100B70000000000000000000000000000000000075
:100B80000000000000000000000000000000000065
:100B90000000000000000000000000000000000055
:100BA0000000000000000000000000000000000045
:100BB0000000000000000000000000000000000035
:100BC0000000000000000000000000000000000025
:100BD0000000000000000000000000000000000015
:100BE0000000000000000000000000000000000005
:100BF00000000000000000000000000000000000F5
:100C000000000000000000000000000000000000E4
:100C100000000000000000000000000000000000D4
:100C200000000000000000000000000000000000C4
:100C300000000000000000000000000000000000B4
:100C400000000000000000000000000000000000A4
:100C50000000000000000000000000000000000094
:100C60000000000000000000000000000000000084
:100C70000000000000000000000000000000000074
:100C80000000000000000000000000000000000064
:100C90000000000000000000000000000000000054
:100CA0000000000000000000000000000000000044
:100CB0000000000000000000000000000000000034
:100CC0000000000000000000000000000000000024
:100CD0000000000000000000000000000000000014
:100CE0000000000000000000000000000000000004
:100CF00000000000000000000000000000000000F4
:100D000000000000000000000000000000000000E3
:100D100000000000000000000000000000000000D3
:100D200000000000000000000000000000000000C3
:100D300000000000000000000000000000000000B3
:100D400000000000000000000000000000000000A3
:100D50000000000000000000000000000000000093
:100D60000000000000000000000000000000000083
:100D70000000000000000000000000000000000073
:100D80000000000000000000000000000000000063
:100D90000000000000000000000000000000000053
:100DA0000000000000000000000000000000000043
:100DB0000000000000000000000000000000000033
:100DC0000000000000000000000000000000000023
:100DD0000000000000000000000000000000000013
:100DE0000000000000000000000000000000000003
:100DF00000000000000000000000000000000000F3
:100E000000000000000000000000000000000000E2
:100E100000000000000000000000000000000000D2
:100E200000000000000000000000000000000000C2
:100E300000000000000000000000000000000000B2
:100E400000000000000000000000000000000000A2
:100E50000000000000000000000000000000000092
:100E60000000000000000000000000000000000082
:100E70000000000000000000000000000000000072
:100E80000000000000000000000000000000000062
:100E90000000000000000000000000000000000052
:100EA0000000000000000000000000000000000042
:100EB0000000000000000000000000000000000032
:100EC0000000000000000000000000000000000022
:100ED0000000000000000000000000000000000012
:100EE0000000000000000000000000000000000002
:100EF00000000000000000000000000000000000F2
:100F000000000000000000000000000000000000E1
:100F100000000000000000000000000000000000D1
:100F200000000000000000000000000000000000C1
:100F300000000000000000000000000000000000B1
:100F400000000000000000000000000000000000A1
:100F50000000000000000000000000000000000091
:100F60000000000000000000000000000000000081
:100F70000000000000000000000000000000000071
:100F80000000000000000000000000000000000061
:100F90000000000000000000000000000000000051
:100FA0000000000000000000000000000000000041
:100FB0000000000000000000000000000000000031
:100FC0000000000000000000000000000000000021
:100FD0000000000000000000000000000000000011
:100FE0000000000000000000000000000000000001
:100FF00000000000000000000000000000000000F1
:1010000000000000000000000000000000000000E0
:1010100000000000000000000000000000000000D0
:1010200000000000000000000000000000000000C0
:1010300000000000000000000000000000000000B0
:1010400000000000000000000000000000000000A0
:101050000000000000000000000000000000000090
:101060000000000000000000000000000000000080
:101070000000000000000000000000000000000070
:101080000000000000000000000000000000000060
:101090000000000000000000000000000000000050
:1010A0000000000000000000000000000000000040
:1010B0000000000000000000000000000000000030
:1010C0000000000000000000000000000000000020
:1010D0000000000000000000000000000000000010
:1010E0000000000000000000000000000000000000
:1010F00000000000000000000000000000000000F0
:1011000000000000000000000000000000000000DF
:1011100000000000000000000000000000000000CF
:1011200000000000000000000000000000000000BF
:1011300000000000000000000000000000000000AF
:10114000000000000000000000000000000000009F
:10115000000000000000000000000000000000008F
:10116000000000000000000000000000000000007F
:10117000000000000000000000000000000000006F
:10118000000000000000000000000000000000005F
:10119000000000000000000000000000000000004F
:1011A000000000000000000000000000000000003F
:1011B000000000000000000000000000000000002F
:1011C000000000000000000000000000000000001F
:1011D000000000000000000000000000000000000F
:1011E00000000000000000000000000000000000FF
:1011F00000000000000000000000000000000000EF
:1012000000000000000000000000000000000000DE
:1012100000000000000000000000000000000000CE
:1012200000000000000000000000000000000000BE
:1012300000000000000000000000000000000000AE
:10124000000000000000000000000000000000009E
:10125000000000000000000000000000000000008E
:10126000000000000000000000000000000000007E
:10127000000000000000000000000000000000006E
:10128000000000000000000000000000000000005E
:10129000000000000000000000000000000000004E
:1012A000000000000000000000000000000000003E
:1012B000000000000000000000000000000000002E
:1012C000000000000000000000000000000000001E
:1012D000000000000000000000000000000000000E
:1012E00000000000000000000000000000000000FE
:1012F00000000000000000000000000000000000EE
:1013000000000000000000000000000000000000DD
:1013100000000000000000000000000000000000CD
:1013200000000000000000000000000000000000BD
:1013300000000000000000000000000000000000AD
:10134000000000000000000000000000000000009D
:10135000000000000000000000000000000000008D
:10136000000000000000000000000000000000007D
:10137000000000000000000000000000000000006D
:10138000000000000000000000000000000000005D
:10139000000000000000000000000000000000004D
:1013A000000000000000000000000000000000003D
:1013B000000000000000000000000000000000002D
:1013C000000000000000000000000000000000001D
:1013D000000000000000000000000000000000000D
:1013E00000000000000000000000000000000000FD
:1013F00000000000000000000000000000000000ED
:1014000000000000000000000000000000000000DC
:1014100000000000000000000000000000000000CC
:1014200000000000000000000000000000000000BC
:1014300000000000000000000000000000000000AC
:10144000000000000000000000000000000000009C
:10145000000000000000000000000000000000008C
:10146000000000000000000000000000000000007C
:10147000000000000000000000000000000000006C
:10148000000000000000000000000000000000005C
:10149000000000000000000000000000000000004C
:1014A000000000000000000000000000000000003C
:1014B000000000000000000000000000000000002C
:1014C000000000000000000000000000000000001C
:1014D000000000000000000000000000000000000C
:1014E00000000000000000000000000000000000FC
:1014F00000000000000000000000000000000000EC
:1015000000000000000000000000000000000000DB
:1015100000000000000000000000000000000000CB
:1015200000000000000000000000000000000000BB
:1015300000000000000000000000000000000000AB
:10154000000000000000000000000000000000009B
:10155000000000000000000000000000000000008B
:10156000000000000000000000000000000000007B
:10157000000000000000000000000000000000006B
:10158000000000000000000000000000000000005B
:10159000000000000000000000000000000000004B
:1015A000000000000000000000000000000000003B
:1015B000000000000000000000000000000000002B
:1015C000000000000000000000000000000000001B
:1015D000000000000000000000000000000000000B
:1015E00000000000000000000000000000000000FB
:1015F00000000000000000000000000000000000EB
:1016000000000000000000000000000000000000DA
:1016100000000000000000000000000000000000CA
:1016200000000000000000000000000000000000BA
:1016300000000000000000000000000000000000AA
:10164000000000000000000000000000000000009A
:10165000000000000000000000000000000000008A
:10166000000000000000000000000000000000007A
:10167000000000000000000000000000000000006A
:10168000000000000000000000000000000000005A
:10169000000000000000000000000000000000004A
:1016A000000000000000000000000000000000003A
:1016B000000000000000000000000000000000002A
:1016C000000000000000000000000000000000001A
:1016D000000000000000000000000000000000000A
:1016E00000000000000000000000000000000000FA
:1016F00000000000000000000000000000000000EA
:1017000000000000000000000000000000000000D9
:1017100000000000000000000000000000000000C9
:1017200000000000000000000000000000000000B9
:1017300000000000000000000000000000000000A9
:101740000000000000000000000000000000000099
:101750000000000000000000000000000000000089
:101760000000000000000000000000000000000079
:101770000000000000000000000000000000000069
:101780000000000000000000000000000000000059
:101790000000000000000000000000000000000049
:1017A0000000000000000000000000000000000039
:1017B0000000000000000000000000000000000029
:1017C0000000000000000000000000000000000019
:1017D0000000000000000000000000000000000009
:1017E00000000000000000000000000000000000F9
:1017F00000000000000000000000000000000000E9
:1018000000000000000000000000000000000000D8
:1018100000000000000000000000000000000000C8
:1018200000000000000000000000000000000000B8
:1018300000000000000000000000000000000000A8
:101840000000000000000000000000000000000098
:101850000000000000000000000000000000000088
:101860000000000000000000000000000000000078
:101870000000000000000000000000000000000068
:101880000000000000000000000000000000000058
:101890000000000000000000000000000000000048
:1018A0000000000000000000000000000000000038
:1018B0000000000000000000000000000000000028
:1018C0000000000000000000000000000000000018
:1018D0000000000000000000000000000000000008
:1018E00000000000000000000000000000000000F8
:1018F00000000000000000000000000000000000E8
:1019000000000000000000000000000000000000D7
:1019100000000000000000000000000000000000C7
:1019200000000000000000000000000000000000B7
:1019300000000000000000000000000000000000A7
:101940000000000000000000000000000000000097
:101950000000000000000000000000000000000087
:101960000000000000000000000000000000000077
:101970000000000000000000000000000000000067
:101980000000000000000000000000000000000057
:101990000000000000000000000000000000000047
:1019A0000000000000000000000000000000000037
:1019B0000000000000000000000000000000000027
:1019C0000000000000000000000000000000000017
:1019D0000000000000000000000000000000000007
:1019E00000000000000000000000000000000000F7
:1019F00000000000000000000000000000000000E7
:101A000000000000000000000000000000000000D6
:101A100000000000000000000000000000000000C6
:101A200000000000000000000000000000000000B6
:101A300000000000000000000000000000000000A6
:101A40000000000000000000000000000000000096
:101A50000000000000000000000000000000000086
:101A60000000000000000000000000000000000076
:101A70000000000000000000000000000000000066
:101A80000000000000000000000000000000000056
:101A90000000000000000000000000000000000046
:101AA0000000000000000000000000000000000036
:101AB0000000000000000000000000000000000026
:101AC0000000000000000000000000000000000016
:101AD0000000000000000000000000000000000006
:101AE00000000000000000000000000000000000F6
:101AF00000000000000000000000000000000000E6
:101B000000000000000000000000000000000000D5
:101B100000000000000000000000000000000000C5
:101B200000000000000000000000000000000000B5
:101B300000000000000000000000000000000000A5
:101B40000000000000000000000000000000000095
:101B50000000000000000000000000000000000085
:101B60000000000000000000000000000000000075
:101B70000000000000000000000000000000000065
:101B80000000000000000000000000000000000055
:101B90000000000000000000000000000000000045
:101BA0000000000000000000000000000000000035
:101BB0000000000000000000000000000000000025
:101BC0000000000000000000000000000000000015
:101BD0000000000000000000000000000000000005
:101BE00000000000000000000000000000000000F5
:101BF00000000000000000000000000000000000E5
:101C000000000000000000000000000000000000D4
:101C100000000000000000000000000000000000C4
:101C200000000000000000000000000000000000B4
:101C300000000000000000000000000000000000A4
:101C40000000000000000000000000000000000094
:101C50000000000000000000000000000000000084
:101C60000000000000000000000000000000000074
:101C70000000000000000000000000000000000064
:101C80000000000000000000000000000000000054
:101C90000000000000000000000000000000000044
:101CA0000000000000000000000000000000000034
:101CB0000000000000000000000000000000000024
:101CC0000000000000000000000000000000000014
:101CD0000000000000000000000000000000000004
:101CE00000000000000000000000000000000000F4
:101CF00000000000000000000000000000000000E4
:101D000000000000000000000000000000000000D3
:101D100000000000000000000000000000000000C3
:101D200000000000000000000000000000000000B3
:101D300000000000000000000000000000000000A3
:101D40000000000000000000000000000000000093
:101D50000000000000000000000000000000000083
:101D60000000000000000000000000000000000073
:101D70000000000000000000000000000000000063
:101D80000000000000000000000000000000000053
:101D90000000000000000000000000000000000043
:101DA0000000000000000000000000000000000033
:101DB0000000000000000000000000000000000023
:101DC0000000000000000000000000000000000013
:101DD0000000000000000000000000000000000003
:101DE00000000000000000000000000000000000F3
:101DF00000000000000000000000000000000000E3
:101E000000000000000000000000000000000000D2
:101E100000000000000000000000000000000000C2
:101E200000000000000000000000000000000000B2
:101E300000000000000000000000000000000000A2
:101E40000000000000000000000000000000000092
:101E50000000000000000000000000000000000082
:101E60000000000000000000000000000000000072
:101E70000000000000000000000000000000000062
:101E80000000000000000000000000000000000052
:101E90000000000000000000000000000000000042
:101EA0000000000000000000000000000000000032
:101EB0000000000000000000000000000000000022
:101EC0000000000000000000000000000000000012
:101ED0000000000000000000000000000000000002
:101EE00000000000000000000000000000000000F2
:101EF00000000000000000000000000000000000E2
:101F000000000000000000000000000000000000D1
:101F100000000000000000000000000000000000C1
:101F200000000000000000000000000000000000B1
:101F300000000000000000000000000000000000A1
:101F40000000000000000000000000000000000091
:101F50000000000000000000000000000000000081
:101F60000000000000000000000000000000000071
:101F70000000000000000000000000000000000061
:101F80000000000000000000000000000000000051
:101F90000000000000000000000000000000000041
:101FA0000000000000000000000000000000000031
:101FB0000000000000000000000000000000000021
:101FC0000000000000000000000000000000000011
:101FD0000000000000000000000000000000000001
:101FE00000000000000000000000000000000000F1
:101FF00000000000000000000000000000000000E1
:1020000000000000000000000000000000000000D0
:1020100000000000000000000000000000000000C0
:1020200000000000000000000000000000000000B0
:1020300000000000000000000000000000000000A0
:102040000000000000000000000000000000000090
:102050000000000000000000000000000000000080
:102060000000000000000000000000000000000070
:102070000000000000000000000000000000000060
:102080000000000000000000000000000000000050
:102090000000000000000000000000000000000040
:1020A0000000000000000000000000000000000030
:1020B0000000000000000000000000000000000020
:1020C0000000000000000000000000000000000010
:1020D0000000000000000000000000000000000000
:1020E00000000000000000000000000000000000F0
:1020F00000000000000000000000000000000000E0
:1021000000000000000000000000000000000000CF
:1021100000000000000000000000000000000000BF
:1021200000000000000000000000000000000000AF
:10213000000000000000000000000000000000009F
:10214000000000000000000000000000000000008F
:10215000000000000000000000000000000000007F
:10216000000000000000000000000000000000006F
:10217000000000000000000000000000000000005F
:10218000000000000000000000000000000000004F
:10219000000000000000000000000000000000003F
:1021A000000000000000000000000000000000002F
:1021B000000000000000000000000000000000001F
:1021C000000000000000000000000000000000000F
:1021D00000000000000000000000000000000000FF
:1021E00000000000000000000000000000000000EF
:1021F00000000000000000000000000000000000DF
:1022000000000000000000000000000000000000CE
:1022100000000000000000000000000000000000BE
:1022200000000000000000000000000000000000AE
:10223000000000000000000000000000000000009E
:10224000000000000000000000000000000000008E
:10225000000000000000000000000000000000007E
:10226000000000000000000000000000000000006E
:10227000000000000000000000000000000000005E
:10228000000000000000000000000000000000004E
:10229000000000000000000000000000000000003E
:1022A000000000000000000000000000000000002E
:1022B000000000000000000000000000000000001E
:1022C000000000000000000000000000000000000E
:1022D00000000000000000000000000000000000FE
:1022E00000000000000000000000000000000000EE
:1022F00000000000000000000000000000000000DE
:1023000000000000000000000000000000000000CD
:1023100000000000000000000000000000000000BD
:1023200000000000000000000000000000000000AD
:10233000000000000000000000000000000000009D
:10234000000000000000000000000000000000008D
:10235000000000000000000000000000000000007D
:10236000000000000000000000000000000000006D
:10237000000000000000000000000000000000005D
:10238000000000000000000000000000000000004D
:10239000000000000000000000000000000000003D
:1023A000000000000000000000000000000000002D
:1023B000000000000000000000000000000000001D
:1023C000000000000000000000000000000000000D
:1023D00000000000000000000000000000000000FD
:1023E00000000000000000000000000000000000ED
:1023F00000000000000000000000000000000000DD
:1024000000000000000000000000000000000000CC
:1024100000000000000000000000000000000000BC
:1024200000000000000000000000000000000000AC
:10243000000000000000000000000000000000009C
:10244000000000000000000000000000000000008C
:10245000000000000000000000000000000000007C
:10246000000000000000000000000000000000006C
:10247000000000000000000000000000000000005C
:10248000000000000000000000000000000000004C
:10249000000000000000000000000000000000003C
:1024A000000000000000000000000000000000002C
:1024B000000000000000000000000000000000001C
:1024C000000000000000000000000000000000000C
:1024D00000000000000000000000000000000000FC
:1024E00000000000000000000000000000000000EC
:1024F00000000000000000000000000000000000DC
:1025000000000000000000000000000000000000CB
:1025100000000000000000000000000000000000BB
:1025200000000000000000000000000000000000AB
:10253000000000000000000000000000000000009B
:10254000000000000000000000000000000000008B
:10255000000000000000000000000000000000007B
:10256000000000000000000000000000000000006B
:10257000000000000000000000000000000000005B
:10258000000000000000000000000000000000004B
:10259000000000000000000000000000000000003B
:1025A000000000000000000000000000000000002B
:1025B000000000000000000000000000000000001B
:1025C000000000000000000000000000000000000B
:1025D00000000000000000000000000000000000FB
:1025E00000000000000000000000000000000000EB
:1025F00000000000000000000000000000000000DB
:1026000000000000000000000000000000000000CA
:1026100000000000000000000000000000000000BA
:1026200000000000000000000000000000000000AA
:10263000000000000000000000000000000000009A
:10264000000000000000000000000000000000008A
:10265000000000000000000000000000000000007A
:10266000000000000000000000000000000000006A
:10267000000000000000000000000000000000005A
:10268000000000000000000000000000000000004A
:10269000000000000000000000000000000000003A
:1026A000000000000000000000000000000000002A
:1026B000000000000000000000000000000000001A
:1026C000000000000000000000000000000000000A
:1026D00000000000000000000000000000000000FA
:1026E00000000000000000000000000000000000EA
:1026F00000000000000000000000000000000000DA
:1027000000000000000000000000000000000000C9
:1027100000000000000000000000000000000000B9
:1027200000000000000000000000000000000000A9
:102730000000000000000000000000000000000099
:102740000000000000000000000000000000000089
:102750000000000000000000000000000000000079
:102760000000000000000000000000000000000069
:102770000000000000000000000000000000000059
:102780000000000000000000000000000000000049
:102790000000000000000000000000000000000039
:1027A0000000000000000000000000000000000029
:1027B0000000000000000000000000000000000019
:1027C0000000000000000000000000000000000009
:1027D00000000000000000000000000000000000F9
:1027E00000000000000000000000000000000000E9
:1027F00000000000000000000000000000000000D9
:1028000000000000000000000000000000000000C8
:1028100000000000000000000000000000000000B8
:1028200000000000000000000000000000000000A8
:102830000000000000000000000000000000000098
:102840000000000000000000000000000000000088
:102850000000000000000000000000000000000078
:102860000000000000000000000000000000000068
:102870000000000000000000000000000000000058
:102880000000000000000000000000000000000048
:102890000000000000000000000000000000000038
:1028A0000000000000000000000000000000000028
:1028B0000000000000000000000000000000000018
:1028C0000000000000000000000000000000000008
:1028D00000000000000000000000000000000000F8
:1028E00000000000000000000000000000000000E8
:1028F00000000000000000000000000000000000D8
:1029000000000000000000000000000000000000C7
:1029100000000000000000000000000000000000B7
:1029200000000000000000000000000000000000A7
:102930000000000000000000000000000000000097
:102940000000000000000000000000000000000087
:102950000000000000000000000000000000000077
:102960000000000000000000000000000000000067
:102970000000000000000000000000000000000057
:102980000000000000000000000000000000000047
:102990000000000000000000000000000000000037
:1029A0000000000000000000000000000000000027
:1029B0000000000000000000000000000000000017
:1029C0000000000000000000000000000000000007
:1029D00000000000000000000000000000000000F7
:1029E00000000000000000000000000000000000E7
:1029F00000000000000000000000000000000000D7
:102A000000000000000000000000000000000000C6
:102A100000000000000000000000000000000000B6
:102A200000000000000000000000000000000000A6
:102A30000000000000000000000000000000000096
:102A40000000000000000000000000000000000086
:102A50000000000000000000000000000000000076
:102A60000000000000000000000000000000000066
:102A70000000000000000000000000000000000056
:102A80000000000000000000000000000000000046
:102A90000000000000000000000000000000000036
:102AA0000000000000000000000000000000000026
:102AB0000000000000000000000000000000000016
:102AC0000000000000000000000000000000000006
:102AD00000000000000000000000000000000000F6
:102AE00000000000000000000000000000000000E6
:102AF00000000000000000000000000000000000D6
:102B000000000000000000000000000000000000C5
:102B100000000000000000000000000000000000B5
:102B200000000000000000000000000000000000A5
:102B300001800000008800600180000000880060C3
:102B4000000000000000000001800000008800601C
:102B500001800000008800600180000000880060A3
:102B60000000000000000000000000000000000065
:102B70000000000000000000000000000000000055
:102B80000000000000000000000000000000000045
:102B90000180000000880060E0800000002400D078
:102BA0000000000000000000000000000002011012
:102BB0000001000000000000000000000000000014
:102BC00000000000000201100021000000000000D1
:102BD0000180000000880060018000000088006023
:102BE00000000000000000000000000000000000E5
:102BF00000000000000000000000000000000000D5
:102C000000000000000000000000000000000000C4
:102C100000000000000000000000000000000000B4
:102C200000000000000000000000000000000000A4
:102C300001800000008800600180000000880060C2
:102C400001800000008800600180000000880060B2
:102C500001800000008800600180000000880060A2
:102C60000000000000000000000000000000000064
:102C7000E0C00000002400D0E0C00000002400D02C
:102C80000000000000000000000000000000000044
:102C9000E0C00000002400D0E0C00000002400D00C
:102CA000E0C00000002400D0E0C00000002400D0FC
:102CB0000000000000000000000000000000000014
:102CC0000000000000000000000000000000000004
:102CD00000000000000000000000000000000000F4
:102CE00000000000000000000000000000000000E4
:102CF00000000000000000000000000000000000D4
:102D0000E0C00000002400D0E0C00000002400D09B
:102D1000E0C00000002400D0E0C00000002400D08B
:102D200000000000000000000000000000000000A3
:102D30000000000000000000000000000000000093
:102D40000000000000000000000000000000000083
:102D5000E0C00000002400D0E0C00000002400D04B
:102D6000E0C00000002400D0E0C00000002400D03B
:102D70000000000000000000000000000000000053
:102D80000000000000000000000000000000000043
:102D90000000000000000000000000000000000033
:102DA000E0C00000002400D0E0C00000002400D0FB
:102DB000E0C00000002400D0E0C00000002400D0EB
:102DC0000000000000000000000000000000000003
:102DD00000000000000000000000000000000000F3
:102DE00000000000000000000000000000000000E3
:102DF00000000000000000000000000000000000D3
:102E0000E1C0000000880060E1C0000000880060B0
:102E100001800000008800600180000000880060E0
:102E200001800000008800600180000000880060D0
:102E300001800000008800600180000000880060C0
:102E40000000000000000000000000000000000082
:102E50000000000000000000000000000000000072
:102E60000000000000000000000000000000000062
:102E70000180000000880060018000000088006080
:102E80000000000000000000E0C00000002400D0AE
:102E9000E0C00000002400D0E0C00000002400D00A
:102EA000E0C00000002400D0E1C000000088006005
:102EB000E1C0000000880060E1C000000088006000
:102EC0000000000000000000000000000000000002
:102ED00000000000000000000000000000000000F2
:102EE00000000000000000000000000000000000E2
:102EF00000000000000000000000000000000000D2
:102F000000000000000000000000000000000000C1
:102F100000000000000000000000000000000000B1
:102F2000E1C00000008800600180000000880060AF
:102F300001800000008800600180000000880060BF
:102F40000000000000000000000000000000000081
:102F50000000000000000000000000000000000071
:102F60000000000000000000000000000000000061
:102F7000018000000088006001800000008800607F
:102F8000018000000088006001800000008800606F
:102F90000000000000000000000000000000000031
:102FA0000000000000000000000000000000000021
:102FB0000000000000000000000000000000000011
:102FC0000180000000880060E0C00000002400D004
:102FD000E0800000002400D0018000000088006034
:102FE000018000000088006001800000008800600F
:102FF00001800000008800600180000000880060FF
:10300000E0C00000002400D0E0800000002400D0D8
:1030100001800000008800600180000000880060DE
:1030200000000000000000000000000000000000A0
:103030000000000000000000000000000000000090
:103040000000000000000000000000000000000080
:103050000000000000000000018000000088006007
:10306000018000000088006001800000008800608E
:10307000E0800000002400D00000000000000000FC
:103080000000000000000000000000000000000040
:103090000000000000000000000000000000000030
:1030A0000000000000000000000000000000000020
:1030B0000000000000000000000000000000000010
:1030C0000000000000000000000000000000000000
:1030D000E0C00000002400D00180000000880060F3
:1030E000018000000088006001800000008800600E
:1030F00000000000000000000000000000000000D0
:1031000000000000000000000000000000000000BF
:1031100000000000000000000000000000000000AF
:1031200001800000008800600180000000880060CD
:1031300001800000008800600180000000880060BD
:10314000000000000000000000000000000000007F
:10315000018000000088006001800000008800609D
:10316000018000000088006001800000008800608D
:10317000018000000088006001800000008800607D
:10318000000000000000000000000000000000003F
:10319000000000000000000000000000000000002F
:1031A000000000000000000000000000000000001F
:1031B000000000000000000000000000000000000F
:1031C00000000000000000000000000000000000FF
:1031D00000000000000000000000000000000000EF
:1031E00000000000000000000000000000000000DF
:1031F00000000000000000000000000000000000CF
:10320000000000C42763040004000400040004005C
:10321000040004000400040004000400040004008E
:10322000040004000400040004000400040004007E
:103230000400040004000C8500500C8500C004004C
:103240000400040004000C8500500C8500A00C87CD
:1032500000FF0C8300810C4000F484D70C8500B083
:10326000040004000400040004000400040004003E
:0C3270000400040004000400040004003A
:00000001FF
